,date,price_eur_mwh,predicted_price
0,2024-07-01 00:00:00+00:00,96.87,
1,2024-07-01 01:00:00+00:00,89.15,
2,2024-07-01 02:00:00+00:00,88.2,
3,2024-07-01 03:00:00+00:00,89.26,
4,2024-07-01 04:00:00+00:00,143.3,
5,2024-07-01 05:00:00+00:00,144.83,
6,2024-07-01 06:00:00+00:00,144.57,
7,2024-07-01 07:00:00+00:00,144.05,
8,2024-07-01 08:00:00+00:00,,
9,2024-07-01 09:00:00+00:00,128.54,
10,2024-07-01 10:00:00+00:00,,
11,2024-07-01 11:00:00+00:00,116.76,
12,2024-07-01 12:00:00+00:00,,
13,2024-07-01 13:00:00+00:00,124.11,
14,2024-07-01 14:00:00+00:00,177.04,
15,2024-07-01 15:00:00+00:00,200.9,
16,2024-07-01 16:00:00+00:00,278.07,
17,2024-07-01 17:00:00+00:00,312.92,
18,2024-07-01 18:00:00+00:00,337.16,
19,2024-07-01 19:00:00+00:00,260.69,
20,2024-07-01 20:00:00+00:00,191.17,
21,2024-07-01 21:00:00+00:00,140.19,
22,2024-07-01 22:00:00+00:00,166.91,
23,2024-07-01 23:00:00+00:00,146.41,
24,2024-07-02 00:00:00+00:00,,
25,2024-07-02 01:00:00+00:00,,
26,2024-07-02 02:00:00+00:00,121.81,
27,2024-07-02 03:00:00+00:00,,
28,2024-07-02 04:00:00+00:00,149.61,
29,2024-07-02 05:00:00+00:00,106.69,
30,2024-07-02 06:00:00+00:00,142.06,
31,2024-07-02 07:00:00+00:00,107.38,
32,2024-07-02 08:00:00+00:00,83.6,
33,2024-07-02 09:00:00+00:00,,
34,2024-07-02 10:00:00+00:00,,
35,2024-07-02 11:00:00+00:00,,
36,2024-07-02 12:00:00+00:00,63.97,
37,2024-07-02 13:00:00+00:00,67.6,
38,2024-07-02 14:00:00+00:00,,
39,2024-07-02 15:00:00+00:00,,
40,2024-07-02 16:00:00+00:00,175.34,
41,2024-07-02 17:00:00+00:00,,
42,2024-07-02 18:00:00+00:00,141.38,
43,2024-07-02 19:00:00+00:00,,
44,2024-07-02 20:00:00+00:00,119.66,
45,2024-07-02 21:00:00+00:00,103.64,
46,2024-07-02 22:00:00+00:00,,
47,2024-07-02 23:00:00+00:00,92.41,
48,2024-07-03 00:00:00+00:00,,
49,2024-07-03 01:00:00+00:00,,
50,2024-07-03 02:00:00+00:00,,
51,2024-07-03 03:00:00+00:00,90.11,
52,2024-07-03 04:00:00+00:00,105.57,
53,2024-07-03 05:00:00+00:00,114.23,
54,2024-07-03 06:00:00+00:00,111.91,
55,2024-07-03 07:00:00+00:00,92.97,
56,2024-07-03 08:00:00+00:00,87.68,
57,2024-07-03 09:00:00+00:00,98.19,
58,2024-07-03 10:00:00+00:00,,
59,2024-07-03 11:00:00+00:00,,
60,2024-07-03 12:00:00+00:00,88.83,
61,2024-07-03 13:00:00+00:00,,
62,2024-07-03 14:00:00+00:00,,
63,2024-07-03 15:00:00+00:00,,
64,2024-07-03 16:00:00+00:00,159.71,
65,2024-07-03 17:00:00+00:00,190.0,
66,2024-07-03 18:00:00+00:00,224.96,
67,2024-07-03 19:00:00+00:00,185.92,
68,2024-07-03 20:00:00+00:00,166.47,
69,2024-07-03 21:00:00+00:00,116.28,
70,2024-07-03 22:00:00+00:00,124.26,
71,2024-07-03 23:00:00+00:00,114.7,
72,2024-07-04 00:00:00+00:00,,
73,2024-07-04 01:00:00+00:00,,
74,2024-07-04 02:00:00+00:00,,
75,2024-07-04 03:00:00+00:00,104.5,
76,2024-07-04 04:00:00+00:00,143.15,
77,2024-07-04 05:00:00+00:00,121.28,
78,2024-07-04 06:00:00+00:00,114.44,
79,2024-07-04 07:00:00+00:00,84.09,
80,2024-07-04 08:00:00+00:00,64.0,
81,2024-07-04 09:00:00+00:00,,
82,2024-07-04 10:00:00+00:00,,
83,2024-07-04 11:00:00+00:00,,
84,2024-07-04 12:00:00+00:00,71.69,
85,2024-07-04 13:00:00+00:00,,
86,2024-07-04 14:00:00+00:00,81.87,
87,2024-07-04 15:00:00+00:00,107.8,
88,2024-07-04 16:00:00+00:00,165.22,
89,2024-07-04 17:00:00+00:00,197.48,
90,2024-07-04 18:00:00+00:00,186.79,
91,2024-07-04 19:00:00+00:00,142.18,
92,2024-07-04 20:00:00+00:00,,
93,2024-07-04 21:00:00+00:00,,
94,2024-07-04 22:00:00+00:00,121.58,
95,2024-07-04 23:00:00+00:00,,
96,2024-07-05 00:00:00+00:00,,
97,2024-07-05 01:00:00+00:00,,
98,2024-07-05 02:00:00+00:00,,
99,2024-07-05 03:00:00+00:00,,
100,2024-07-05 04:00:00+00:00,122.5,
101,2024-07-05 05:00:00+00:00,110.54,
102,2024-07-05 06:00:00+00:00,,
103,2024-07-05 07:00:00+00:00,35.65,
104,2024-07-05 08:00:00+00:00,2.3,
105,2024-07-05 09:00:00+00:00,,
106,2024-07-05 10:00:00+00:00,,
107,2024-07-05 11:00:00+00:00,-2.93,
108,2024-07-05 12:00:00+00:00,-0.77,
109,2024-07-05 13:00:00+00:00,46.78,
110,2024-07-05 14:00:00+00:00,,
111,2024-07-05 15:00:00+00:00,,
112,2024-07-05 16:00:00+00:00,136.73,
113,2024-07-05 17:00:00+00:00,131.28,
114,2024-07-05 18:00:00+00:00,179.14,
115,2024-07-05 19:00:00+00:00,151.69,
116,2024-07-05 20:00:00+00:00,120.42,
117,2024-07-05 21:00:00+00:00,,
118,2024-07-05 22:00:00+00:00,112.36,
119,2024-07-05 23:00:00+00:00,,
120,2024-07-06 00:00:00+00:00,89.74,
121,2024-07-06 01:00:00+00:00,,
122,2024-07-06 02:00:00+00:00,90.97,
123,2024-07-06 03:00:00+00:00,96.92,
124,2024-07-06 04:00:00+00:00,97.35,
125,2024-07-06 05:00:00+00:00,98.85,
126,2024-07-06 06:00:00+00:00,,
127,2024-07-06 07:00:00+00:00,23.34,
128,2024-07-06 08:00:00+00:00,-2.08,
129,2024-07-06 09:00:00+00:00,-12.23,
130,2024-07-06 10:00:00+00:00,-23.24,
131,2024-07-06 11:00:00+00:00,,
132,2024-07-06 12:00:00+00:00,-26.29,
133,2024-07-06 13:00:00+00:00,-11.7,
134,2024-07-06 14:00:00+00:00,,
135,2024-07-06 15:00:00+00:00,63.3,
136,2024-07-06 16:00:00+00:00,111.16,
137,2024-07-06 17:00:00+00:00,102.85,
138,2024-07-06 18:00:00+00:00,,
139,2024-07-06 19:00:00+00:00,125.25,
140,2024-07-06 20:00:00+00:00,123.62,
141,2024-07-06 21:00:00+00:00,,
142,2024-07-06 22:00:00+00:00,,
143,2024-07-06 23:00:00+00:00,,
144,2024-07-07 00:00:00+00:00,,
145,2024-07-07 01:00:00+00:00,,
146,2024-07-07 02:00:00+00:00,69.89,
147,2024-07-07 03:00:00+00:00,,
148,2024-07-07 04:00:00+00:00,,
149,2024-07-07 05:00:00+00:00,60.64,
150,2024-07-07 06:00:00+00:00,34.82,
151,2024-07-07 07:00:00+00:00,,
152,2024-07-07 08:00:00+00:00,-7.94,
153,2024-07-07 09:00:00+00:00,-11.51,
154,2024-07-07 10:00:00+00:00,-1.98,
155,2024-07-07 11:00:00+00:00,2.5,
156,2024-07-07 12:00:00+00:00,48.91,
157,2024-07-07 13:00:00+00:00,,
158,2024-07-07 14:00:00+00:00,,
159,2024-07-07 15:00:00+00:00,120.53,
160,2024-07-07 16:00:00+00:00,131.05,
161,2024-07-07 17:00:00+00:00,155.05,
162,2024-07-07 18:00:00+00:00,159.88,
163,2024-07-07 19:00:00+00:00,159.3,
164,2024-07-07 20:00:00+00:00,,
165,2024-07-07 21:00:00+00:00,,
166,2024-07-07 22:00:00+00:00,86.59,
167,2024-07-07 23:00:00+00:00,,
168,2024-07-08 00:00:00+00:00,79.66,
169,2024-07-08 01:00:00+00:00,,
170,2024-07-08 02:00:00+00:00,,
171,2024-07-08 03:00:00+00:00,,
172,2024-07-08 04:00:00+00:00,124.29,
173,2024-07-08 05:00:00+00:00,129.78,
174,2024-07-08 06:00:00+00:00,114.31,
175,2024-07-08 07:00:00+00:00,,
176,2024-07-08 08:00:00+00:00,,
177,2024-07-08 09:00:00+00:00,,
178,2024-07-08 10:00:00+00:00,,
179,2024-07-08 11:00:00+00:00,,
180,2024-07-08 12:00:00+00:00,84.06,
181,2024-07-08 13:00:00+00:00,,
182,2024-07-08 14:00:00+00:00,98.74,
183,2024-07-08 15:00:00+00:00,105.24,
184,2024-07-08 16:00:00+00:00,165.77,
185,2024-07-08 17:00:00+00:00,229.78,
186,2024-07-08 18:00:00+00:00,328.89,
187,2024-07-08 19:00:00+00:00,261.46,
188,2024-07-08 20:00:00+00:00,175.24,
189,2024-07-08 21:00:00+00:00,119.06,
190,2024-07-08 22:00:00+00:00,122.71,
191,2024-07-08 23:00:00+00:00,101.48,
192,2024-07-09 00:00:00+00:00,95.22,
193,2024-07-09 01:00:00+00:00,,
194,2024-07-09 02:00:00+00:00,88.22,
195,2024-07-09 03:00:00+00:00,95.53,
196,2024-07-09 04:00:00+00:00,,
197,2024-07-09 05:00:00+00:00,,
198,2024-07-09 06:00:00+00:00,135.12,
199,2024-07-09 07:00:00+00:00,,
200,2024-07-09 08:00:00+00:00,58.44,
201,2024-07-09 09:00:00+00:00,70.36,
202,2024-07-09 10:00:00+00:00,58.65,
203,2024-07-09 11:00:00+00:00,,
204,2024-07-09 12:00:00+00:00,72.63,
205,2024-07-09 13:00:00+00:00,85.92,
206,2024-07-09 14:00:00+00:00,,
207,2024-07-09 15:00:00+00:00,105.29,
208,2024-07-09 16:00:00+00:00,143.61,
209,2024-07-09 17:00:00+00:00,226.67,
210,2024-07-09 18:00:00+00:00,237.78,
211,2024-07-09 19:00:00+00:00,163.57,
212,2024-07-09 20:00:00+00:00,132.7,
213,2024-07-09 21:00:00+00:00,,
214,2024-07-09 22:00:00+00:00,,
215,2024-07-09 23:00:00+00:00,,
216,2024-07-10 00:00:00+00:00,,
217,2024-07-10 01:00:00+00:00,,
218,2024-07-10 02:00:00+00:00,,
219,2024-07-10 03:00:00+00:00,,
220,2024-07-10 04:00:00+00:00,,
221,2024-07-10 05:00:00+00:00,106.43,
222,2024-07-10 06:00:00+00:00,102.01,
223,2024-07-10 07:00:00+00:00,,
224,2024-07-10 08:00:00+00:00,65.0,
225,2024-07-10 09:00:00+00:00,,
226,2024-07-10 10:00:00+00:00,,
227,2024-07-10 11:00:00+00:00,33.85,
228,2024-07-10 12:00:00+00:00,45.2,
229,2024-07-10 13:00:00+00:00,,
230,2024-07-10 14:00:00+00:00,,
231,2024-07-10 15:00:00+00:00,,
232,2024-07-10 16:00:00+00:00,157.27,
233,2024-07-10 17:00:00+00:00,242.76,
234,2024-07-10 18:00:00+00:00,275.0,
235,2024-07-10 19:00:00+00:00,245.02,
236,2024-07-10 20:00:00+00:00,162.71,
237,2024-07-10 21:00:00+00:00,135.53,
238,2024-07-10 22:00:00+00:00,122.63,
239,2024-07-10 23:00:00+00:00,101.93,
240,2024-07-11 00:00:00+00:00,,
241,2024-07-11 01:00:00+00:00,,
242,2024-07-11 02:00:00+00:00,,
243,2024-07-11 03:00:00+00:00,,
244,2024-07-11 04:00:00+00:00,127.16,
245,2024-07-11 05:00:00+00:00,120.23,
246,2024-07-11 06:00:00+00:00,108.9,
247,2024-07-11 07:00:00+00:00,123.37,
248,2024-07-11 08:00:00+00:00,124.04,
249,2024-07-11 09:00:00+00:00,124.21,
250,2024-07-11 10:00:00+00:00,129.33,
251,2024-07-11 11:00:00+00:00,122.16,
252,2024-07-11 12:00:00+00:00,113.06,
253,2024-07-11 13:00:00+00:00,118.78,
254,2024-07-11 14:00:00+00:00,95.41,
255,2024-07-11 15:00:00+00:00,129.32,
256,2024-07-11 16:00:00+00:00,218.87,
257,2024-07-11 17:00:00+00:00,285.73,
258,2024-07-11 18:00:00+00:00,341.61,
259,2024-07-11 19:00:00+00:00,300.99,
260,2024-07-11 20:00:00+00:00,204.58,
261,2024-07-11 21:00:00+00:00,180.73,
262,2024-07-11 22:00:00+00:00,142.2,
263,2024-07-11 23:00:00+00:00,107.42,
264,2024-07-12 00:00:00+00:00,,
265,2024-07-12 01:00:00+00:00,,
266,2024-07-12 02:00:00+00:00,,
267,2024-07-12 03:00:00+00:00,100.34,
268,2024-07-12 04:00:00+00:00,138.81,
269,2024-07-12 05:00:00+00:00,157.28,
270,2024-07-12 06:00:00+00:00,121.29,
271,2024-07-12 07:00:00+00:00,121.41,
272,2024-07-12 08:00:00+00:00,96.48,
273,2024-07-12 09:00:00+00:00,,
274,2024-07-12 10:00:00+00:00,,
275,2024-07-12 11:00:00+00:00,91.05,
276,2024-07-12 12:00:00+00:00,,
277,2024-07-12 13:00:00+00:00,111.21,
278,2024-07-12 14:00:00+00:00,,
279,2024-07-12 15:00:00+00:00,128.68,
280,2024-07-12 16:00:00+00:00,211.16,
281,2024-07-12 17:00:00+00:00,251.99,
282,2024-07-12 18:00:00+00:00,252.58,
283,2024-07-12 19:00:00+00:00,212.11,
284,2024-07-12 20:00:00+00:00,140.77,
285,2024-07-12 21:00:00+00:00,,
286,2024-07-12 22:00:00+00:00,133.0,
287,2024-07-12 23:00:00+00:00,113.96,
288,2024-07-13 00:00:00+00:00,110.44,
289,2024-07-13 01:00:00+00:00,109.31,
290,2024-07-13 02:00:00+00:00,96.19,
291,2024-07-13 03:00:00+00:00,103.74,
292,2024-07-13 04:00:00+00:00,119.55,
293,2024-07-13 05:00:00+00:00,,
294,2024-07-13 06:00:00+00:00,,
295,2024-07-13 07:00:00+00:00,23.68,
296,2024-07-13 08:00:00+00:00,5.17,
297,2024-07-13 09:00:00+00:00,0.36,
298,2024-07-13 10:00:00+00:00,0.46,
299,2024-07-13 11:00:00+00:00,-4.12,
300,2024-07-13 12:00:00+00:00,-12.13,
301,2024-07-13 13:00:00+00:00,,
302,2024-07-13 14:00:00+00:00,14.18,
303,2024-07-13 15:00:00+00:00,82.06,
304,2024-07-13 16:00:00+00:00,157.58,
305,2024-07-13 17:00:00+00:00,181.4,
306,2024-07-13 18:00:00+00:00,213.65,
307,2024-07-13 19:00:00+00:00,209.73,
308,2024-07-13 20:00:00+00:00,162.0,
309,2024-07-13 21:00:00+00:00,126.78,
310,2024-07-13 22:00:00+00:00,117.52,
311,2024-07-13 23:00:00+00:00,113.61,
312,2024-07-14 00:00:00+00:00,105.75,
313,2024-07-14 01:00:00+00:00,111.32,
314,2024-07-14 02:00:00+00:00,,
315,2024-07-14 03:00:00+00:00,,
316,2024-07-14 04:00:00+00:00,,
317,2024-07-14 05:00:00+00:00,,
318,2024-07-14 06:00:00+00:00,,
319,2024-07-14 07:00:00+00:00,,
320,2024-07-14 08:00:00+00:00,46.18,
321,2024-07-14 09:00:00+00:00,30.52,
322,2024-07-14 10:00:00+00:00,32.83,
323,2024-07-14 11:00:00+00:00,24.69,
324,2024-07-14 12:00:00+00:00,8.64,
325,2024-07-14 13:00:00+00:00,12.78,
326,2024-07-14 14:00:00+00:00,,
327,2024-07-14 15:00:00+00:00,,
328,2024-07-14 16:00:00+00:00,129.06,
329,2024-07-14 17:00:00+00:00,192.2,
330,2024-07-14 18:00:00+00:00,206.73,
331,2024-07-14 19:00:00+00:00,205.4,
332,2024-07-14 20:00:00+00:00,137.05,
333,2024-07-14 21:00:00+00:00,106.77,
334,2024-07-14 22:00:00+00:00,,
335,2024-07-14 23:00:00+00:00,84.75,
336,2024-07-15 00:00:00+00:00,,
337,2024-07-15 01:00:00+00:00,,
338,2024-07-15 02:00:00+00:00,80.9,
339,2024-07-15 03:00:00+00:00,94.7,
340,2024-07-15 04:00:00+00:00,138.52,
341,2024-07-15 05:00:00+00:00,154.55,
342,2024-07-15 06:00:00+00:00,,
343,2024-07-15 07:00:00+00:00,,
344,2024-07-15 08:00:00+00:00,58.87,
345,2024-07-15 09:00:00+00:00,,
346,2024-07-15 10:00:00+00:00,,
347,2024-07-15 11:00:00+00:00,,
348,2024-07-15 12:00:00+00:00,,
349,2024-07-15 13:00:00+00:00,,
350,2024-07-15 14:00:00+00:00,109.61,
351,2024-07-15 15:00:00+00:00,160.02,
352,2024-07-15 16:00:00+00:00,245.6,
353,2024-07-15 17:00:00+00:00,375.46,
354,2024-07-15 18:00:00+00:00,411.78,
355,2024-07-15 19:00:00+00:00,334.5,
356,2024-07-15 20:00:00+00:00,209.88,
357,2024-07-15 21:00:00+00:00,126.34,
358,2024-07-15 22:00:00+00:00,117.63,
359,2024-07-15 23:00:00+00:00,97.84,
360,2024-07-16 00:00:00+00:00,,
361,2024-07-16 01:00:00+00:00,90.43,
362,2024-07-16 02:00:00+00:00,,
363,2024-07-16 03:00:00+00:00,,
364,2024-07-16 04:00:00+00:00,122.65,
365,2024-07-16 05:00:00+00:00,121.79,
366,2024-07-16 06:00:00+00:00,107.34,
367,2024-07-16 07:00:00+00:00,81.84,
368,2024-07-16 08:00:00+00:00,76.3,
369,2024-07-16 09:00:00+00:00,,
370,2024-07-16 10:00:00+00:00,102.7,
371,2024-07-16 11:00:00+00:00,110.1,
372,2024-07-16 12:00:00+00:00,117.35,
373,2024-07-16 13:00:00+00:00,,
374,2024-07-16 14:00:00+00:00,145.6,
375,2024-07-16 15:00:00+00:00,301.31,
376,2024-07-16 16:00:00+00:00,282.34,
377,2024-07-16 17:00:00+00:00,397.56,
378,2024-07-16 18:00:00+00:00,435.06,
379,2024-07-16 19:00:00+00:00,370.55,
380,2024-07-16 20:00:00+00:00,208.67,
381,2024-07-16 21:00:00+00:00,125.45,
382,2024-07-16 22:00:00+00:00,116.17,
383,2024-07-16 23:00:00+00:00,,
384,2024-07-17 00:00:00+00:00,84.44,
385,2024-07-17 01:00:00+00:00,83.07,
386,2024-07-17 02:00:00+00:00,87.03,
387,2024-07-17 03:00:00+00:00,,
388,2024-07-17 04:00:00+00:00,133.74,
389,2024-07-17 05:00:00+00:00,,
390,2024-07-17 06:00:00+00:00,,
391,2024-07-17 07:00:00+00:00,82.14,
392,2024-07-17 08:00:00+00:00,,
393,2024-07-17 09:00:00+00:00,56.97,
394,2024-07-17 10:00:00+00:00,66.82,
395,2024-07-17 11:00:00+00:00,,
396,2024-07-17 12:00:00+00:00,76.2,
397,2024-07-17 13:00:00+00:00,77.37,
398,2024-07-17 14:00:00+00:00,,
399,2024-07-17 15:00:00+00:00,124.53,
400,2024-07-17 16:00:00+00:00,252.19,
401,2024-07-17 17:00:00+00:00,407.67,
402,2024-07-17 18:00:00+00:00,479.44,
403,2024-07-17 19:00:00+00:00,422.21,
404,2024-07-17 20:00:00+00:00,244.68,
405,2024-07-17 21:00:00+00:00,165.91,
406,2024-07-17 22:00:00+00:00,,
407,2024-07-17 23:00:00+00:00,98.33,
408,2024-07-18 00:00:00+00:00,89.1,
409,2024-07-18 01:00:00+00:00,,
410,2024-07-18 02:00:00+00:00,,
411,2024-07-18 03:00:00+00:00,101.89,
412,2024-07-18 04:00:00+00:00,127.07,
413,2024-07-18 05:00:00+00:00,117.62,
414,2024-07-18 06:00:00+00:00,,
415,2024-07-18 07:00:00+00:00,78.97,
416,2024-07-18 08:00:00+00:00,60.78,
417,2024-07-18 09:00:00+00:00,48.44,
418,2024-07-18 10:00:00+00:00,41.42,
419,2024-07-18 11:00:00+00:00,40.3,
420,2024-07-18 12:00:00+00:00,39.71,
421,2024-07-18 13:00:00+00:00,65.34,
422,2024-07-18 14:00:00+00:00,,
423,2024-07-18 15:00:00+00:00,82.93,
424,2024-07-18 16:00:00+00:00,177.11,
425,2024-07-18 17:00:00+00:00,396.05,
426,2024-07-18 18:00:00+00:00,524.85,
427,2024-07-18 19:00:00+00:00,382.31,
428,2024-07-18 20:00:00+00:00,244.64,
429,2024-07-18 21:00:00+00:00,112.97,
430,2024-07-18 22:00:00+00:00,121.01,
431,2024-07-18 23:00:00+00:00,95.56,
432,2024-07-19 00:00:00+00:00,92.75,
433,2024-07-19 01:00:00+00:00,94.42,
434,2024-07-19 02:00:00+00:00,90.3,
435,2024-07-19 03:00:00+00:00,94.22,
436,2024-07-19 04:00:00+00:00,,
437,2024-07-19 05:00:00+00:00,,
438,2024-07-19 06:00:00+00:00,98.4,
439,2024-07-19 07:00:00+00:00,81.43,
440,2024-07-19 08:00:00+00:00,,
441,2024-07-19 09:00:00+00:00,,
442,2024-07-19 10:00:00+00:00,51.86,
443,2024-07-19 11:00:00+00:00,52.71,
444,2024-07-19 12:00:00+00:00,55.7,
445,2024-07-19 13:00:00+00:00,,
446,2024-07-19 14:00:00+00:00,75.76,
447,2024-07-19 15:00:00+00:00,97.52,
448,2024-07-19 16:00:00+00:00,148.27,
449,2024-07-19 17:00:00+00:00,315.05,
450,2024-07-19 18:00:00+00:00,372.22,
451,2024-07-19 19:00:00+00:00,223.78,
452,2024-07-19 20:00:00+00:00,123.11,
453,2024-07-19 21:00:00+00:00,101.28,
454,2024-07-19 22:00:00+00:00,103.4,
455,2024-07-19 23:00:00+00:00,102.0,
456,2024-07-20 00:00:00+00:00,,
457,2024-07-20 01:00:00+00:00,,
458,2024-07-20 02:00:00+00:00,,
459,2024-07-20 03:00:00+00:00,,
460,2024-07-20 04:00:00+00:00,,
461,2024-07-20 05:00:00+00:00,,
462,2024-07-20 06:00:00+00:00,83.81,
463,2024-07-20 07:00:00+00:00,49.72,
464,2024-07-20 08:00:00+00:00,15.9,
465,2024-07-20 09:00:00+00:00,10.91,
466,2024-07-20 10:00:00+00:00,15.76,
467,2024-07-20 11:00:00+00:00,23.24,
468,2024-07-20 12:00:00+00:00,24.67,
469,2024-07-20 13:00:00+00:00,,
470,2024-07-20 14:00:00+00:00,,
471,2024-07-20 15:00:00+00:00,97.81,
472,2024-07-20 16:00:00+00:00,120.01,
473,2024-07-20 17:00:00+00:00,181.66,
474,2024-07-20 18:00:00+00:00,236.8,
475,2024-07-20 19:00:00+00:00,180.02,
476,2024-07-20 20:00:00+00:00,114.79,
477,2024-07-20 21:00:00+00:00,,
478,2024-07-20 22:00:00+00:00,105.2,
479,2024-07-20 23:00:00+00:00,,
480,2024-07-21 00:00:00+00:00,84.77,
481,2024-07-21 01:00:00+00:00,,
482,2024-07-21 02:00:00+00:00,,
483,2024-07-21 03:00:00+00:00,,
484,2024-07-21 04:00:00+00:00,,
485,2024-07-21 05:00:00+00:00,,
486,2024-07-21 06:00:00+00:00,48.97,
487,2024-07-21 07:00:00+00:00,12.52,
488,2024-07-21 08:00:00+00:00,2.1,
489,2024-07-21 09:00:00+00:00,1.36,
490,2024-07-21 10:00:00+00:00,1.21,
491,2024-07-21 11:00:00+00:00,1.65,
492,2024-07-21 12:00:00+00:00,2.94,
493,2024-07-21 13:00:00+00:00,3.91,
494,2024-07-21 14:00:00+00:00,22.96,
495,2024-07-21 15:00:00+00:00,,
496,2024-07-21 16:00:00+00:00,102.71,
497,2024-07-21 17:00:00+00:00,131.27,
498,2024-07-21 18:00:00+00:00,167.54,
499,2024-07-21 19:00:00+00:00,151.74,
500,2024-07-21 20:00:00+00:00,,
501,2024-07-21 21:00:00+00:00,100.78,
502,2024-07-21 22:00:00+00:00,,
503,2024-07-21 23:00:00+00:00,,
504,2024-07-22 00:00:00+00:00,,
505,2024-07-22 01:00:00+00:00,,
506,2024-07-22 02:00:00+00:00,91.11,
507,2024-07-22 03:00:00+00:00,,
508,2024-07-22 04:00:00+00:00,129.31,
509,2024-07-22 05:00:00+00:00,130.85,
510,2024-07-22 06:00:00+00:00,121.69,
511,2024-07-22 07:00:00+00:00,,
512,2024-07-22 08:00:00+00:00,,
513,2024-07-22 09:00:00+00:00,77.28,
514,2024-07-22 10:00:00+00:00,,
515,2024-07-22 11:00:00+00:00,,
516,2024-07-22 12:00:00+00:00,,
517,2024-07-22 13:00:00+00:00,107.67,
518,2024-07-22 14:00:00+00:00,94.87,
519,2024-07-22 15:00:00+00:00,131.98,
520,2024-07-22 16:00:00+00:00,156.45,
521,2024-07-22 17:00:00+00:00,,
522,2024-07-22 18:00:00+00:00,273.69,
523,2024-07-22 19:00:00+00:00,167.16,
524,2024-07-22 20:00:00+00:00,,
525,2024-07-22 21:00:00+00:00,91.56,
526,2024-07-22 22:00:00+00:00,,
527,2024-07-22 23:00:00+00:00,86.11,
528,2024-07-23 00:00:00+00:00,84.99,
529,2024-07-23 01:00:00+00:00,84.86,
530,2024-07-23 02:00:00+00:00,84.51,
531,2024-07-23 03:00:00+00:00,,
532,2024-07-23 04:00:00+00:00,108.92,
533,2024-07-23 05:00:00+00:00,126.61,
534,2024-07-23 06:00:00+00:00,116.95,
535,2024-07-23 07:00:00+00:00,107.81,
536,2024-07-23 08:00:00+00:00,,
537,2024-07-23 09:00:00+00:00,87.58,
538,2024-07-23 10:00:00+00:00,,
539,2024-07-23 11:00:00+00:00,87.74,
540,2024-07-23 12:00:00+00:00,,
541,2024-07-23 13:00:00+00:00,,
542,2024-07-23 14:00:00+00:00,103.05,
543,2024-07-23 15:00:00+00:00,120.26,
544,2024-07-23 16:00:00+00:00,186.87,
545,2024-07-23 17:00:00+00:00,245.57,
546,2024-07-23 18:00:00+00:00,305.72,
547,2024-07-23 19:00:00+00:00,233.08,
548,2024-07-23 20:00:00+00:00,149.45,
549,2024-07-23 21:00:00+00:00,96.91,
550,2024-07-23 22:00:00+00:00,90.21,
551,2024-07-23 23:00:00+00:00,82.72,
552,2024-07-24 00:00:00+00:00,,
553,2024-07-24 01:00:00+00:00,,
554,2024-07-24 02:00:00+00:00,,
555,2024-07-24 03:00:00+00:00,91.23,
556,2024-07-24 04:00:00+00:00,126.08,
557,2024-07-24 05:00:00+00:00,137.87,
558,2024-07-24 06:00:00+00:00,119.94,
559,2024-07-24 07:00:00+00:00,110.68,
560,2024-07-24 08:00:00+00:00,,
561,2024-07-24 09:00:00+00:00,,
562,2024-07-24 10:00:00+00:00,,
563,2024-07-24 11:00:00+00:00,118.02,
564,2024-07-24 12:00:00+00:00,,
565,2024-07-24 13:00:00+00:00,,
566,2024-07-24 14:00:00+00:00,107.3,
567,2024-07-24 15:00:00+00:00,113.38,
568,2024-07-24 16:00:00+00:00,,
569,2024-07-24 17:00:00+00:00,153.09,
570,2024-07-24 18:00:00+00:00,160.04,
571,2024-07-24 19:00:00+00:00,137.06,
572,2024-07-24 20:00:00+00:00,131.81,
573,2024-07-24 21:00:00+00:00,,
574,2024-07-24 22:00:00+00:00,,
575,2024-07-24 23:00:00+00:00,,
576,2024-07-25 00:00:00+00:00,,
577,2024-07-25 01:00:00+00:00,,
578,2024-07-25 02:00:00+00:00,,
579,2024-07-25 03:00:00+00:00,,
580,2024-07-25 04:00:00+00:00,160.18,
581,2024-07-25 05:00:00+00:00,230.58,
582,2024-07-25 06:00:00+00:00,144.17,
583,2024-07-25 07:00:00+00:00,107.35,
584,2024-07-25 08:00:00+00:00,,
585,2024-07-25 09:00:00+00:00,78.3,
586,2024-07-25 10:00:00+00:00,,
587,2024-07-25 11:00:00+00:00,78.67,
588,2024-07-25 12:00:00+00:00,,
589,2024-07-25 13:00:00+00:00,,
590,2024-07-25 14:00:00+00:00,106.28,
591,2024-07-25 15:00:00+00:00,133.24,
592,2024-07-25 16:00:00+00:00,157.81,
593,2024-07-25 17:00:00+00:00,216.11,
594,2024-07-25 18:00:00+00:00,268.67,
595,2024-07-25 19:00:00+00:00,238.1,
596,2024-07-25 20:00:00+00:00,179.57,
597,2024-07-25 21:00:00+00:00,137.38,
598,2024-07-25 22:00:00+00:00,119.8,
599,2024-07-25 23:00:00+00:00,100.92,
600,2024-07-26 00:00:00+00:00,,
601,2024-07-26 01:00:00+00:00,,
602,2024-07-26 02:00:00+00:00,93.97,
603,2024-07-26 03:00:00+00:00,,
604,2024-07-26 04:00:00+00:00,,
605,2024-07-26 05:00:00+00:00,119.96,
606,2024-07-26 06:00:00+00:00,,
607,2024-07-26 07:00:00+00:00,96.83,
608,2024-07-26 08:00:00+00:00,,
609,2024-07-26 09:00:00+00:00,,
610,2024-07-26 10:00:00+00:00,,
611,2024-07-26 11:00:00+00:00,,
612,2024-07-26 12:00:00+00:00,83.88,
613,2024-07-26 13:00:00+00:00,101.24,
614,2024-07-26 14:00:00+00:00,109.58,
615,2024-07-26 15:00:00+00:00,,
616,2024-07-26 16:00:00+00:00,,
617,2024-07-26 17:00:00+00:00,157.4,
618,2024-07-26 18:00:00+00:00,187.82,
619,2024-07-26 19:00:00+00:00,140.08,
620,2024-07-26 20:00:00+00:00,113.81,
621,2024-07-26 21:00:00+00:00,,
622,2024-07-26 22:00:00+00:00,,
623,2024-07-26 23:00:00+00:00,104.51,
624,2024-07-27 00:00:00+00:00,99.48,
625,2024-07-27 01:00:00+00:00,96.43,
626,2024-07-27 02:00:00+00:00,95.89,
627,2024-07-27 03:00:00+00:00,92.37,
628,2024-07-27 04:00:00+00:00,99.56,
629,2024-07-27 05:00:00+00:00,,
630,2024-07-27 06:00:00+00:00,,
631,2024-07-27 07:00:00+00:00,,
632,2024-07-27 08:00:00+00:00,77.19,
633,2024-07-27 09:00:00+00:00,,
634,2024-07-27 10:00:00+00:00,,
635,2024-07-27 11:00:00+00:00,,
636,2024-07-27 12:00:00+00:00,87.24,
637,2024-07-27 13:00:00+00:00,103.52,
638,2024-07-27 14:00:00+00:00,,
639,2024-07-27 15:00:00+00:00,97.73,
640,2024-07-27 16:00:00+00:00,114.32,
641,2024-07-27 17:00:00+00:00,136.64,
642,2024-07-27 18:00:00+00:00,146.75,
643,2024-07-27 19:00:00+00:00,139.5,
644,2024-07-27 20:00:00+00:00,116.57,
645,2024-07-27 21:00:00+00:00,,
646,2024-07-27 22:00:00+00:00,,
647,2024-07-27 23:00:00+00:00,101.91,
648,2024-07-28 00:00:00+00:00,91.28,
649,2024-07-28 01:00:00+00:00,,
650,2024-07-28 02:00:00+00:00,,
651,2024-07-28 03:00:00+00:00,103.65,
652,2024-07-28 04:00:00+00:00,,
653,2024-07-28 05:00:00+00:00,85.5,
654,2024-07-28 06:00:00+00:00,,
655,2024-07-28 07:00:00+00:00,16.38,
656,2024-07-28 08:00:00+00:00,,
657,2024-07-28 09:00:00+00:00,,
658,2024-07-28 10:00:00+00:00,-8.11,
659,2024-07-28 11:00:00+00:00,-26.48,
660,2024-07-28 12:00:00+00:00,-61.64,
661,2024-07-28 13:00:00+00:00,-37.29,
662,2024-07-28 14:00:00+00:00,-13.28,
663,2024-07-28 15:00:00+00:00,-3.55,
664,2024-07-28 16:00:00+00:00,31.79,
665,2024-07-28 17:00:00+00:00,,
666,2024-07-28 18:00:00+00:00,103.68,
667,2024-07-28 19:00:00+00:00,,
668,2024-07-28 20:00:00+00:00,100.05,
669,2024-07-28 21:00:00+00:00,78.04,
670,2024-07-28 22:00:00+00:00,,
671,2024-07-28 23:00:00+00:00,,
672,2024-07-29 00:00:00+00:00,,
673,2024-07-29 01:00:00+00:00,76.07,
674,2024-07-29 02:00:00+00:00,,
675,2024-07-29 03:00:00+00:00,,
676,2024-07-29 04:00:00+00:00,121.73,
677,2024-07-29 05:00:00+00:00,,
678,2024-07-29 06:00:00+00:00,,
679,2024-07-29 07:00:00+00:00,57.47,
680,2024-07-29 08:00:00+00:00,6.9,
681,2024-07-29 09:00:00+00:00,-6.68,
682,2024-07-29 10:00:00+00:00,-0.29,
683,2024-07-29 11:00:00+00:00,-1.73,
684,2024-07-29 12:00:00+00:00,,
685,2024-07-29 13:00:00+00:00,,
686,2024-07-29 14:00:00+00:00,12.89,
687,2024-07-29 15:00:00+00:00,61.71,
688,2024-07-29 16:00:00+00:00,91.42,
689,2024-07-29 17:00:00+00:00,,
690,2024-07-29 18:00:00+00:00,173.69,
691,2024-07-29 19:00:00+00:00,133.28,
692,2024-07-29 20:00:00+00:00,,
693,2024-07-29 21:00:00+00:00,,
694,2024-07-29 22:00:00+00:00,101.04,
695,2024-07-29 23:00:00+00:00,,
696,2024-07-30 00:00:00+00:00,88.77,
697,2024-07-30 01:00:00+00:00,,
698,2024-07-30 02:00:00+00:00,,
699,2024-07-30 03:00:00+00:00,100.45,
700,2024-07-30 04:00:00+00:00,114.38,
701,2024-07-30 05:00:00+00:00,113.27,
702,2024-07-30 06:00:00+00:00,,
703,2024-07-30 07:00:00+00:00,66.16,
704,2024-07-30 08:00:00+00:00,37.52,
705,2024-07-30 09:00:00+00:00,7.84,
706,2024-07-30 10:00:00+00:00,1.09,
707,2024-07-30 11:00:00+00:00,,
708,2024-07-30 12:00:00+00:00,1.74,
709,2024-07-30 13:00:00+00:00,14.03,
710,2024-07-30 14:00:00+00:00,77.76,
711,2024-07-30 15:00:00+00:00,82.12,
712,2024-07-30 16:00:00+00:00,,
713,2024-07-30 17:00:00+00:00,,
714,2024-07-30 18:00:00+00:00,210.15,
715,2024-07-30 19:00:00+00:00,,
716,2024-07-30 20:00:00+00:00,,
717,2024-07-30 21:00:00+00:00,99.04,
718,2024-07-30 22:00:00+00:00,98.76,
719,2024-07-30 23:00:00+00:00,86.91,
720,2024-07-31 00:00:00+00:00,,
721,2024-07-31 01:00:00+00:00,,
722,2024-07-31 02:00:00+00:00,,
723,2024-07-31 03:00:00+00:00,101.61,
724,2024-07-31 04:00:00+00:00,115.16,
725,2024-07-31 05:00:00+00:00,109.41,
726,2024-07-31 06:00:00+00:00,,
727,2024-07-31 07:00:00+00:00,,
728,2024-07-31 08:00:00+00:00,55.89,
729,2024-07-31 09:00:00+00:00,33.46,
730,2024-07-31 10:00:00+00:00,25.1,
731,2024-07-31 11:00:00+00:00,16.74,
732,2024-07-31 12:00:00+00:00,23.01,
733,2024-07-31 13:00:00+00:00,40.88,
734,2024-07-31 14:00:00+00:00,,
735,2024-07-31 15:00:00+00:00,80.11,
736,2024-07-31 16:00:00+00:00,,
737,2024-07-31 17:00:00+00:00,119.73,
738,2024-07-31 18:00:00+00:00,160.95,
739,2024-07-31 19:00:00+00:00,128.29,
740,2024-07-31 20:00:00+00:00,121.35,
741,2024-07-31 21:00:00+00:00,,
742,2024-07-31 22:00:00+00:00,100.48,
743,2024-07-31 23:00:00+00:00,87.02,
744,2024-08-01 00:00:00+00:00,,
745,2024-08-01 01:00:00+00:00,,
746,2024-08-01 02:00:00+00:00,,
747,2024-08-01 03:00:00+00:00,101.63,
748,2024-08-01 04:00:00+00:00,126.67,
749,2024-08-01 05:00:00+00:00,113.77,
750,2024-08-01 06:00:00+00:00,105.95,
751,2024-08-01 07:00:00+00:00,,
752,2024-08-01 08:00:00+00:00,,
753,2024-08-01 09:00:00+00:00,,
754,2024-08-01 10:00:00+00:00,64.03,
755,2024-08-01 11:00:00+00:00,57.4,
756,2024-08-01 12:00:00+00:00,52.73,
757,2024-08-01 13:00:00+00:00,68.75,
758,2024-08-01 14:00:00+00:00,,
759,2024-08-01 15:00:00+00:00,,
760,2024-08-01 16:00:00+00:00,107.0,
761,2024-08-01 17:00:00+00:00,149.03,
762,2024-08-01 18:00:00+00:00,175.2,
763,2024-08-01 19:00:00+00:00,,
764,2024-08-01 20:00:00+00:00,124.91,
765,2024-08-01 21:00:00+00:00,103.99,
766,2024-08-01 22:00:00+00:00,100.03,
767,2024-08-01 23:00:00+00:00,89.78,
768,2024-08-02 00:00:00+00:00,,
769,2024-08-02 01:00:00+00:00,,
770,2024-08-02 02:00:00+00:00,,
771,2024-08-02 03:00:00+00:00,90.25,
772,2024-08-02 04:00:00+00:00,110.9,
773,2024-08-02 05:00:00+00:00,,
774,2024-08-02 06:00:00+00:00,,
775,2024-08-02 07:00:00+00:00,104.42,
776,2024-08-02 08:00:00+00:00,,
777,2024-08-02 09:00:00+00:00,,
778,2024-08-02 10:00:00+00:00,,
779,2024-08-02 11:00:00+00:00,85.64,
780,2024-08-02 12:00:00+00:00,,
781,2024-08-02 13:00:00+00:00,112.68,
782,2024-08-02 14:00:00+00:00,115.42,
783,2024-08-02 15:00:00+00:00,114.2,
784,2024-08-02 16:00:00+00:00,,
785,2024-08-02 17:00:00+00:00,131.59,
786,2024-08-02 18:00:00+00:00,156.89,
787,2024-08-02 19:00:00+00:00,128.71,
788,2024-08-02 20:00:00+00:00,115.28,
789,2024-08-02 21:00:00+00:00,101.26,
790,2024-08-02 22:00:00+00:00,114.17,
791,2024-08-02 23:00:00+00:00,113.72,
792,2024-08-03 00:00:00+00:00,110.52,
793,2024-08-03 01:00:00+00:00,112.09,
794,2024-08-03 02:00:00+00:00,112.05,
795,2024-08-03 03:00:00+00:00,,
796,2024-08-03 04:00:00+00:00,113.07,
797,2024-08-03 05:00:00+00:00,,
798,2024-08-03 06:00:00+00:00,,
799,2024-08-03 07:00:00+00:00,100.24,
800,2024-08-03 08:00:00+00:00,90.79,
801,2024-08-03 09:00:00+00:00,90.36,
802,2024-08-03 10:00:00+00:00,88.27,
803,2024-08-03 11:00:00+00:00,70.06,
804,2024-08-03 12:00:00+00:00,67.67,
805,2024-08-03 13:00:00+00:00,,
806,2024-08-03 14:00:00+00:00,,
807,2024-08-03 15:00:00+00:00,114.88,
808,2024-08-03 16:00:00+00:00,114.16,
809,2024-08-03 17:00:00+00:00,113.94,
810,2024-08-03 18:00:00+00:00,127.66,
811,2024-08-03 19:00:00+00:00,,
812,2024-08-03 20:00:00+00:00,,
813,2024-08-03 21:00:00+00:00,,
814,2024-08-03 22:00:00+00:00,108.78,
815,2024-08-03 23:00:00+00:00,100.08,
816,2024-08-04 00:00:00+00:00,,
817,2024-08-04 01:00:00+00:00,,
818,2024-08-04 02:00:00+00:00,90.89,
819,2024-08-04 03:00:00+00:00,,
820,2024-08-04 04:00:00+00:00,89.18,
821,2024-08-04 05:00:00+00:00,76.24,
822,2024-08-04 06:00:00+00:00,,
823,2024-08-04 07:00:00+00:00,28.33,
824,2024-08-04 08:00:00+00:00,8.05,
825,2024-08-04 09:00:00+00:00,2.05,
826,2024-08-04 10:00:00+00:00,0.06,
827,2024-08-04 11:00:00+00:00,35.07,
828,2024-08-04 12:00:00+00:00,51.8,
829,2024-08-04 13:00:00+00:00,71.57,
830,2024-08-04 14:00:00+00:00,87.95,
831,2024-08-04 15:00:00+00:00,111.69,
832,2024-08-04 16:00:00+00:00,108.46,
833,2024-08-04 17:00:00+00:00,,
834,2024-08-04 18:00:00+00:00,102.57,
835,2024-08-04 19:00:00+00:00,,
836,2024-08-04 20:00:00+00:00,,
837,2024-08-04 21:00:00+00:00,,
838,2024-08-04 22:00:00+00:00,,
839,2024-08-04 23:00:00+00:00,,
840,2024-08-05 00:00:00+00:00,,
841,2024-08-05 01:00:00+00:00,,
842,2024-08-05 02:00:00+00:00,,
843,2024-08-05 03:00:00+00:00,,
844,2024-08-05 04:00:00+00:00,118.98,
845,2024-08-05 05:00:00+00:00,137.48,
846,2024-08-05 06:00:00+00:00,,
847,2024-08-05 07:00:00+00:00,,
848,2024-08-05 08:00:00+00:00,83.06,
849,2024-08-05 09:00:00+00:00,,
850,2024-08-05 10:00:00+00:00,,
851,2024-08-05 11:00:00+00:00,,
852,2024-08-05 12:00:00+00:00,67.61,
853,2024-08-05 13:00:00+00:00,76.27,
854,2024-08-05 14:00:00+00:00,78.26,
855,2024-08-05 15:00:00+00:00,96.22,
856,2024-08-05 16:00:00+00:00,116.74,
857,2024-08-05 17:00:00+00:00,165.01,
858,2024-08-05 18:00:00+00:00,209.91,
859,2024-08-05 19:00:00+00:00,160.65,
860,2024-08-05 20:00:00+00:00,128.74,
861,2024-08-05 21:00:00+00:00,107.49,
862,2024-08-05 22:00:00+00:00,118.49,
863,2024-08-05 23:00:00+00:00,103.17,
864,2024-08-06 00:00:00+00:00,96.45,
865,2024-08-06 01:00:00+00:00,98.52,
866,2024-08-06 02:00:00+00:00,100.13,
867,2024-08-06 03:00:00+00:00,111.28,
868,2024-08-06 04:00:00+00:00,129.49,
869,2024-08-06 05:00:00+00:00,130.94,
870,2024-08-06 06:00:00+00:00,113.74,
871,2024-08-06 07:00:00+00:00,76.64,
872,2024-08-06 08:00:00+00:00,,
873,2024-08-06 09:00:00+00:00,64.79,
874,2024-08-06 10:00:00+00:00,66.97,
875,2024-08-06 11:00:00+00:00,,
876,2024-08-06 12:00:00+00:00,,
877,2024-08-06 13:00:00+00:00,,
878,2024-08-06 14:00:00+00:00,88.1,
879,2024-08-06 15:00:00+00:00,91.62,
880,2024-08-06 16:00:00+00:00,127.25,
881,2024-08-06 17:00:00+00:00,176.8,
882,2024-08-06 18:00:00+00:00,234.64,
883,2024-08-06 19:00:00+00:00,173.18,
884,2024-08-06 20:00:00+00:00,124.77,
885,2024-08-06 21:00:00+00:00,,
886,2024-08-06 22:00:00+00:00,108.15,
887,2024-08-06 23:00:00+00:00,94.51,
888,2024-08-07 00:00:00+00:00,,
889,2024-08-07 01:00:00+00:00,,
890,2024-08-07 02:00:00+00:00,,
891,2024-08-07 03:00:00+00:00,109.1,
892,2024-08-07 04:00:00+00:00,,
893,2024-08-07 05:00:00+00:00,133.84,
894,2024-08-07 06:00:00+00:00,,
895,2024-08-07 07:00:00+00:00,,
896,2024-08-07 08:00:00+00:00,,
897,2024-08-07 09:00:00+00:00,64.59,
898,2024-08-07 10:00:00+00:00,43.31,
899,2024-08-07 11:00:00+00:00,35.33,
900,2024-08-07 12:00:00+00:00,51.74,
901,2024-08-07 13:00:00+00:00,,
902,2024-08-07 14:00:00+00:00,,
903,2024-08-07 15:00:00+00:00,111.57,
904,2024-08-07 16:00:00+00:00,,
905,2024-08-07 17:00:00+00:00,172.04,
906,2024-08-07 18:00:00+00:00,207.9,
907,2024-08-07 19:00:00+00:00,164.19,
908,2024-08-07 20:00:00+00:00,130.66,
909,2024-08-07 21:00:00+00:00,106.19,
910,2024-08-07 22:00:00+00:00,,
911,2024-08-07 23:00:00+00:00,,
912,2024-08-08 00:00:00+00:00,,
913,2024-08-08 01:00:00+00:00,90.93,
914,2024-08-08 02:00:00+00:00,,
915,2024-08-08 03:00:00+00:00,98.84,
916,2024-08-08 04:00:00+00:00,129.62,
917,2024-08-08 05:00:00+00:00,129.7,
918,2024-08-08 06:00:00+00:00,,
919,2024-08-08 07:00:00+00:00,110.5,
920,2024-08-08 08:00:00+00:00,,
921,2024-08-08 09:00:00+00:00,,
922,2024-08-08 10:00:00+00:00,93.94,
923,2024-08-08 11:00:00+00:00,,
924,2024-08-08 12:00:00+00:00,,
925,2024-08-08 13:00:00+00:00,,
926,2024-08-08 14:00:00+00:00,,
927,2024-08-08 15:00:00+00:00,99.78,
928,2024-08-08 16:00:00+00:00,112.04,
929,2024-08-08 17:00:00+00:00,146.76,
930,2024-08-08 18:00:00+00:00,203.01,
931,2024-08-08 19:00:00+00:00,140.92,
932,2024-08-08 20:00:00+00:00,,
933,2024-08-08 21:00:00+00:00,,
934,2024-08-08 22:00:00+00:00,106.33,
935,2024-08-08 23:00:00+00:00,88.57,
936,2024-08-09 00:00:00+00:00,,
937,2024-08-09 01:00:00+00:00,,
938,2024-08-09 02:00:00+00:00,,
939,2024-08-09 03:00:00+00:00,95.93,
940,2024-08-09 04:00:00+00:00,,
941,2024-08-09 05:00:00+00:00,109.44,
942,2024-08-09 06:00:00+00:00,80.76,
943,2024-08-09 07:00:00+00:00,60.62,
944,2024-08-09 08:00:00+00:00,11.94,
945,2024-08-09 09:00:00+00:00,5.78,
946,2024-08-09 10:00:00+00:00,3.0,
947,2024-08-09 11:00:00+00:00,4.64,
948,2024-08-09 12:00:00+00:00,,
949,2024-08-09 13:00:00+00:00,61.27,
950,2024-08-09 14:00:00+00:00,,
951,2024-08-09 15:00:00+00:00,,
952,2024-08-09 16:00:00+00:00,123.27,
953,2024-08-09 17:00:00+00:00,140.32,
954,2024-08-09 18:00:00+00:00,145.62,
955,2024-08-09 19:00:00+00:00,135.56,
956,2024-08-09 20:00:00+00:00,,
957,2024-08-09 21:00:00+00:00,,
958,2024-08-09 22:00:00+00:00,96.99,
959,2024-08-09 23:00:00+00:00,91.34,
960,2024-08-10 00:00:00+00:00,90.32,
961,2024-08-10 01:00:00+00:00,,
962,2024-08-10 02:00:00+00:00,,
963,2024-08-10 03:00:00+00:00,,
964,2024-08-10 04:00:00+00:00,93.18,
965,2024-08-10 05:00:00+00:00,83.46,
966,2024-08-10 06:00:00+00:00,32.09,
967,2024-08-10 07:00:00+00:00,-0.28,
968,2024-08-10 08:00:00+00:00,,
969,2024-08-10 09:00:00+00:00,-13.26,
970,2024-08-10 10:00:00+00:00,-23.91,
971,2024-08-10 11:00:00+00:00,-48.39,
972,2024-08-10 12:00:00+00:00,-52.28,
973,2024-08-10 13:00:00+00:00,-34.63,
974,2024-08-10 14:00:00+00:00,-8.13,
975,2024-08-10 15:00:00+00:00,50.84,
976,2024-08-10 16:00:00+00:00,102.44,
977,2024-08-10 17:00:00+00:00,114.41,
978,2024-08-10 18:00:00+00:00,139.0,
979,2024-08-10 19:00:00+00:00,131.29,
980,2024-08-10 20:00:00+00:00,,
981,2024-08-10 21:00:00+00:00,108.47,
982,2024-08-10 22:00:00+00:00,110.93,
983,2024-08-10 23:00:00+00:00,,
984,2024-08-11 00:00:00+00:00,102.99,
985,2024-08-11 01:00:00+00:00,97.83,
986,2024-08-11 02:00:00+00:00,101.16,
987,2024-08-11 03:00:00+00:00,16.91,
988,2024-08-11 04:00:00+00:00,,
989,2024-08-11 05:00:00+00:00,73.5,
990,2024-08-11 06:00:00+00:00,27.72,
991,2024-08-11 07:00:00+00:00,,
992,2024-08-11 08:00:00+00:00,-5.13,
993,2024-08-11 09:00:00+00:00,-15.38,
994,2024-08-11 10:00:00+00:00,-32.87,
995,2024-08-11 11:00:00+00:00,-61.32,
996,2024-08-11 12:00:00+00:00,-51.82,
997,2024-08-11 13:00:00+00:00,-41.49,
998,2024-08-11 14:00:00+00:00,-4.31,
999,2024-08-11 15:00:00+00:00,-0.89,
1000,2024-08-11 16:00:00+00:00,82.74,
1001,2024-08-11 17:00:00+00:00,,
1002,2024-08-11 18:00:00+00:00,131.88,
1003,2024-08-11 19:00:00+00:00,,
1004,2024-08-11 20:00:00+00:00,111.54,
1005,2024-08-11 21:00:00+00:00,98.23,
1006,2024-08-11 22:00:00+00:00,104.41,
1007,2024-08-11 23:00:00+00:00,94.37,
1008,2024-08-12 00:00:00+00:00,85.3,
1009,2024-08-12 01:00:00+00:00,,
1010,2024-08-12 02:00:00+00:00,,
1011,2024-08-12 03:00:00+00:00,,
1012,2024-08-12 04:00:00+00:00,149.05,
1013,2024-08-12 05:00:00+00:00,142.23,
1014,2024-08-12 06:00:00+00:00,112.22,
1015,2024-08-12 07:00:00+00:00,70.75,
1016,2024-08-12 08:00:00+00:00,40.12,
1017,2024-08-12 09:00:00+00:00,16.04,
1018,2024-08-12 10:00:00+00:00,10.06,
1019,2024-08-12 11:00:00+00:00,,
1020,2024-08-12 12:00:00+00:00,13.47,
1021,2024-08-12 13:00:00+00:00,14.76,
1022,2024-08-12 14:00:00+00:00,69.24,
1023,2024-08-12 15:00:00+00:00,,
1024,2024-08-12 16:00:00+00:00,142.57,
1025,2024-08-12 17:00:00+00:00,203.0,
1026,2024-08-12 18:00:00+00:00,225.74,
1027,2024-08-12 19:00:00+00:00,136.06,
1028,2024-08-12 20:00:00+00:00,,
1029,2024-08-12 21:00:00+00:00,102.75,
1030,2024-08-12 22:00:00+00:00,112.31,
1031,2024-08-12 23:00:00+00:00,,
1032,2024-08-13 00:00:00+00:00,,
1033,2024-08-13 01:00:00+00:00,,
1034,2024-08-13 02:00:00+00:00,,
1035,2024-08-13 03:00:00+00:00,,
1036,2024-08-13 04:00:00+00:00,132.87,
1037,2024-08-13 05:00:00+00:00,,
1038,2024-08-13 06:00:00+00:00,117.89,
1039,2024-08-13 07:00:00+00:00,,
1040,2024-08-13 08:00:00+00:00,34.79,
1041,2024-08-13 09:00:00+00:00,19.67,
1042,2024-08-13 10:00:00+00:00,-7.41,
1043,2024-08-13 11:00:00+00:00,-10.04,
1044,2024-08-13 12:00:00+00:00,0.85,
1045,2024-08-13 13:00:00+00:00,21.19,
1046,2024-08-13 14:00:00+00:00,,
1047,2024-08-13 15:00:00+00:00,,
1048,2024-08-13 16:00:00+00:00,,
1049,2024-08-13 17:00:00+00:00,201.11,
1050,2024-08-13 18:00:00+00:00,202.93,
1051,2024-08-13 19:00:00+00:00,118.23,
1052,2024-08-13 20:00:00+00:00,112.66,
1053,2024-08-13 21:00:00+00:00,,
1054,2024-08-13 22:00:00+00:00,,
1055,2024-08-13 23:00:00+00:00,84.36,
1056,2024-08-14 00:00:00+00:00,83.03,
1057,2024-08-14 01:00:00+00:00,,
1058,2024-08-14 02:00:00+00:00,92.7,
1059,2024-08-14 03:00:00+00:00,,
1060,2024-08-14 04:00:00+00:00,129.72,
1061,2024-08-14 05:00:00+00:00,135.72,
1062,2024-08-14 06:00:00+00:00,120.89,
1063,2024-08-14 07:00:00+00:00,108.66,
1064,2024-08-14 08:00:00+00:00,82.73,
1065,2024-08-14 09:00:00+00:00,,
1066,2024-08-14 10:00:00+00:00,68.85,
1067,2024-08-14 11:00:00+00:00,,
1068,2024-08-14 12:00:00+00:00,,
1069,2024-08-14 13:00:00+00:00,62.32,
1070,2024-08-14 14:00:00+00:00,,
1071,2024-08-14 15:00:00+00:00,115.13,
1072,2024-08-14 16:00:00+00:00,146.82,
1073,2024-08-14 17:00:00+00:00,212.06,
1074,2024-08-14 18:00:00+00:00,230.33,
1075,2024-08-14 19:00:00+00:00,141.93,
1076,2024-08-14 20:00:00+00:00,117.68,
1077,2024-08-14 21:00:00+00:00,,
1078,2024-08-14 22:00:00+00:00,109.13,
1079,2024-08-14 23:00:00+00:00,104.13,
1080,2024-08-15 00:00:00+00:00,,
1081,2024-08-15 01:00:00+00:00,,
1082,2024-08-15 02:00:00+00:00,,
1083,2024-08-15 03:00:00+00:00,104.78,
1084,2024-08-15 04:00:00+00:00,,
1085,2024-08-15 05:00:00+00:00,116.05,
1086,2024-08-15 06:00:00+00:00,,
1087,2024-08-15 07:00:00+00:00,,
1088,2024-08-15 08:00:00+00:00,,
1089,2024-08-15 09:00:00+00:00,15.18,
1090,2024-08-15 10:00:00+00:00,,
1091,2024-08-15 11:00:00+00:00,-13.95,
1092,2024-08-15 12:00:00+00:00,-13.74,
1093,2024-08-15 13:00:00+00:00,2.2,
1094,2024-08-15 14:00:00+00:00,60.84,
1095,2024-08-15 15:00:00+00:00,84.74,
1096,2024-08-15 16:00:00+00:00,140.06,
1097,2024-08-15 17:00:00+00:00,165.04,
1098,2024-08-15 18:00:00+00:00,206.09,
1099,2024-08-15 19:00:00+00:00,159.02,
1100,2024-08-15 20:00:00+00:00,138.58,
1101,2024-08-15 21:00:00+00:00,113.78,
1102,2024-08-15 22:00:00+00:00,,
1103,2024-08-15 23:00:00+00:00,,
1104,2024-08-16 00:00:00+00:00,,
1105,2024-08-16 01:00:00+00:00,,
1106,2024-08-16 02:00:00+00:00,,
1107,2024-08-16 03:00:00+00:00,100.26,
1108,2024-08-16 04:00:00+00:00,127.33,
1109,2024-08-16 05:00:00+00:00,133.85,
1110,2024-08-16 06:00:00+00:00,124.2,
1111,2024-08-16 07:00:00+00:00,100.01,
1112,2024-08-16 08:00:00+00:00,75.05,
1113,2024-08-16 09:00:00+00:00,56.32,
1114,2024-08-16 10:00:00+00:00,25.14,
1115,2024-08-16 11:00:00+00:00,11.84,
1116,2024-08-16 12:00:00+00:00,10.88,
1117,2024-08-16 13:00:00+00:00,53.84,
1118,2024-08-16 14:00:00+00:00,77.11,
1119,2024-08-16 15:00:00+00:00,114.66,
1120,2024-08-16 16:00:00+00:00,186.48,
1121,2024-08-16 17:00:00+00:00,278.33,
1122,2024-08-16 18:00:00+00:00,310.71,
1123,2024-08-16 19:00:00+00:00,210.52,
1124,2024-08-16 20:00:00+00:00,151.61,
1125,2024-08-16 21:00:00+00:00,,
1126,2024-08-16 22:00:00+00:00,115.29,
1127,2024-08-16 23:00:00+00:00,110.14,
1128,2024-08-17 00:00:00+00:00,103.0,
1129,2024-08-17 01:00:00+00:00,,
1130,2024-08-17 02:00:00+00:00,112.1,
1131,2024-08-17 03:00:00+00:00,110.65,
1132,2024-08-17 04:00:00+00:00,106.18,
1133,2024-08-17 05:00:00+00:00,103.43,
1134,2024-08-17 06:00:00+00:00,,
1135,2024-08-17 07:00:00+00:00,83.8,
1136,2024-08-17 08:00:00+00:00,69.49,
1137,2024-08-17 09:00:00+00:00,,
1138,2024-08-17 10:00:00+00:00,47.92,
1139,2024-08-17 11:00:00+00:00,44.12,
1140,2024-08-17 12:00:00+00:00,60.32,
1141,2024-08-17 13:00:00+00:00,,
1142,2024-08-17 14:00:00+00:00,94.65,
1143,2024-08-17 15:00:00+00:00,117.72,
1144,2024-08-17 16:00:00+00:00,141.08,
1145,2024-08-17 17:00:00+00:00,154.96,
1146,2024-08-17 18:00:00+00:00,178.5,
1147,2024-08-17 19:00:00+00:00,140.5,
1148,2024-08-17 20:00:00+00:00,,
1149,2024-08-17 21:00:00+00:00,108.61,
1150,2024-08-17 22:00:00+00:00,114.69,
1151,2024-08-17 23:00:00+00:00,,
1152,2024-08-18 00:00:00+00:00,,
1153,2024-08-18 01:00:00+00:00,,
1154,2024-08-18 02:00:00+00:00,,
1155,2024-08-18 03:00:00+00:00,,
1156,2024-08-18 04:00:00+00:00,98.81,
1157,2024-08-18 05:00:00+00:00,,
1158,2024-08-18 06:00:00+00:00,,
1159,2024-08-18 07:00:00+00:00,,
1160,2024-08-18 08:00:00+00:00,69.71,
1161,2024-08-18 09:00:00+00:00,69.04,
1162,2024-08-18 10:00:00+00:00,64.01,
1163,2024-08-18 11:00:00+00:00,,
1164,2024-08-18 12:00:00+00:00,61.59,
1165,2024-08-18 13:00:00+00:00,74.72,
1166,2024-08-18 14:00:00+00:00,94.0,
1167,2024-08-18 15:00:00+00:00,,
1168,2024-08-18 16:00:00+00:00,113.93,
1169,2024-08-18 17:00:00+00:00,,
1170,2024-08-18 18:00:00+00:00,146.54,
1171,2024-08-18 19:00:00+00:00,122.88,
1172,2024-08-18 20:00:00+00:00,121.36,
1173,2024-08-18 21:00:00+00:00,109.04,
1174,2024-08-18 22:00:00+00:00,,
1175,2024-08-18 23:00:00+00:00,96.93,
1176,2024-08-19 00:00:00+00:00,,
1177,2024-08-19 01:00:00+00:00,,
1178,2024-08-19 02:00:00+00:00,,
1179,2024-08-19 03:00:00+00:00,,
1180,2024-08-19 04:00:00+00:00,,
1181,2024-08-19 05:00:00+00:00,154.13,
1182,2024-08-19 06:00:00+00:00,129.77,
1183,2024-08-19 07:00:00+00:00,112.58,
1184,2024-08-19 08:00:00+00:00,,
1185,2024-08-19 09:00:00+00:00,,
1186,2024-08-19 10:00:00+00:00,,
1187,2024-08-19 11:00:00+00:00,,
1188,2024-08-19 12:00:00+00:00,95.76,
1189,2024-08-19 13:00:00+00:00,93.64,
1190,2024-08-19 14:00:00+00:00,122.9,
1191,2024-08-19 15:00:00+00:00,139.82,
1192,2024-08-19 16:00:00+00:00,197.15,
1193,2024-08-19 17:00:00+00:00,259.12,
1194,2024-08-19 18:00:00+00:00,313.91,
1195,2024-08-19 19:00:00+00:00,190.67,
1196,2024-08-19 20:00:00+00:00,126.16,
1197,2024-08-19 21:00:00+00:00,,
1198,2024-08-19 22:00:00+00:00,,
1199,2024-08-19 23:00:00+00:00,,
1200,2024-08-20 00:00:00+00:00,93.76,
1201,2024-08-20 01:00:00+00:00,,
1202,2024-08-20 02:00:00+00:00,,
1203,2024-08-20 03:00:00+00:00,,
1204,2024-08-20 04:00:00+00:00,141.78,
1205,2024-08-20 05:00:00+00:00,133.57,
1206,2024-08-20 06:00:00+00:00,122.66,
1207,2024-08-20 07:00:00+00:00,102.6,
1208,2024-08-20 08:00:00+00:00,84.53,
1209,2024-08-20 09:00:00+00:00,84.85,
1210,2024-08-20 10:00:00+00:00,,
1211,2024-08-20 11:00:00+00:00,,
1212,2024-08-20 12:00:00+00:00,,
1213,2024-08-20 13:00:00+00:00,,
1214,2024-08-20 14:00:00+00:00,,
1215,2024-08-20 15:00:00+00:00,138.34,
1216,2024-08-20 16:00:00+00:00,192.51,
1217,2024-08-20 17:00:00+00:00,287.45,
1218,2024-08-20 18:00:00+00:00,321.28,
1219,2024-08-20 19:00:00+00:00,190.6,
1220,2024-08-20 20:00:00+00:00,,
1221,2024-08-20 21:00:00+00:00,109.21,
1222,2024-08-20 22:00:00+00:00,118.26,
1223,2024-08-20 23:00:00+00:00,,
1224,2024-08-21 00:00:00+00:00,96.52,
1225,2024-08-21 01:00:00+00:00,98.25,
1226,2024-08-21 02:00:00+00:00,,
1227,2024-08-21 03:00:00+00:00,106.25,
1228,2024-08-21 04:00:00+00:00,133.58,
1229,2024-08-21 05:00:00+00:00,,
1230,2024-08-21 06:00:00+00:00,,
1231,2024-08-21 07:00:00+00:00,128.91,
1232,2024-08-21 08:00:00+00:00,133.3,
1233,2024-08-21 09:00:00+00:00,117.5,
1234,2024-08-21 10:00:00+00:00,,
1235,2024-08-21 11:00:00+00:00,104.72,
1236,2024-08-21 12:00:00+00:00,,
1237,2024-08-21 13:00:00+00:00,,
1238,2024-08-21 14:00:00+00:00,87.34,
1239,2024-08-21 15:00:00+00:00,86.84,
1240,2024-08-21 16:00:00+00:00,,
1241,2024-08-21 17:00:00+00:00,144.42,
1242,2024-08-21 18:00:00+00:00,,
1243,2024-08-21 19:00:00+00:00,138.67,
1244,2024-08-21 20:00:00+00:00,107.84,
1245,2024-08-21 21:00:00+00:00,,
1246,2024-08-21 22:00:00+00:00,84.76,
1247,2024-08-21 23:00:00+00:00,81.64,
1248,2024-08-22 00:00:00+00:00,,
1249,2024-08-22 01:00:00+00:00,81.77,
1250,2024-08-22 02:00:00+00:00,83.13,
1251,2024-08-22 03:00:00+00:00,,
1252,2024-08-22 04:00:00+00:00,,
1253,2024-08-22 05:00:00+00:00,134.76,
1254,2024-08-22 06:00:00+00:00,,
1255,2024-08-22 07:00:00+00:00,,
1256,2024-08-22 08:00:00+00:00,60.63,
1257,2024-08-22 09:00:00+00:00,,
1258,2024-08-22 10:00:00+00:00,,
1259,2024-08-22 11:00:00+00:00,67.87,
1260,2024-08-22 12:00:00+00:00,,
1261,2024-08-22 13:00:00+00:00,81.68,
1262,2024-08-22 14:00:00+00:00,,
1263,2024-08-22 15:00:00+00:00,106.9,
1264,2024-08-22 16:00:00+00:00,177.06,
1265,2024-08-22 17:00:00+00:00,228.53,
1266,2024-08-22 18:00:00+00:00,271.58,
1267,2024-08-22 19:00:00+00:00,176.05,
1268,2024-08-22 20:00:00+00:00,,
1269,2024-08-22 21:00:00+00:00,90.95,
1270,2024-08-22 22:00:00+00:00,109.3,
1271,2024-08-22 23:00:00+00:00,95.73,
1272,2024-08-23 00:00:00+00:00,,
1273,2024-08-23 01:00:00+00:00,93.84,
1274,2024-08-23 02:00:00+00:00,93.53,
1275,2024-08-23 03:00:00+00:00,,
1276,2024-08-23 04:00:00+00:00,137.88,
1277,2024-08-23 05:00:00+00:00,123.43,
1278,2024-08-23 06:00:00+00:00,98.77,
1279,2024-08-23 07:00:00+00:00,,
1280,2024-08-23 08:00:00+00:00,51.37,
1281,2024-08-23 09:00:00+00:00,21.18,
1282,2024-08-23 10:00:00+00:00,2.11,
1283,2024-08-23 11:00:00+00:00,,
1284,2024-08-23 12:00:00+00:00,-12.57,
1285,2024-08-23 13:00:00+00:00,1.67,
1286,2024-08-23 14:00:00+00:00,71.44,
1287,2024-08-23 15:00:00+00:00,96.85,
1288,2024-08-23 16:00:00+00:00,,
1289,2024-08-23 17:00:00+00:00,160.05,
1290,2024-08-23 18:00:00+00:00,163.63,
1291,2024-08-23 19:00:00+00:00,132.56,
1292,2024-08-23 20:00:00+00:00,122.79,
1293,2024-08-23 21:00:00+00:00,94.76,
1294,2024-08-23 22:00:00+00:00,114.33,
1295,2024-08-23 23:00:00+00:00,,
1296,2024-08-24 00:00:00+00:00,105.0,
1297,2024-08-24 01:00:00+00:00,105.11,
1298,2024-08-24 02:00:00+00:00,111.29,
1299,2024-08-24 03:00:00+00:00,114.61,
1300,2024-08-24 04:00:00+00:00,117.16,
1301,2024-08-24 05:00:00+00:00,117.75,
1302,2024-08-24 06:00:00+00:00,,
1303,2024-08-24 07:00:00+00:00,,
1304,2024-08-24 08:00:00+00:00,-0.23,
1305,2024-08-24 09:00:00+00:00,-7.67,
1306,2024-08-24 10:00:00+00:00,-21.03,
1307,2024-08-24 11:00:00+00:00,-29.33,
1308,2024-08-24 12:00:00+00:00,-2.25,
1309,2024-08-24 13:00:00+00:00,17.64,
1310,2024-08-24 14:00:00+00:00,83.3,
1311,2024-08-24 15:00:00+00:00,,
1312,2024-08-24 16:00:00+00:00,203.81,
1313,2024-08-24 17:00:00+00:00,217.32,
1314,2024-08-24 18:00:00+00:00,202.33,
1315,2024-08-24 19:00:00+00:00,140.44,
1316,2024-08-24 20:00:00+00:00,114.86,
1317,2024-08-24 21:00:00+00:00,85.04,
1318,2024-08-24 22:00:00+00:00,51.18,
1319,2024-08-24 23:00:00+00:00,22.43,
1320,2024-08-25 00:00:00+00:00,0.42,
1321,2024-08-25 01:00:00+00:00,,
1322,2024-08-25 02:00:00+00:00,8.32,
1323,2024-08-25 03:00:00+00:00,12.44,
1324,2024-08-25 04:00:00+00:00,8.18,
1325,2024-08-25 05:00:00+00:00,-0.15,
1326,2024-08-25 06:00:00+00:00,-4.47,
1327,2024-08-25 07:00:00+00:00,-2.82,
1328,2024-08-25 08:00:00+00:00,-12.6,
1329,2024-08-25 09:00:00+00:00,-24.79,
1330,2024-08-25 10:00:00+00:00,-33.55,
1331,2024-08-25 11:00:00+00:00,-39.0,
1332,2024-08-25 12:00:00+00:00,-38.78,
1333,2024-08-25 13:00:00+00:00,-20.19,
1334,2024-08-25 14:00:00+00:00,,
1335,2024-08-25 15:00:00+00:00,,
1336,2024-08-25 16:00:00+00:00,175.31,
1337,2024-08-25 17:00:00+00:00,172.99,
1338,2024-08-25 18:00:00+00:00,233.62,
1339,2024-08-25 19:00:00+00:00,198.26,
1340,2024-08-25 20:00:00+00:00,157.69,
1341,2024-08-25 21:00:00+00:00,,
1342,2024-08-25 22:00:00+00:00,105.46,
1343,2024-08-25 23:00:00+00:00,,
1344,2024-08-26 00:00:00+00:00,,
1345,2024-08-26 01:00:00+00:00,,
1346,2024-08-26 02:00:00+00:00,,
1347,2024-08-26 03:00:00+00:00,,
1348,2024-08-26 04:00:00+00:00,137.93,
1349,2024-08-26 05:00:00+00:00,153.1,
1350,2024-08-26 06:00:00+00:00,,
1351,2024-08-26 07:00:00+00:00,106.78,
1352,2024-08-26 08:00:00+00:00,,
1353,2024-08-26 09:00:00+00:00,,
1354,2024-08-26 10:00:00+00:00,,
1355,2024-08-26 11:00:00+00:00,,
1356,2024-08-26 12:00:00+00:00,93.22,
1357,2024-08-26 13:00:00+00:00,,
1358,2024-08-26 14:00:00+00:00,,
1359,2024-08-26 15:00:00+00:00,145.57,
1360,2024-08-26 16:00:00+00:00,183.39,
1361,2024-08-26 17:00:00+00:00,266.21,
1362,2024-08-26 18:00:00+00:00,304.99,
1363,2024-08-26 19:00:00+00:00,163.77,
1364,2024-08-26 20:00:00+00:00,118.71,
1365,2024-08-26 21:00:00+00:00,,
1366,2024-08-26 22:00:00+00:00,,
1367,2024-08-26 23:00:00+00:00,97.64,
1368,2024-08-27 00:00:00+00:00,95.44,
1369,2024-08-27 01:00:00+00:00,94.75,
1370,2024-08-27 02:00:00+00:00,96.44,
1371,2024-08-27 03:00:00+00:00,110.87,
1372,2024-08-27 04:00:00+00:00,148.25,
1373,2024-08-27 05:00:00+00:00,159.34,
1374,2024-08-27 06:00:00+00:00,,
1375,2024-08-27 07:00:00+00:00,,
1376,2024-08-27 08:00:00+00:00,74.45,
1377,2024-08-27 09:00:00+00:00,50.71,
1378,2024-08-27 10:00:00+00:00,36.72,
1379,2024-08-27 11:00:00+00:00,35.05,
1380,2024-08-27 12:00:00+00:00,58.39,
1381,2024-08-27 13:00:00+00:00,76.97,
1382,2024-08-27 14:00:00+00:00,93.69,
1383,2024-08-27 15:00:00+00:00,127.44,
1384,2024-08-27 16:00:00+00:00,168.82,
1385,2024-08-27 17:00:00+00:00,288.9,
1386,2024-08-27 18:00:00+00:00,277.19,
1387,2024-08-27 19:00:00+00:00,,
1388,2024-08-27 20:00:00+00:00,100.91,
1389,2024-08-27 21:00:00+00:00,90.83,
1390,2024-08-27 22:00:00+00:00,93.95,
1391,2024-08-27 23:00:00+00:00,91.29,
1392,2024-08-28 00:00:00+00:00,91.5,
1393,2024-08-28 01:00:00+00:00,91.31,
1394,2024-08-28 02:00:00+00:00,,
1395,2024-08-28 03:00:00+00:00,103.57,
1396,2024-08-28 04:00:00+00:00,122.14,
1397,2024-08-28 05:00:00+00:00,129.65,
1398,2024-08-28 06:00:00+00:00,123.77,
1399,2024-08-28 07:00:00+00:00,,
1400,2024-08-28 08:00:00+00:00,,
1401,2024-08-28 09:00:00+00:00,19.01,
1402,2024-08-28 10:00:00+00:00,-7.01,
1403,2024-08-28 11:00:00+00:00,-11.67,
1404,2024-08-28 12:00:00+00:00,1.22,
1405,2024-08-28 13:00:00+00:00,,
1406,2024-08-28 14:00:00+00:00,85.82,
1407,2024-08-28 15:00:00+00:00,135.65,
1408,2024-08-28 16:00:00+00:00,221.94,
1409,2024-08-28 17:00:00+00:00,287.36,
1410,2024-08-28 18:00:00+00:00,271.45,
1411,2024-08-28 19:00:00+00:00,129.66,
1412,2024-08-28 20:00:00+00:00,,
1413,2024-08-28 21:00:00+00:00,,
1414,2024-08-28 22:00:00+00:00,,
1415,2024-08-28 23:00:00+00:00,,
1416,2024-08-29 00:00:00+00:00,91.12,
1417,2024-08-29 01:00:00+00:00,,
1418,2024-08-29 02:00:00+00:00,,
1419,2024-08-29 03:00:00+00:00,,
1420,2024-08-29 04:00:00+00:00,,
1421,2024-08-29 05:00:00+00:00,,
1422,2024-08-29 06:00:00+00:00,,
1423,2024-08-29 07:00:00+00:00,,
1424,2024-08-29 08:00:00+00:00,90.8,
1425,2024-08-29 09:00:00+00:00,,
1426,2024-08-29 10:00:00+00:00,51.06,
1427,2024-08-29 11:00:00+00:00,26.6,
1428,2024-08-29 12:00:00+00:00,36.57,
1429,2024-08-29 13:00:00+00:00,,
1430,2024-08-29 14:00:00+00:00,109.37,
1431,2024-08-29 15:00:00+00:00,158.31,
1432,2024-08-29 16:00:00+00:00,303.65,
1433,2024-08-29 17:00:00+00:00,407.42,
1434,2024-08-29 18:00:00+00:00,398.68,
1435,2024-08-29 19:00:00+00:00,184.94,
1436,2024-08-29 20:00:00+00:00,128.8,
1437,2024-08-29 21:00:00+00:00,,
1438,2024-08-29 22:00:00+00:00,121.68,
1439,2024-08-29 23:00:00+00:00,,
1440,2024-08-30 00:00:00+00:00,97.37,
1441,2024-08-30 01:00:00+00:00,102.28,
1442,2024-08-30 02:00:00+00:00,,
1443,2024-08-30 03:00:00+00:00,113.18,
1444,2024-08-30 04:00:00+00:00,149.43,
1445,2024-08-30 05:00:00+00:00,157.99,
1446,2024-08-30 06:00:00+00:00,,
1447,2024-08-30 07:00:00+00:00,113.7,
1448,2024-08-30 08:00:00+00:00,96.47,
1449,2024-08-30 09:00:00+00:00,,
1450,2024-08-30 10:00:00+00:00,77.25,
1451,2024-08-30 11:00:00+00:00,,
1452,2024-08-30 12:00:00+00:00,,
1453,2024-08-30 13:00:00+00:00,84.26,
1454,2024-08-30 14:00:00+00:00,105.72,
1455,2024-08-30 15:00:00+00:00,164.27,
1456,2024-08-30 16:00:00+00:00,234.23,
1457,2024-08-30 17:00:00+00:00,368.74,
1458,2024-08-30 18:00:00+00:00,373.56,
1459,2024-08-30 19:00:00+00:00,167.9,
1460,2024-08-30 20:00:00+00:00,,
1461,2024-08-30 21:00:00+00:00,104.52,
1462,2024-08-30 22:00:00+00:00,109.19,
1463,2024-08-30 23:00:00+00:00,,
1464,2024-08-31 00:00:00+00:00,,
1465,2024-08-31 01:00:00+00:00,,
1466,2024-08-31 02:00:00+00:00,98.68,
1467,2024-08-31 03:00:00+00:00,,
1468,2024-08-31 04:00:00+00:00,114.54,
1469,2024-08-31 05:00:00+00:00,,
1470,2024-08-31 06:00:00+00:00,,
1471,2024-08-31 07:00:00+00:00,,
1472,2024-08-31 08:00:00+00:00,60.13,
1473,2024-08-31 09:00:00+00:00,18.34,
1474,2024-08-31 10:00:00+00:00,,
1475,2024-08-31 11:00:00+00:00,,
1476,2024-08-31 12:00:00+00:00,,
1477,2024-08-31 13:00:00+00:00,44.36,
1478,2024-08-31 14:00:00+00:00,,
1479,2024-08-31 15:00:00+00:00,109.2,
1480,2024-08-31 16:00:00+00:00,158.24,
1481,2024-08-31 17:00:00+00:00,168.1,
1482,2024-08-31 18:00:00+00:00,156.92,
1483,2024-08-31 19:00:00+00:00,150.05,
1484,2024-08-31 20:00:00+00:00,128.98,
1485,2024-08-31 21:00:00+00:00,,
1486,2024-08-31 22:00:00+00:00,,
1487,2024-08-31 23:00:00+00:00,,
1488,2024-09-01 00:00:00+00:00,,
1489,2024-09-01 01:00:00+00:00,90.08,
1490,2024-09-01 02:00:00+00:00,,
1491,2024-09-01 03:00:00+00:00,,
1492,2024-09-01 04:00:00+00:00,92.82,
1493,2024-09-01 05:00:00+00:00,,
1494,2024-09-01 06:00:00+00:00,66.8,
1495,2024-09-01 07:00:00+00:00,41.27,
1496,2024-09-01 08:00:00+00:00,,
1497,2024-09-01 09:00:00+00:00,-9.6,
1498,2024-09-01 10:00:00+00:00,-25.79,
1499,2024-09-01 11:00:00+00:00,-54.16,
1500,2024-09-01 12:00:00+00:00,-52.11,
1501,2024-09-01 13:00:00+00:00,,
1502,2024-09-01 14:00:00+00:00,,
1503,2024-09-01 15:00:00+00:00,,
1504,2024-09-01 16:00:00+00:00,173.42,
1505,2024-09-01 17:00:00+00:00,174.65,
1506,2024-09-01 18:00:00+00:00,180.06,
1507,2024-09-01 19:00:00+00:00,140.61,
1508,2024-09-01 20:00:00+00:00,124.38,
1509,2024-09-01 21:00:00+00:00,,
1510,2024-09-01 22:00:00+00:00,,
1511,2024-09-01 23:00:00+00:00,,
1512,2024-09-02 00:00:00+00:00,96.02,
1513,2024-09-02 01:00:00+00:00,,
1514,2024-09-02 02:00:00+00:00,103.94,
1515,2024-09-02 03:00:00+00:00,121.46,
1516,2024-09-02 04:00:00+00:00,198.53,
1517,2024-09-02 05:00:00+00:00,187.25,
1518,2024-09-02 06:00:00+00:00,151.83,
1519,2024-09-02 07:00:00+00:00,122.64,
1520,2024-09-02 08:00:00+00:00,,
1521,2024-09-02 09:00:00+00:00,,
1522,2024-09-02 10:00:00+00:00,77.24,
1523,2024-09-02 11:00:00+00:00,,
1524,2024-09-02 12:00:00+00:00,81.91,
1525,2024-09-02 13:00:00+00:00,,
1526,2024-09-02 14:00:00+00:00,,
1527,2024-09-02 15:00:00+00:00,198.7,
1528,2024-09-02 16:00:00+00:00,327.01,
1529,2024-09-02 17:00:00+00:00,458.16,
1530,2024-09-02 18:00:00+00:00,338.28,
1531,2024-09-02 19:00:00+00:00,176.76,
1532,2024-09-02 20:00:00+00:00,,
1533,2024-09-02 21:00:00+00:00,101.35,
1534,2024-09-02 22:00:00+00:00,,
1535,2024-09-02 23:00:00+00:00,98.1,
1536,2024-09-03 00:00:00+00:00,93.78,
1537,2024-09-03 01:00:00+00:00,,
1538,2024-09-03 02:00:00+00:00,,
1539,2024-09-03 03:00:00+00:00,,
1540,2024-09-03 04:00:00+00:00,145.77,
1541,2024-09-03 05:00:00+00:00,173.43,
1542,2024-09-03 06:00:00+00:00,133.95,
1543,2024-09-03 07:00:00+00:00,115.98,
1544,2024-09-03 08:00:00+00:00,,
1545,2024-09-03 09:00:00+00:00,,
1546,2024-09-03 10:00:00+00:00,,
1547,2024-09-03 11:00:00+00:00,80.12,
1548,2024-09-03 12:00:00+00:00,,
1549,2024-09-03 13:00:00+00:00,,
1550,2024-09-03 14:00:00+00:00,,
1551,2024-09-03 15:00:00+00:00,205.17,
1552,2024-09-03 16:00:00+00:00,426.59,
1553,2024-09-03 17:00:00+00:00,542.22,
1554,2024-09-03 18:00:00+00:00,382.51,
1555,2024-09-03 19:00:00+00:00,184.4,
1556,2024-09-03 20:00:00+00:00,124.63,
1557,2024-09-03 21:00:00+00:00,,
1558,2024-09-03 22:00:00+00:00,105.69,
1559,2024-09-03 23:00:00+00:00,100.16,
1560,2024-09-04 00:00:00+00:00,,
1561,2024-09-04 01:00:00+00:00,,
1562,2024-09-04 02:00:00+00:00,100.77,
1563,2024-09-04 03:00:00+00:00,,
1564,2024-09-04 04:00:00+00:00,147.88,
1565,2024-09-04 05:00:00+00:00,181.3,
1566,2024-09-04 06:00:00+00:00,154.33,
1567,2024-09-04 07:00:00+00:00,125.13,
1568,2024-09-04 08:00:00+00:00,107.21,
1569,2024-09-04 09:00:00+00:00,88.82,
1570,2024-09-04 10:00:00+00:00,85.23,
1571,2024-09-04 11:00:00+00:00,,
1572,2024-09-04 12:00:00+00:00,,
1573,2024-09-04 13:00:00+00:00,88.66,
1574,2024-09-04 14:00:00+00:00,,
1575,2024-09-04 15:00:00+00:00,149.96,
1576,2024-09-04 16:00:00+00:00,289.38,
1577,2024-09-04 17:00:00+00:00,419.56,
1578,2024-09-04 18:00:00+00:00,256.86,
1579,2024-09-04 19:00:00+00:00,149.2,
1580,2024-09-04 20:00:00+00:00,,
1581,2024-09-04 21:00:00+00:00,,
1582,2024-09-04 22:00:00+00:00,101.27,
1583,2024-09-04 23:00:00+00:00,94.6,
1584,2024-09-05 00:00:00+00:00,,
1585,2024-09-05 01:00:00+00:00,87.11,
1586,2024-09-05 02:00:00+00:00,,
1587,2024-09-05 03:00:00+00:00,,
1588,2024-09-05 04:00:00+00:00,,
1589,2024-09-05 05:00:00+00:00,124.89,
1590,2024-09-05 06:00:00+00:00,119.04,
1591,2024-09-05 07:00:00+00:00,97.68,
1592,2024-09-05 08:00:00+00:00,68.25,
1593,2024-09-05 09:00:00+00:00,,
1594,2024-09-05 10:00:00+00:00,,
1595,2024-09-05 11:00:00+00:00,17.71,
1596,2024-09-05 12:00:00+00:00,,
1597,2024-09-05 13:00:00+00:00,30.78,
1598,2024-09-05 14:00:00+00:00,,
1599,2024-09-05 15:00:00+00:00,,
1600,2024-09-05 16:00:00+00:00,,
1601,2024-09-05 17:00:00+00:00,238.66,
1602,2024-09-05 18:00:00+00:00,164.52,
1603,2024-09-05 19:00:00+00:00,111.62,
1604,2024-09-05 20:00:00+00:00,,
1605,2024-09-05 21:00:00+00:00,79.13,
1606,2024-09-05 22:00:00+00:00,75.01,
1607,2024-09-05 23:00:00+00:00,66.6,
1608,2024-09-06 00:00:00+00:00,,
1609,2024-09-06 01:00:00+00:00,65.52,
1610,2024-09-06 02:00:00+00:00,,
1611,2024-09-06 03:00:00+00:00,90.14,
1612,2024-09-06 04:00:00+00:00,,
1613,2024-09-06 05:00:00+00:00,,
1614,2024-09-06 06:00:00+00:00,123.15,
1615,2024-09-06 07:00:00+00:00,102.51,
1616,2024-09-06 08:00:00+00:00,68.24,
1617,2024-09-06 09:00:00+00:00,48.05,
1618,2024-09-06 10:00:00+00:00,16.78,
1619,2024-09-06 11:00:00+00:00,,
1620,2024-09-06 12:00:00+00:00,-0.03,
1621,2024-09-06 13:00:00+00:00,15.01,
1622,2024-09-06 14:00:00+00:00,77.23,
1623,2024-09-06 15:00:00+00:00,,
1624,2024-09-06 16:00:00+00:00,135.38,
1625,2024-09-06 17:00:00+00:00,252.76,
1626,2024-09-06 18:00:00+00:00,153.82,
1627,2024-09-06 19:00:00+00:00,,
1628,2024-09-06 20:00:00+00:00,92.91,
1629,2024-09-06 21:00:00+00:00,90.57,
1630,2024-09-06 22:00:00+00:00,99.11,
1631,2024-09-06 23:00:00+00:00,,
1632,2024-09-07 00:00:00+00:00,96.8,
1633,2024-09-07 01:00:00+00:00,,
1634,2024-09-07 02:00:00+00:00,,
1635,2024-09-07 03:00:00+00:00,102.03,
1636,2024-09-07 04:00:00+00:00,105.5,
1637,2024-09-07 05:00:00+00:00,,
1638,2024-09-07 06:00:00+00:00,95.49,
1639,2024-09-07 07:00:00+00:00,84.6,
1640,2024-09-07 08:00:00+00:00,51.52,
1641,2024-09-07 09:00:00+00:00,7.56,
1642,2024-09-07 10:00:00+00:00,5.48,
1643,2024-09-07 11:00:00+00:00,1.02,
1644,2024-09-07 12:00:00+00:00,,
1645,2024-09-07 13:00:00+00:00,4.53,
1646,2024-09-07 14:00:00+00:00,73.83,
1647,2024-09-07 15:00:00+00:00,127.75,
1648,2024-09-07 16:00:00+00:00,143.63,
1649,2024-09-07 17:00:00+00:00,164.57,
1650,2024-09-07 18:00:00+00:00,154.89,
1651,2024-09-07 19:00:00+00:00,,
1652,2024-09-07 20:00:00+00:00,,
1653,2024-09-07 21:00:00+00:00,,
1654,2024-09-07 22:00:00+00:00,93.98,
1655,2024-09-07 23:00:00+00:00,86.73,
1656,2024-09-08 00:00:00+00:00,,
1657,2024-09-08 01:00:00+00:00,,
1658,2024-09-08 02:00:00+00:00,,
1659,2024-09-08 03:00:00+00:00,86.57,
1660,2024-09-08 04:00:00+00:00,,
1661,2024-09-08 05:00:00+00:00,,
1662,2024-09-08 06:00:00+00:00,,
1663,2024-09-08 07:00:00+00:00,40.98,
1664,2024-09-08 08:00:00+00:00,8.29,
1665,2024-09-08 09:00:00+00:00,,
1666,2024-09-08 10:00:00+00:00,,
1667,2024-09-08 11:00:00+00:00,,
1668,2024-09-08 12:00:00+00:00,1.11,
1669,2024-09-08 13:00:00+00:00,6.0,
1670,2024-09-08 14:00:00+00:00,62.65,
1671,2024-09-08 15:00:00+00:00,108.19,
1672,2024-09-08 16:00:00+00:00,126.11,
1673,2024-09-08 17:00:00+00:00,140.45,
1674,2024-09-08 18:00:00+00:00,121.62,
1675,2024-09-08 19:00:00+00:00,112.91,
1676,2024-09-08 20:00:00+00:00,,
1677,2024-09-08 21:00:00+00:00,,
1678,2024-09-08 22:00:00+00:00,,
1679,2024-09-08 23:00:00+00:00,,
1680,2024-09-09 00:00:00+00:00,,
1681,2024-09-09 01:00:00+00:00,81.57,
1682,2024-09-09 02:00:00+00:00,,
1683,2024-09-09 03:00:00+00:00,,
1684,2024-09-09 04:00:00+00:00,110.61,
1685,2024-09-09 05:00:00+00:00,133.46,
1686,2024-09-09 06:00:00+00:00,159.43,
1687,2024-09-09 07:00:00+00:00,132.8,
1688,2024-09-09 08:00:00+00:00,,
1689,2024-09-09 09:00:00+00:00,,
1690,2024-09-09 10:00:00+00:00,107.29,
1691,2024-09-09 11:00:00+00:00,104.8,
1692,2024-09-09 12:00:00+00:00,,
1693,2024-09-09 13:00:00+00:00,,
1694,2024-09-09 14:00:00+00:00,,
1695,2024-09-09 15:00:00+00:00,,
1696,2024-09-09 16:00:00+00:00,139.17,
1697,2024-09-09 17:00:00+00:00,170.05,
1698,2024-09-09 18:00:00+00:00,156.55,
1699,2024-09-09 19:00:00+00:00,,
1700,2024-09-09 20:00:00+00:00,94.38,
1701,2024-09-09 21:00:00+00:00,,
1702,2024-09-09 22:00:00+00:00,,
1703,2024-09-09 23:00:00+00:00,88.81,
1704,2024-09-10 00:00:00+00:00,,
1705,2024-09-10 01:00:00+00:00,,
1706,2024-09-10 02:00:00+00:00,,
1707,2024-09-10 03:00:00+00:00,,
1708,2024-09-10 04:00:00+00:00,140.25,
1709,2024-09-10 05:00:00+00:00,167.67,
1710,2024-09-10 06:00:00+00:00,151.2,
1711,2024-09-10 07:00:00+00:00,117.92,
1712,2024-09-10 08:00:00+00:00,,
1713,2024-09-10 09:00:00+00:00,87.09,
1714,2024-09-10 10:00:00+00:00,,
1715,2024-09-10 11:00:00+00:00,,
1716,2024-09-10 12:00:00+00:00,87.56,
1717,2024-09-10 13:00:00+00:00,104.02,
1718,2024-09-10 14:00:00+00:00,,
1719,2024-09-10 15:00:00+00:00,,
1720,2024-09-10 16:00:00+00:00,223.17,
1721,2024-09-10 17:00:00+00:00,397.02,
1722,2024-09-10 18:00:00+00:00,267.33,
1723,2024-09-10 19:00:00+00:00,139.48,
1724,2024-09-10 20:00:00+00:00,117.09,
1725,2024-09-10 21:00:00+00:00,,
1726,2024-09-10 22:00:00+00:00,,
1727,2024-09-10 23:00:00+00:00,83.25,
1728,2024-09-11 00:00:00+00:00,,
1729,2024-09-11 01:00:00+00:00,,
1730,2024-09-11 02:00:00+00:00,,
1731,2024-09-11 03:00:00+00:00,81.62,
1732,2024-09-11 04:00:00+00:00,117.48,
1733,2024-09-11 05:00:00+00:00,141.96,
1734,2024-09-11 06:00:00+00:00,106.66,
1735,2024-09-11 07:00:00+00:00,,
1736,2024-09-11 08:00:00+00:00,,
1737,2024-09-11 09:00:00+00:00,,
1738,2024-09-11 10:00:00+00:00,60.05,
1739,2024-09-11 11:00:00+00:00,61.82,
1740,2024-09-11 12:00:00+00:00,,
1741,2024-09-11 13:00:00+00:00,,
1742,2024-09-11 14:00:00+00:00,,
1743,2024-09-11 15:00:00+00:00,128.87,
1744,2024-09-11 16:00:00+00:00,153.42,
1745,2024-09-11 17:00:00+00:00,287.67,
1746,2024-09-11 18:00:00+00:00,209.83,
1747,2024-09-11 19:00:00+00:00,134.61,
1748,2024-09-11 20:00:00+00:00,107.17,
1749,2024-09-11 21:00:00+00:00,103.37,
1750,2024-09-11 22:00:00+00:00,,
1751,2024-09-11 23:00:00+00:00,,
1752,2024-09-12 00:00:00+00:00,,
1753,2024-09-12 01:00:00+00:00,,
1754,2024-09-12 02:00:00+00:00,,
1755,2024-09-12 03:00:00+00:00,,
1756,2024-09-12 04:00:00+00:00,163.12,
1757,2024-09-12 05:00:00+00:00,163.17,
1758,2024-09-12 06:00:00+00:00,144.71,
1759,2024-09-12 07:00:00+00:00,,
1760,2024-09-12 08:00:00+00:00,,
1761,2024-09-12 09:00:00+00:00,,
1762,2024-09-12 10:00:00+00:00,,
1763,2024-09-12 11:00:00+00:00,,
1764,2024-09-12 12:00:00+00:00,,
1765,2024-09-12 13:00:00+00:00,122.99,
1766,2024-09-12 14:00:00+00:00,141.61,
1767,2024-09-12 15:00:00+00:00,192.9,
1768,2024-09-12 16:00:00+00:00,248.47,
1769,2024-09-12 17:00:00+00:00,393.29,
1770,2024-09-12 18:00:00+00:00,250.91,
1771,2024-09-12 19:00:00+00:00,,
1772,2024-09-12 20:00:00+00:00,,
1773,2024-09-12 21:00:00+00:00,,
1774,2024-09-12 22:00:00+00:00,,
1775,2024-09-12 23:00:00+00:00,,
1776,2024-09-13 00:00:00+00:00,87.84,
1777,2024-09-13 01:00:00+00:00,,
1778,2024-09-13 02:00:00+00:00,88.72,
1779,2024-09-13 03:00:00+00:00,90.67,
1780,2024-09-13 04:00:00+00:00,,
1781,2024-09-13 05:00:00+00:00,162.21,
1782,2024-09-13 06:00:00+00:00,139.52,
1783,2024-09-13 07:00:00+00:00,117.55,
1784,2024-09-13 08:00:00+00:00,112.14,
1785,2024-09-13 09:00:00+00:00,116.11,
1786,2024-09-13 10:00:00+00:00,,
1787,2024-09-13 11:00:00+00:00,,
1788,2024-09-13 12:00:00+00:00,,
1789,2024-09-13 13:00:00+00:00,,
1790,2024-09-13 14:00:00+00:00,102.45,
1791,2024-09-13 15:00:00+00:00,,
1792,2024-09-13 16:00:00+00:00,98.16,
1793,2024-09-13 17:00:00+00:00,100.75,
1794,2024-09-13 18:00:00+00:00,,
1795,2024-09-13 19:00:00+00:00,,
1796,2024-09-13 20:00:00+00:00,,
1797,2024-09-13 21:00:00+00:00,60.72,
1798,2024-09-13 22:00:00+00:00,,
1799,2024-09-13 23:00:00+00:00,51.4,
1800,2024-09-14 00:00:00+00:00,44.25,
1801,2024-09-14 01:00:00+00:00,46.72,
1802,2024-09-14 02:00:00+00:00,48.13,
1803,2024-09-14 03:00:00+00:00,45.5,
1804,2024-09-14 04:00:00+00:00,56.21,
1805,2024-09-14 05:00:00+00:00,,
1806,2024-09-14 06:00:00+00:00,82.07,
1807,2024-09-14 07:00:00+00:00,,
1808,2024-09-14 08:00:00+00:00,75.09,
1809,2024-09-14 09:00:00+00:00,46.6,
1810,2024-09-14 10:00:00+00:00,45.82,
1811,2024-09-14 11:00:00+00:00,,
1812,2024-09-14 12:00:00+00:00,,
1813,2024-09-14 13:00:00+00:00,46.58,
1814,2024-09-14 14:00:00+00:00,,
1815,2024-09-14 15:00:00+00:00,,
1816,2024-09-14 16:00:00+00:00,88.14,
1817,2024-09-14 17:00:00+00:00,124.64,
1818,2024-09-14 18:00:00+00:00,,
1819,2024-09-14 19:00:00+00:00,102.93,
1820,2024-09-14 20:00:00+00:00,,
1821,2024-09-14 21:00:00+00:00,,
1822,2024-09-14 22:00:00+00:00,,
1823,2024-09-14 23:00:00+00:00,69.88,
1824,2024-09-15 00:00:00+00:00,,
1825,2024-09-15 01:00:00+00:00,66.53,
1826,2024-09-15 02:00:00+00:00,63.07,
1827,2024-09-15 03:00:00+00:00,65.03,
1828,2024-09-15 04:00:00+00:00,,
1829,2024-09-15 05:00:00+00:00,,
1830,2024-09-15 06:00:00+00:00,,
1831,2024-09-15 07:00:00+00:00,52.88,
1832,2024-09-15 08:00:00+00:00,10.92,
1833,2024-09-15 09:00:00+00:00,0.07,
1834,2024-09-15 10:00:00+00:00,,
1835,2024-09-15 11:00:00+00:00,,
1836,2024-09-15 12:00:00+00:00,,
1837,2024-09-15 13:00:00+00:00,-4.51,
1838,2024-09-15 14:00:00+00:00,,
1839,2024-09-15 15:00:00+00:00,,
1840,2024-09-15 16:00:00+00:00,,
1841,2024-09-15 17:00:00+00:00,135.79,
1842,2024-09-15 18:00:00+00:00,122.61,
1843,2024-09-15 19:00:00+00:00,,
1844,2024-09-15 20:00:00+00:00,,
1845,2024-09-15 21:00:00+00:00,,
1846,2024-09-15 22:00:00+00:00,,
1847,2024-09-15 23:00:00+00:00,,
1848,2024-09-16 00:00:00+00:00,,
1849,2024-09-16 01:00:00+00:00,82.84,
1850,2024-09-16 02:00:00+00:00,,
1851,2024-09-16 03:00:00+00:00,84.03,
1852,2024-09-16 04:00:00+00:00,,
1853,2024-09-16 05:00:00+00:00,142.16,
1854,2024-09-16 06:00:00+00:00,145.54,
1855,2024-09-16 07:00:00+00:00,125.6,
1856,2024-09-16 08:00:00+00:00,112.83,
1857,2024-09-16 09:00:00+00:00,105.77,
1858,2024-09-16 10:00:00+00:00,,
1859,2024-09-16 11:00:00+00:00,,
1860,2024-09-16 12:00:00+00:00,,
1861,2024-09-16 13:00:00+00:00,,
1862,2024-09-16 14:00:00+00:00,102.18,
1863,2024-09-16 15:00:00+00:00,158.8,
1864,2024-09-16 16:00:00+00:00,167.56,
1865,2024-09-16 17:00:00+00:00,197.9,
1866,2024-09-16 18:00:00+00:00,128.44,
1867,2024-09-16 19:00:00+00:00,106.02,
1868,2024-09-16 20:00:00+00:00,93.5,
1869,2024-09-16 21:00:00+00:00,81.63,
1870,2024-09-16 22:00:00+00:00,,
1871,2024-09-16 23:00:00+00:00,,
1872,2024-09-17 00:00:00+00:00,,
1873,2024-09-17 01:00:00+00:00,,
1874,2024-09-17 02:00:00+00:00,83.61,
1875,2024-09-17 03:00:00+00:00,95.62,
1876,2024-09-17 04:00:00+00:00,131.35,
1877,2024-09-17 05:00:00+00:00,,
1878,2024-09-17 06:00:00+00:00,144.0,
1879,2024-09-17 07:00:00+00:00,,
1880,2024-09-17 08:00:00+00:00,96.76,
1881,2024-09-17 09:00:00+00:00,,
1882,2024-09-17 10:00:00+00:00,67.84,
1883,2024-09-17 11:00:00+00:00,48.88,
1884,2024-09-17 12:00:00+00:00,54.74,
1885,2024-09-17 13:00:00+00:00,,
1886,2024-09-17 14:00:00+00:00,,
1887,2024-09-17 15:00:00+00:00,163.03,
1888,2024-09-17 16:00:00+00:00,229.2,
1889,2024-09-17 17:00:00+00:00,264.49,
1890,2024-09-17 18:00:00+00:00,149.98,
1891,2024-09-17 19:00:00+00:00,,
1892,2024-09-17 20:00:00+00:00,102.77,
1893,2024-09-17 21:00:00+00:00,,
1894,2024-09-17 22:00:00+00:00,,
1895,2024-09-17 23:00:00+00:00,93.51,
1896,2024-09-18 00:00:00+00:00,,
1897,2024-09-18 01:00:00+00:00,,
1898,2024-09-18 02:00:00+00:00,,
1899,2024-09-18 03:00:00+00:00,102.17,
1900,2024-09-18 04:00:00+00:00,,
1901,2024-09-18 05:00:00+00:00,165.79,
1902,2024-09-18 06:00:00+00:00,132.86,
1903,2024-09-18 07:00:00+00:00,103.03,
1904,2024-09-18 08:00:00+00:00,,
1905,2024-09-18 09:00:00+00:00,56.36,
1906,2024-09-18 10:00:00+00:00,5.49,
1907,2024-09-18 11:00:00+00:00,,
1908,2024-09-18 12:00:00+00:00,28.98,
1909,2024-09-18 13:00:00+00:00,,
1910,2024-09-18 14:00:00+00:00,93.71,
1911,2024-09-18 15:00:00+00:00,152.84,
1912,2024-09-18 16:00:00+00:00,149.99,
1913,2024-09-18 17:00:00+00:00,172.5,
1914,2024-09-18 18:00:00+00:00,128.83,
1915,2024-09-18 19:00:00+00:00,,
1916,2024-09-18 20:00:00+00:00,,
1917,2024-09-18 21:00:00+00:00,,
1918,2024-09-18 22:00:00+00:00,,
1919,2024-09-18 23:00:00+00:00,,
1920,2024-09-19 00:00:00+00:00,,
1921,2024-09-19 01:00:00+00:00,,
1922,2024-09-19 02:00:00+00:00,,
1923,2024-09-19 03:00:00+00:00,90.77,
1924,2024-09-19 04:00:00+00:00,114.74,
1925,2024-09-19 05:00:00+00:00,148.75,
1926,2024-09-19 06:00:00+00:00,,
1927,2024-09-19 07:00:00+00:00,98.02,
1928,2024-09-19 08:00:00+00:00,74.81,
1929,2024-09-19 09:00:00+00:00,51.38,
1930,2024-09-19 10:00:00+00:00,4.97,
1931,2024-09-19 11:00:00+00:00,-0.64,
1932,2024-09-19 12:00:00+00:00,,
1933,2024-09-19 13:00:00+00:00,23.88,
1934,2024-09-19 14:00:00+00:00,86.19,
1935,2024-09-19 15:00:00+00:00,139.59,
1936,2024-09-19 16:00:00+00:00,145.39,
1937,2024-09-19 17:00:00+00:00,179.92,
1938,2024-09-19 18:00:00+00:00,113.95,
1939,2024-09-19 19:00:00+00:00,,
1940,2024-09-19 20:00:00+00:00,88.97,
1941,2024-09-19 21:00:00+00:00,83.47,
1942,2024-09-19 22:00:00+00:00,,
1943,2024-09-19 23:00:00+00:00,83.41,
1944,2024-09-20 00:00:00+00:00,,
1945,2024-09-20 01:00:00+00:00,,
1946,2024-09-20 02:00:00+00:00,,
1947,2024-09-20 03:00:00+00:00,,
1948,2024-09-20 04:00:00+00:00,120.9,
1949,2024-09-20 05:00:00+00:00,156.51,
1950,2024-09-20 06:00:00+00:00,108.86,
1951,2024-09-20 07:00:00+00:00,,
1952,2024-09-20 08:00:00+00:00,,
1953,2024-09-20 09:00:00+00:00,,
1954,2024-09-20 10:00:00+00:00,-23.43,
1955,2024-09-20 11:00:00+00:00,-0.35,
1956,2024-09-20 12:00:00+00:00,,
1957,2024-09-20 13:00:00+00:00,64.44,
1958,2024-09-20 14:00:00+00:00,,
1959,2024-09-20 15:00:00+00:00,146.35,
1960,2024-09-20 16:00:00+00:00,169.74,
1961,2024-09-20 17:00:00+00:00,193.8,
1962,2024-09-20 18:00:00+00:00,,
1963,2024-09-20 19:00:00+00:00,99.74,
1964,2024-09-20 20:00:00+00:00,,
1965,2024-09-20 21:00:00+00:00,87.17,
1966,2024-09-20 22:00:00+00:00,,
1967,2024-09-20 23:00:00+00:00,,
1968,2024-09-21 00:00:00+00:00,90.98,
1969,2024-09-21 01:00:00+00:00,92.44,
1970,2024-09-21 02:00:00+00:00,,
1971,2024-09-21 03:00:00+00:00,,
1972,2024-09-21 04:00:00+00:00,,
1973,2024-09-21 05:00:00+00:00,109.51,
1974,2024-09-21 06:00:00+00:00,113.49,
1975,2024-09-21 07:00:00+00:00,60.2,
1976,2024-09-21 08:00:00+00:00,22.0,
1977,2024-09-21 09:00:00+00:00,3.15,
1978,2024-09-21 10:00:00+00:00,,
1979,2024-09-21 11:00:00+00:00,-3.36,
1980,2024-09-21 12:00:00+00:00,-3.95,
1981,2024-09-21 13:00:00+00:00,48.72,
1982,2024-09-21 14:00:00+00:00,,
1983,2024-09-21 15:00:00+00:00,,
1984,2024-09-21 16:00:00+00:00,184.9,
1985,2024-09-21 17:00:00+00:00,208.8,
1986,2024-09-21 18:00:00+00:00,139.24,
1987,2024-09-21 19:00:00+00:00,114.98,
1988,2024-09-21 20:00:00+00:00,94.15,
1989,2024-09-21 21:00:00+00:00,95.5,
1990,2024-09-21 22:00:00+00:00,97.87,
1991,2024-09-21 23:00:00+00:00,,
1992,2024-09-22 00:00:00+00:00,,
1993,2024-09-22 01:00:00+00:00,,
1994,2024-09-22 02:00:00+00:00,91.4,
1995,2024-09-22 03:00:00+00:00,,
1996,2024-09-22 04:00:00+00:00,,
1997,2024-09-22 05:00:00+00:00,,
1998,2024-09-22 06:00:00+00:00,,
1999,2024-09-22 07:00:00+00:00,58.42,
2000,2024-09-22 08:00:00+00:00,11.3,
2001,2024-09-22 09:00:00+00:00,3.53,
2002,2024-09-22 10:00:00+00:00,2.95,
2003,2024-09-22 11:00:00+00:00,,
2004,2024-09-22 12:00:00+00:00,,
2005,2024-09-22 13:00:00+00:00,9.66,
2006,2024-09-22 14:00:00+00:00,90.13,
2007,2024-09-22 15:00:00+00:00,108.41,
2008,2024-09-22 16:00:00+00:00,150.77,
2009,2024-09-22 17:00:00+00:00,214.84,
2010,2024-09-22 18:00:00+00:00,149.55,
2011,2024-09-22 19:00:00+00:00,113.5,
2012,2024-09-22 20:00:00+00:00,101.13,
2013,2024-09-22 21:00:00+00:00,,
2014,2024-09-22 22:00:00+00:00,90.63,
2015,2024-09-22 23:00:00+00:00,,
2016,2024-09-23 00:00:00+00:00,,
2017,2024-09-23 01:00:00+00:00,86.97,
2018,2024-09-23 02:00:00+00:00,,
2019,2024-09-23 03:00:00+00:00,,
2020,2024-09-23 04:00:00+00:00,,
2021,2024-09-23 05:00:00+00:00,202.96,
2022,2024-09-23 06:00:00+00:00,138.23,
2023,2024-09-23 07:00:00+00:00,104.74,
2024,2024-09-23 08:00:00+00:00,80.31,
2025,2024-09-23 09:00:00+00:00,,
2026,2024-09-23 10:00:00+00:00,,
2027,2024-09-23 11:00:00+00:00,,
2028,2024-09-23 12:00:00+00:00,,
2029,2024-09-23 13:00:00+00:00,,
2030,2024-09-23 14:00:00+00:00,107.9,
2031,2024-09-23 15:00:00+00:00,153.76,
2032,2024-09-23 16:00:00+00:00,248.93,
2033,2024-09-23 17:00:00+00:00,335.93,
2034,2024-09-23 18:00:00+00:00,182.28,
2035,2024-09-23 19:00:00+00:00,121.2,
2036,2024-09-23 20:00:00+00:00,99.14,
2037,2024-09-23 21:00:00+00:00,,
2038,2024-09-23 22:00:00+00:00,,
2039,2024-09-23 23:00:00+00:00,,
2040,2024-09-24 00:00:00+00:00,,
2041,2024-09-24 01:00:00+00:00,84.66,
2042,2024-09-24 02:00:00+00:00,,
2043,2024-09-24 03:00:00+00:00,,
2044,2024-09-24 04:00:00+00:00,112.18,
2045,2024-09-24 05:00:00+00:00,141.07,
2046,2024-09-24 06:00:00+00:00,126.43,
2047,2024-09-24 07:00:00+00:00,,
2048,2024-09-24 08:00:00+00:00,79.62,
2049,2024-09-24 09:00:00+00:00,51.48,
2050,2024-09-24 10:00:00+00:00,,
2051,2024-09-24 11:00:00+00:00,65.54,
2052,2024-09-24 12:00:00+00:00,,
2053,2024-09-24 13:00:00+00:00,,
2054,2024-09-24 14:00:00+00:00,86.58,
2055,2024-09-24 15:00:00+00:00,,
2056,2024-09-24 16:00:00+00:00,,
2057,2024-09-24 17:00:00+00:00,136.99,
2058,2024-09-24 18:00:00+00:00,94.79,
2059,2024-09-24 19:00:00+00:00,,
2060,2024-09-24 20:00:00+00:00,,
2061,2024-09-24 21:00:00+00:00,60.43,
2062,2024-09-24 22:00:00+00:00,,
2063,2024-09-24 23:00:00+00:00,41.86,
2064,2024-09-25 00:00:00+00:00,40.1,
2065,2024-09-25 01:00:00+00:00,40.38,
2066,2024-09-25 02:00:00+00:00,52.75,
2067,2024-09-25 03:00:00+00:00,,
2068,2024-09-25 04:00:00+00:00,102.86,
2069,2024-09-25 05:00:00+00:00,,
2070,2024-09-25 06:00:00+00:00,,
2071,2024-09-25 07:00:00+00:00,,
2072,2024-09-25 08:00:00+00:00,49.52,
2073,2024-09-25 09:00:00+00:00,8.55,
2074,2024-09-25 10:00:00+00:00,6.95,
2075,2024-09-25 11:00:00+00:00,18.67,
2076,2024-09-25 12:00:00+00:00,,
2077,2024-09-25 13:00:00+00:00,71.74,
2078,2024-09-25 14:00:00+00:00,,
2079,2024-09-25 15:00:00+00:00,,
2080,2024-09-25 16:00:00+00:00,171.46,
2081,2024-09-25 17:00:00+00:00,194.1,
2082,2024-09-25 18:00:00+00:00,135.76,
2083,2024-09-25 19:00:00+00:00,,
2084,2024-09-25 20:00:00+00:00,,
2085,2024-09-25 21:00:00+00:00,,
2086,2024-09-25 22:00:00+00:00,,
2087,2024-09-25 23:00:00+00:00,75.06,
2088,2024-09-26 00:00:00+00:00,71.21,
2089,2024-09-26 01:00:00+00:00,,
2090,2024-09-26 02:00:00+00:00,,
2091,2024-09-26 03:00:00+00:00,86.42,
2092,2024-09-26 04:00:00+00:00,,
2093,2024-09-26 05:00:00+00:00,,
2094,2024-09-26 06:00:00+00:00,,
2095,2024-09-26 07:00:00+00:00,,
2096,2024-09-26 08:00:00+00:00,58.53,
2097,2024-09-26 09:00:00+00:00,,
2098,2024-09-26 10:00:00+00:00,17.0,
2099,2024-09-26 11:00:00+00:00,12.35,
2100,2024-09-26 12:00:00+00:00,28.2,
2101,2024-09-26 13:00:00+00:00,59.62,
2102,2024-09-26 14:00:00+00:00,,
2103,2024-09-26 15:00:00+00:00,74.92,
2104,2024-09-26 16:00:00+00:00,88.76,
2105,2024-09-26 17:00:00+00:00,104.93,
2106,2024-09-26 18:00:00+00:00,89.66,
2107,2024-09-26 19:00:00+00:00,73.84,
2108,2024-09-26 20:00:00+00:00,73.35,
2109,2024-09-26 21:00:00+00:00,,
2110,2024-09-26 22:00:00+00:00,9.81,
2111,2024-09-26 23:00:00+00:00,8.1,
2112,2024-09-27 00:00:00+00:00,5.54,
2113,2024-09-27 01:00:00+00:00,4.28,
2114,2024-09-27 02:00:00+00:00,16.84,
2115,2024-09-27 03:00:00+00:00,49.28,
2116,2024-09-27 04:00:00+00:00,,
2117,2024-09-27 05:00:00+00:00,103.88,
2118,2024-09-27 06:00:00+00:00,,
2119,2024-09-27 07:00:00+00:00,32.54,
2120,2024-09-27 08:00:00+00:00,,
2121,2024-09-27 09:00:00+00:00,-0.62,
2122,2024-09-27 10:00:00+00:00,-0.74,
2123,2024-09-27 11:00:00+00:00,-0.71,
2124,2024-09-27 12:00:00+00:00,-0.65,
2125,2024-09-27 13:00:00+00:00,1.19,
2126,2024-09-27 14:00:00+00:00,,
2127,2024-09-27 15:00:00+00:00,96.07,
2128,2024-09-27 16:00:00+00:00,,
2129,2024-09-27 17:00:00+00:00,,
2130,2024-09-27 18:00:00+00:00,87.45,
2131,2024-09-27 19:00:00+00:00,,
2132,2024-09-27 20:00:00+00:00,,
2133,2024-09-27 21:00:00+00:00,58.58,
2134,2024-09-27 22:00:00+00:00,1.77,
2135,2024-09-27 23:00:00+00:00,3.03,
2136,2024-09-28 00:00:00+00:00,3.29,
2137,2024-09-28 01:00:00+00:00,3.16,
2138,2024-09-28 02:00:00+00:00,3.27,
2139,2024-09-28 03:00:00+00:00,4.15,
2140,2024-09-28 04:00:00+00:00,11.96,
2141,2024-09-28 05:00:00+00:00,,
2142,2024-09-28 06:00:00+00:00,,
2143,2024-09-28 07:00:00+00:00,1.4,
2144,2024-09-28 08:00:00+00:00,-0.63,
2145,2024-09-28 09:00:00+00:00,-0.7,
2146,2024-09-28 10:00:00+00:00,,
2147,2024-09-28 11:00:00+00:00,,
2148,2024-09-28 12:00:00+00:00,,
2149,2024-09-28 13:00:00+00:00,,
2150,2024-09-28 14:00:00+00:00,,
2151,2024-09-28 15:00:00+00:00,,
2152,2024-09-28 16:00:00+00:00,,
2153,2024-09-28 17:00:00+00:00,,
2154,2024-09-28 18:00:00+00:00,99.86,
2155,2024-09-28 19:00:00+00:00,100.89,
2156,2024-09-28 20:00:00+00:00,95.38,
2157,2024-09-28 21:00:00+00:00,76.76,
2158,2024-09-28 22:00:00+00:00,,
2159,2024-09-28 23:00:00+00:00,67.5,
2160,2024-09-29 00:00:00+00:00,62.6,
2161,2024-09-29 01:00:00+00:00,59.07,
2162,2024-09-29 02:00:00+00:00,,
2163,2024-09-29 03:00:00+00:00,73.51,
2164,2024-09-29 04:00:00+00:00,82.23,
2165,2024-09-29 05:00:00+00:00,,
2166,2024-09-29 06:00:00+00:00,,
2167,2024-09-29 07:00:00+00:00,35.27,
2168,2024-09-29 08:00:00+00:00,1.33,
2169,2024-09-29 09:00:00+00:00,,
2170,2024-09-29 10:00:00+00:00,,
2171,2024-09-29 11:00:00+00:00,-0.5,
2172,2024-09-29 12:00:00+00:00,-0.45,
2173,2024-09-29 13:00:00+00:00,,
2174,2024-09-29 14:00:00+00:00,,
2175,2024-09-29 15:00:00+00:00,92.72,
2176,2024-09-29 16:00:00+00:00,147.73,
2177,2024-09-29 17:00:00+00:00,175.91,
2178,2024-09-29 18:00:00+00:00,,
2179,2024-09-29 19:00:00+00:00,,
2180,2024-09-29 20:00:00+00:00,70.23,
2181,2024-09-29 21:00:00+00:00,66.59,
2182,2024-09-29 22:00:00+00:00,,
2183,2024-09-29 23:00:00+00:00,70.38,
2184,2024-09-30 00:00:00+00:00,73.44,
2185,2024-09-30 01:00:00+00:00,74.96,
2186,2024-09-30 02:00:00+00:00,,
2187,2024-09-30 03:00:00+00:00,103.04,
2188,2024-09-30 04:00:00+00:00,198.76,
2189,2024-09-30 05:00:00+00:00,205.89,
2190,2024-09-30 06:00:00+00:00,120.84,
2191,2024-09-30 07:00:00+00:00,68.36,
2192,2024-09-30 08:00:00+00:00,60.41,
2193,2024-09-30 09:00:00+00:00,20.87,
2194,2024-09-30 10:00:00+00:00,12.07,
2195,2024-09-30 11:00:00+00:00,55.58,
2196,2024-09-30 12:00:00+00:00,,
2197,2024-09-30 13:00:00+00:00,73.71,
2198,2024-09-30 14:00:00+00:00,135.6,
2199,2024-09-30 15:00:00+00:00,163.74,
2200,2024-09-30 16:00:00+00:00,209.17,
2201,2024-09-30 17:00:00+00:00,245.54,
2202,2024-09-30 18:00:00+00:00,171.98,
2203,2024-09-30 19:00:00+00:00,99.44,
2204,2024-09-30 20:00:00+00:00,,
2205,2024-09-30 21:00:00+00:00,,
2206,2024-09-30 22:00:00+00:00,85.29,
2207,2024-09-30 23:00:00+00:00,,
2208,2024-10-01 00:00:00+00:00,85.19,
2209,2024-10-01 01:00:00+00:00,,
2210,2024-10-01 02:00:00+00:00,87.04,
2211,2024-10-01 03:00:00+00:00,97.19,
2212,2024-10-01 04:00:00+00:00,,
2213,2024-10-01 05:00:00+00:00,136.02,
2214,2024-10-01 06:00:00+00:00,,
2215,2024-10-01 07:00:00+00:00,102.13,
2216,2024-10-01 08:00:00+00:00,77.63,
2217,2024-10-01 09:00:00+00:00,61.38,
2218,2024-10-01 10:00:00+00:00,56.02,
2219,2024-10-01 11:00:00+00:00,,
2220,2024-10-01 12:00:00+00:00,,
2221,2024-10-01 13:00:00+00:00,,
2222,2024-10-01 14:00:00+00:00,,
2223,2024-10-01 15:00:00+00:00,181.9,
2224,2024-10-01 16:00:00+00:00,249.99,
2225,2024-10-01 17:00:00+00:00,292.22,
2226,2024-10-01 18:00:00+00:00,165.15,
2227,2024-10-01 19:00:00+00:00,107.83,
2228,2024-10-01 20:00:00+00:00,,
2229,2024-10-01 21:00:00+00:00,,
2230,2024-10-01 22:00:00+00:00,,
2231,2024-10-01 23:00:00+00:00,88.88,
2232,2024-10-02 00:00:00+00:00,,
2233,2024-10-02 01:00:00+00:00,,
2234,2024-10-02 02:00:00+00:00,,
2235,2024-10-02 03:00:00+00:00,,
2236,2024-10-02 04:00:00+00:00,157.92,
2237,2024-10-02 05:00:00+00:00,167.4,
2238,2024-10-02 06:00:00+00:00,137.68,
2239,2024-10-02 07:00:00+00:00,118.31,
2240,2024-10-02 08:00:00+00:00,104.23,
2241,2024-10-02 09:00:00+00:00,,
2242,2024-10-02 10:00:00+00:00,105.81,
2243,2024-10-02 11:00:00+00:00,,
2244,2024-10-02 12:00:00+00:00,115.57,
2245,2024-10-02 13:00:00+00:00,,
2246,2024-10-02 14:00:00+00:00,168.64,
2247,2024-10-02 15:00:00+00:00,193.1,
2248,2024-10-02 16:00:00+00:00,221.77,
2249,2024-10-02 17:00:00+00:00,250.0,
2250,2024-10-02 18:00:00+00:00,155.82,
2251,2024-10-02 19:00:00+00:00,119.42,
2252,2024-10-02 20:00:00+00:00,,
2253,2024-10-02 21:00:00+00:00,,
2254,2024-10-02 22:00:00+00:00,,
2255,2024-10-02 23:00:00+00:00,91.58,
2256,2024-10-03 00:00:00+00:00,,
2257,2024-10-03 01:00:00+00:00,,
2258,2024-10-03 02:00:00+00:00,,
2259,2024-10-03 03:00:00+00:00,,
2260,2024-10-03 04:00:00+00:00,141.74,
2261,2024-10-03 05:00:00+00:00,186.21,
2262,2024-10-03 06:00:00+00:00,170.03,
2263,2024-10-03 07:00:00+00:00,,
2264,2024-10-03 08:00:00+00:00,126.82,
2265,2024-10-03 09:00:00+00:00,,
2266,2024-10-03 10:00:00+00:00,121.87,
2267,2024-10-03 11:00:00+00:00,127.6,
2268,2024-10-03 12:00:00+00:00,136.41,
2269,2024-10-03 13:00:00+00:00,147.83,
2270,2024-10-03 14:00:00+00:00,171.5,
2271,2024-10-03 15:00:00+00:00,195.23,
2272,2024-10-03 16:00:00+00:00,209.31,
2273,2024-10-03 17:00:00+00:00,214.97,
2274,2024-10-03 18:00:00+00:00,161.85,
2275,2024-10-03 19:00:00+00:00,110.96,
2276,2024-10-03 20:00:00+00:00,,
2277,2024-10-03 21:00:00+00:00,81.59,
2278,2024-10-03 22:00:00+00:00,101.39,
2279,2024-10-03 23:00:00+00:00,97.61,
2280,2024-10-04 00:00:00+00:00,97.6,
2281,2024-10-04 01:00:00+00:00,96.71,
2282,2024-10-04 02:00:00+00:00,,
2283,2024-10-04 03:00:00+00:00,88.85,
2284,2024-10-04 04:00:00+00:00,,
2285,2024-10-04 05:00:00+00:00,151.29,
2286,2024-10-04 06:00:00+00:00,143.29,
2287,2024-10-04 07:00:00+00:00,127.32,
2288,2024-10-04 08:00:00+00:00,,
2289,2024-10-04 09:00:00+00:00,102.84,
2290,2024-10-04 10:00:00+00:00,,
2291,2024-10-04 11:00:00+00:00,115.64,
2292,2024-10-04 12:00:00+00:00,117.65,
2293,2024-10-04 13:00:00+00:00,107.01,
2294,2024-10-04 14:00:00+00:00,129.99,
2295,2024-10-04 15:00:00+00:00,,
2296,2024-10-04 16:00:00+00:00,153.36,
2297,2024-10-04 17:00:00+00:00,159.49,
2298,2024-10-04 18:00:00+00:00,123.7,
2299,2024-10-04 19:00:00+00:00,99.9,
2300,2024-10-04 20:00:00+00:00,,
2301,2024-10-04 21:00:00+00:00,,
2302,2024-10-04 22:00:00+00:00,,
2303,2024-10-04 23:00:00+00:00,,
2304,2024-10-05 00:00:00+00:00,,
2305,2024-10-05 01:00:00+00:00,,
2306,2024-10-05 02:00:00+00:00,,
2307,2024-10-05 03:00:00+00:00,96.74,
2308,2024-10-05 04:00:00+00:00,,
2309,2024-10-05 05:00:00+00:00,104.37,
2310,2024-10-05 06:00:00+00:00,110.58,
2311,2024-10-05 07:00:00+00:00,106.63,
2312,2024-10-05 08:00:00+00:00,,
2313,2024-10-05 09:00:00+00:00,129.82,
2314,2024-10-05 10:00:00+00:00,140.11,
2315,2024-10-05 11:00:00+00:00,142.72,
2316,2024-10-05 12:00:00+00:00,128.99,
2317,2024-10-05 13:00:00+00:00,116.6,
2318,2024-10-05 14:00:00+00:00,119.71,
2319,2024-10-05 15:00:00+00:00,135.83,
2320,2024-10-05 16:00:00+00:00,147.81,
2321,2024-10-05 17:00:00+00:00,,
2322,2024-10-05 18:00:00+00:00,,
2323,2024-10-05 19:00:00+00:00,,
2324,2024-10-05 20:00:00+00:00,98.99,
2325,2024-10-05 21:00:00+00:00,97.43,
2326,2024-10-05 22:00:00+00:00,87.0,
2327,2024-10-05 23:00:00+00:00,,
2328,2024-10-06 00:00:00+00:00,,
2329,2024-10-06 01:00:00+00:00,84.32,
2330,2024-10-06 02:00:00+00:00,83.94,
2331,2024-10-06 03:00:00+00:00,,
2332,2024-10-06 04:00:00+00:00,,
2333,2024-10-06 05:00:00+00:00,,
2334,2024-10-06 06:00:00+00:00,,
2335,2024-10-06 07:00:00+00:00,,
2336,2024-10-06 08:00:00+00:00,101.97,
2337,2024-10-06 09:00:00+00:00,118.04,
2338,2024-10-06 10:00:00+00:00,126.53,
2339,2024-10-06 11:00:00+00:00,127.34,
2340,2024-10-06 12:00:00+00:00,110.11,
2341,2024-10-06 13:00:00+00:00,,
2342,2024-10-06 14:00:00+00:00,104.64,
2343,2024-10-06 15:00:00+00:00,,
2344,2024-10-06 16:00:00+00:00,156.47,
2345,2024-10-06 17:00:00+00:00,,
2346,2024-10-06 18:00:00+00:00,149.93,
2347,2024-10-06 19:00:00+00:00,125.57,
2348,2024-10-06 20:00:00+00:00,,
2349,2024-10-06 21:00:00+00:00,,
2350,2024-10-06 22:00:00+00:00,,
2351,2024-10-06 23:00:00+00:00,81.55,
2352,2024-10-07 00:00:00+00:00,,
2353,2024-10-07 01:00:00+00:00,,
2354,2024-10-07 02:00:00+00:00,,
2355,2024-10-07 03:00:00+00:00,,
2356,2024-10-07 04:00:00+00:00,186.4,
2357,2024-10-07 05:00:00+00:00,224.21,
2358,2024-10-07 06:00:00+00:00,,
2359,2024-10-07 07:00:00+00:00,,
2360,2024-10-07 08:00:00+00:00,110.41,
2361,2024-10-07 09:00:00+00:00,85.53,
2362,2024-10-07 10:00:00+00:00,,
2363,2024-10-07 11:00:00+00:00,,
2364,2024-10-07 12:00:00+00:00,,
2365,2024-10-07 13:00:00+00:00,73.76,
2366,2024-10-07 14:00:00+00:00,,
2367,2024-10-07 15:00:00+00:00,161.12,
2368,2024-10-07 16:00:00+00:00,250.03,
2369,2024-10-07 17:00:00+00:00,284.78,
2370,2024-10-07 18:00:00+00:00,170.68,
2371,2024-10-07 19:00:00+00:00,98.89,
2372,2024-10-07 20:00:00+00:00,90.81,
2373,2024-10-07 21:00:00+00:00,79.59,
2374,2024-10-07 22:00:00+00:00,,
2375,2024-10-07 23:00:00+00:00,98.05,
2376,2024-10-08 00:00:00+00:00,,
2377,2024-10-08 01:00:00+00:00,98.67,
2378,2024-10-08 02:00:00+00:00,,
2379,2024-10-08 03:00:00+00:00,,
2380,2024-10-08 04:00:00+00:00,112.99,
2381,2024-10-08 05:00:00+00:00,136.44,
2382,2024-10-08 06:00:00+00:00,108.67,
2383,2024-10-08 07:00:00+00:00,93.03,
2384,2024-10-08 08:00:00+00:00,65.79,
2385,2024-10-08 09:00:00+00:00,,
2386,2024-10-08 10:00:00+00:00,39.11,
2387,2024-10-08 11:00:00+00:00,40.31,
2388,2024-10-08 12:00:00+00:00,50.36,
2389,2024-10-08 13:00:00+00:00,,
2390,2024-10-08 14:00:00+00:00,,
2391,2024-10-08 15:00:00+00:00,123.46,
2392,2024-10-08 16:00:00+00:00,154.5,
2393,2024-10-08 17:00:00+00:00,166.2,
2394,2024-10-08 18:00:00+00:00,,
2395,2024-10-08 19:00:00+00:00,111.53,
2396,2024-10-08 20:00:00+00:00,,
2397,2024-10-08 21:00:00+00:00,,
2398,2024-10-08 22:00:00+00:00,82.47,
2399,2024-10-08 23:00:00+00:00,80.59,
2400,2024-10-09 00:00:00+00:00,,
2401,2024-10-09 01:00:00+00:00,,
2402,2024-10-09 02:00:00+00:00,,
2403,2024-10-09 03:00:00+00:00,,
2404,2024-10-09 04:00:00+00:00,,
2405,2024-10-09 05:00:00+00:00,,
2406,2024-10-09 06:00:00+00:00,,
2407,2024-10-09 07:00:00+00:00,,
2408,2024-10-09 08:00:00+00:00,101.82,
2409,2024-10-09 09:00:00+00:00,,
2410,2024-10-09 10:00:00+00:00,94.64,
2411,2024-10-09 11:00:00+00:00,,
2412,2024-10-09 12:00:00+00:00,,
2413,2024-10-09 13:00:00+00:00,,
2414,2024-10-09 14:00:00+00:00,,
2415,2024-10-09 15:00:00+00:00,117.9,
2416,2024-10-09 16:00:00+00:00,136.07,
2417,2024-10-09 17:00:00+00:00,137.6,
2418,2024-10-09 18:00:00+00:00,,
2419,2024-10-09 19:00:00+00:00,,
2420,2024-10-09 20:00:00+00:00,,
2421,2024-10-09 21:00:00+00:00,,
2422,2024-10-09 22:00:00+00:00,69.0,
2423,2024-10-09 23:00:00+00:00,45.67,
2424,2024-10-10 00:00:00+00:00,36.54,
2425,2024-10-10 01:00:00+00:00,30.81,
2426,2024-10-10 02:00:00+00:00,29.0,
2427,2024-10-10 03:00:00+00:00,,
2428,2024-10-10 04:00:00+00:00,101.69,
2429,2024-10-10 05:00:00+00:00,86.71,
2430,2024-10-10 06:00:00+00:00,,
2431,2024-10-10 07:00:00+00:00,,
2432,2024-10-10 08:00:00+00:00,52.01,
2433,2024-10-10 09:00:00+00:00,38.74,
2434,2024-10-10 10:00:00+00:00,21.83,
2435,2024-10-10 11:00:00+00:00,15.92,
2436,2024-10-10 12:00:00+00:00,20.01,
2437,2024-10-10 13:00:00+00:00,52.78,
2438,2024-10-10 14:00:00+00:00,,
2439,2024-10-10 15:00:00+00:00,,
2440,2024-10-10 16:00:00+00:00,,
2441,2024-10-10 17:00:00+00:00,120.57,
2442,2024-10-10 18:00:00+00:00,102.95,
2443,2024-10-10 19:00:00+00:00,,
2444,2024-10-10 20:00:00+00:00,,
2445,2024-10-10 21:00:00+00:00,,
2446,2024-10-10 22:00:00+00:00,80.01,
2447,2024-10-10 23:00:00+00:00,74.3,
2448,2024-10-11 00:00:00+00:00,,
2449,2024-10-11 01:00:00+00:00,67.91,
2450,2024-10-11 02:00:00+00:00,,
2451,2024-10-11 03:00:00+00:00,88.44,
2452,2024-10-11 04:00:00+00:00,99.95,
2453,2024-10-11 05:00:00+00:00,140.41,
2454,2024-10-11 06:00:00+00:00,155.49,
2455,2024-10-11 07:00:00+00:00,110.01,
2456,2024-10-11 08:00:00+00:00,,
2457,2024-10-11 09:00:00+00:00,,
2458,2024-10-11 10:00:00+00:00,,
2459,2024-10-11 11:00:00+00:00,57.17,
2460,2024-10-11 12:00:00+00:00,,
2461,2024-10-11 13:00:00+00:00,76.81,
2462,2024-10-11 14:00:00+00:00,,
2463,2024-10-11 15:00:00+00:00,112.61,
2464,2024-10-11 16:00:00+00:00,165.16,
2465,2024-10-11 17:00:00+00:00,173.59,
2466,2024-10-11 18:00:00+00:00,120.92,
2467,2024-10-11 19:00:00+00:00,99.41,
2468,2024-10-11 20:00:00+00:00,97.56,
2469,2024-10-11 21:00:00+00:00,,
2470,2024-10-11 22:00:00+00:00,106.5,
2471,2024-10-11 23:00:00+00:00,102.69,
2472,2024-10-12 00:00:00+00:00,,
2473,2024-10-12 01:00:00+00:00,,
2474,2024-10-12 02:00:00+00:00,,
2475,2024-10-12 03:00:00+00:00,98.08,
2476,2024-10-12 04:00:00+00:00,,
2477,2024-10-12 05:00:00+00:00,,
2478,2024-10-12 06:00:00+00:00,,
2479,2024-10-12 07:00:00+00:00,,
2480,2024-10-12 08:00:00+00:00,33.33,
2481,2024-10-12 09:00:00+00:00,33.1,
2482,2024-10-12 10:00:00+00:00,25.0,
2483,2024-10-12 11:00:00+00:00,14.42,
2484,2024-10-12 12:00:00+00:00,44.24,
2485,2024-10-12 13:00:00+00:00,,
2486,2024-10-12 14:00:00+00:00,125.75,
2487,2024-10-12 15:00:00+00:00,,
2488,2024-10-12 16:00:00+00:00,151.35,
2489,2024-10-12 17:00:00+00:00,139.47,
2490,2024-10-12 18:00:00+00:00,116.43,
2491,2024-10-12 19:00:00+00:00,,
2492,2024-10-12 20:00:00+00:00,,
2493,2024-10-12 21:00:00+00:00,40.39,
2494,2024-10-12 22:00:00+00:00,,
2495,2024-10-12 23:00:00+00:00,,
2496,2024-10-13 00:00:00+00:00,,
2497,2024-10-13 01:00:00+00:00,-0.37,
2498,2024-10-13 02:00:00+00:00,-0.51,
2499,2024-10-13 03:00:00+00:00,,
2500,2024-10-13 04:00:00+00:00,-0.43,
2501,2024-10-13 05:00:00+00:00,,
2502,2024-10-13 06:00:00+00:00,1.53,
2503,2024-10-13 07:00:00+00:00,-0.47,
2504,2024-10-13 08:00:00+00:00,-0.53,
2505,2024-10-13 09:00:00+00:00,,
2506,2024-10-13 10:00:00+00:00,-4.41,
2507,2024-10-13 11:00:00+00:00,-14.28,
2508,2024-10-13 12:00:00+00:00,,
2509,2024-10-13 13:00:00+00:00,,
2510,2024-10-13 14:00:00+00:00,,
2511,2024-10-13 15:00:00+00:00,58.01,
2512,2024-10-13 16:00:00+00:00,,
2513,2024-10-13 17:00:00+00:00,62.69,
2514,2024-10-13 18:00:00+00:00,62.64,
2515,2024-10-13 19:00:00+00:00,44.77,
2516,2024-10-13 20:00:00+00:00,40.97,
2517,2024-10-13 21:00:00+00:00,25.02,
2518,2024-10-13 22:00:00+00:00,,
2519,2024-10-13 23:00:00+00:00,35.45,
2520,2024-10-14 00:00:00+00:00,35.62,
2521,2024-10-14 01:00:00+00:00,,
2522,2024-10-14 02:00:00+00:00,39.8,
2523,2024-10-14 03:00:00+00:00,62.2,
2524,2024-10-14 04:00:00+00:00,,
2525,2024-10-14 05:00:00+00:00,133.29,
2526,2024-10-14 06:00:00+00:00,153.13,
2527,2024-10-14 07:00:00+00:00,107.74,
2528,2024-10-14 08:00:00+00:00,92.9,
2529,2024-10-14 09:00:00+00:00,,
2530,2024-10-14 10:00:00+00:00,74.29,
2531,2024-10-14 11:00:00+00:00,,
2532,2024-10-14 12:00:00+00:00,,
2533,2024-10-14 13:00:00+00:00,86.32,
2534,2024-10-14 14:00:00+00:00,,
2535,2024-10-14 15:00:00+00:00,156.99,
2536,2024-10-14 16:00:00+00:00,224.95,
2537,2024-10-14 17:00:00+00:00,267.56,
2538,2024-10-14 18:00:00+00:00,158.0,
2539,2024-10-14 19:00:00+00:00,114.19,
2540,2024-10-14 20:00:00+00:00,,
2541,2024-10-14 21:00:00+00:00,,
2542,2024-10-14 22:00:00+00:00,100.23,
2543,2024-10-14 23:00:00+00:00,97.9,
2544,2024-10-15 00:00:00+00:00,95.43,
2545,2024-10-15 01:00:00+00:00,,
2546,2024-10-15 02:00:00+00:00,,
2547,2024-10-15 03:00:00+00:00,89.39,
2548,2024-10-15 04:00:00+00:00,,
2549,2024-10-15 05:00:00+00:00,211.98,
2550,2024-10-15 06:00:00+00:00,188.79,
2551,2024-10-15 07:00:00+00:00,,
2552,2024-10-15 08:00:00+00:00,,
2553,2024-10-15 09:00:00+00:00,88.67,
2554,2024-10-15 10:00:00+00:00,,
2555,2024-10-15 11:00:00+00:00,,
2556,2024-10-15 12:00:00+00:00,101.34,
2557,2024-10-15 13:00:00+00:00,,
2558,2024-10-15 14:00:00+00:00,,
2559,2024-10-15 15:00:00+00:00,,
2560,2024-10-15 16:00:00+00:00,246.7,
2561,2024-10-15 17:00:00+00:00,269.93,
2562,2024-10-15 18:00:00+00:00,187.78,
2563,2024-10-15 19:00:00+00:00,142.65,
2564,2024-10-15 20:00:00+00:00,,
2565,2024-10-15 21:00:00+00:00,,
2566,2024-10-15 22:00:00+00:00,,
2567,2024-10-15 23:00:00+00:00,,
2568,2024-10-16 00:00:00+00:00,,
2569,2024-10-16 01:00:00+00:00,,
2570,2024-10-16 02:00:00+00:00,,
2571,2024-10-16 03:00:00+00:00,104.95,
2572,2024-10-16 04:00:00+00:00,194.79,
2573,2024-10-16 05:00:00+00:00,229.79,
2574,2024-10-16 06:00:00+00:00,145.51,
2575,2024-10-16 07:00:00+00:00,,
2576,2024-10-16 08:00:00+00:00,26.68,
2577,2024-10-16 09:00:00+00:00,14.16,
2578,2024-10-16 10:00:00+00:00,4.09,
2579,2024-10-16 11:00:00+00:00,,
2580,2024-10-16 12:00:00+00:00,4.0,
2581,2024-10-16 13:00:00+00:00,,
2582,2024-10-16 14:00:00+00:00,,
2583,2024-10-16 15:00:00+00:00,145.58,
2584,2024-10-16 16:00:00+00:00,167.71,
2585,2024-10-16 17:00:00+00:00,148.37,
2586,2024-10-16 18:00:00+00:00,103.42,
2587,2024-10-16 19:00:00+00:00,,
2588,2024-10-16 20:00:00+00:00,64.06,
2589,2024-10-16 21:00:00+00:00,32.61,
2590,2024-10-16 22:00:00+00:00,17.04,
2591,2024-10-16 23:00:00+00:00,12.15,
2592,2024-10-17 00:00:00+00:00,10.48,
2593,2024-10-17 01:00:00+00:00,5.61,
2594,2024-10-17 02:00:00+00:00,10.01,
2595,2024-10-17 03:00:00+00:00,29.63,
2596,2024-10-17 04:00:00+00:00,,
2597,2024-10-17 05:00:00+00:00,,
2598,2024-10-17 06:00:00+00:00,,
2599,2024-10-17 07:00:00+00:00,,
2600,2024-10-17 08:00:00+00:00,4.03,
2601,2024-10-17 09:00:00+00:00,-11.63,
2602,2024-10-17 10:00:00+00:00,-8.25,
2603,2024-10-17 11:00:00+00:00,,
2604,2024-10-17 12:00:00+00:00,20.06,
2605,2024-10-17 13:00:00+00:00,,
2606,2024-10-17 14:00:00+00:00,,
2607,2024-10-17 15:00:00+00:00,122.36,
2608,2024-10-17 16:00:00+00:00,182.61,
2609,2024-10-17 17:00:00+00:00,169.42,
2610,2024-10-17 18:00:00+00:00,116.18,
2611,2024-10-17 19:00:00+00:00,96.77,
2612,2024-10-17 20:00:00+00:00,88.31,
2613,2024-10-17 21:00:00+00:00,,
2614,2024-10-17 22:00:00+00:00,,
2615,2024-10-17 23:00:00+00:00,67.14,
2616,2024-10-18 00:00:00+00:00,60.47,
2617,2024-10-18 01:00:00+00:00,73.26,
2618,2024-10-18 02:00:00+00:00,71.59,
2619,2024-10-18 03:00:00+00:00,,
2620,2024-10-18 04:00:00+00:00,100.06,
2621,2024-10-18 05:00:00+00:00,146.88,
2622,2024-10-18 06:00:00+00:00,154.06,
2623,2024-10-18 07:00:00+00:00,,
2624,2024-10-18 08:00:00+00:00,60.01,
2625,2024-10-18 09:00:00+00:00,64.84,
2626,2024-10-18 10:00:00+00:00,46.29,
2627,2024-10-18 11:00:00+00:00,52.62,
2628,2024-10-18 12:00:00+00:00,58.99,
2629,2024-10-18 13:00:00+00:00,,
2630,2024-10-18 14:00:00+00:00,101.23,
2631,2024-10-18 15:00:00+00:00,,
2632,2024-10-18 16:00:00+00:00,177.58,
2633,2024-10-18 17:00:00+00:00,142.19,
2634,2024-10-18 18:00:00+00:00,,
2635,2024-10-18 19:00:00+00:00,,
2636,2024-10-18 20:00:00+00:00,,
2637,2024-10-18 21:00:00+00:00,84.89,
2638,2024-10-18 22:00:00+00:00,,
2639,2024-10-18 23:00:00+00:00,81.53,
2640,2024-10-19 00:00:00+00:00,,
2641,2024-10-19 01:00:00+00:00,74.33,
2642,2024-10-19 02:00:00+00:00,,
2643,2024-10-19 03:00:00+00:00,,
2644,2024-10-19 04:00:00+00:00,,
2645,2024-10-19 05:00:00+00:00,,
2646,2024-10-19 06:00:00+00:00,,
2647,2024-10-19 07:00:00+00:00,,
2648,2024-10-19 08:00:00+00:00,62.99,
2649,2024-10-19 09:00:00+00:00,20.5,
2650,2024-10-19 10:00:00+00:00,41.15,
2651,2024-10-19 11:00:00+00:00,,
2652,2024-10-19 12:00:00+00:00,,
2653,2024-10-19 13:00:00+00:00,76.18,
2654,2024-10-19 14:00:00+00:00,93.74,
2655,2024-10-19 15:00:00+00:00,119.32,
2656,2024-10-19 16:00:00+00:00,132.63,
2657,2024-10-19 17:00:00+00:00,117.18,
2658,2024-10-19 18:00:00+00:00,95.11,
2659,2024-10-19 19:00:00+00:00,96.28,
2660,2024-10-19 20:00:00+00:00,,
2661,2024-10-19 21:00:00+00:00,,
2662,2024-10-19 22:00:00+00:00,55.1,
2663,2024-10-19 23:00:00+00:00,54.26,
2664,2024-10-20 00:00:00+00:00,,
2665,2024-10-20 01:00:00+00:00,,
2666,2024-10-20 02:00:00+00:00,,
2667,2024-10-20 03:00:00+00:00,67.32,
2668,2024-10-20 04:00:00+00:00,,
2669,2024-10-20 05:00:00+00:00,,
2670,2024-10-20 06:00:00+00:00,66.29,
2671,2024-10-20 07:00:00+00:00,44.15,
2672,2024-10-20 08:00:00+00:00,6.37,
2673,2024-10-20 09:00:00+00:00,,
2674,2024-10-20 10:00:00+00:00,,
2675,2024-10-20 11:00:00+00:00,-0.98,
2676,2024-10-20 12:00:00+00:00,-2.01,
2677,2024-10-20 13:00:00+00:00,7.17,
2678,2024-10-20 14:00:00+00:00,,
2679,2024-10-20 15:00:00+00:00,,
2680,2024-10-20 16:00:00+00:00,,
2681,2024-10-20 17:00:00+00:00,,
2682,2024-10-20 18:00:00+00:00,,
2683,2024-10-20 19:00:00+00:00,,
2684,2024-10-20 20:00:00+00:00,49.4,
2685,2024-10-20 21:00:00+00:00,28.86,
2686,2024-10-20 22:00:00+00:00,,
2687,2024-10-20 23:00:00+00:00,-0.22,
2688,2024-10-21 00:00:00+00:00,,
2689,2024-10-21 01:00:00+00:00,2.61,
2690,2024-10-21 02:00:00+00:00,11.87,
2691,2024-10-21 03:00:00+00:00,52.93,
2692,2024-10-21 04:00:00+00:00,138.8,
2693,2024-10-21 05:00:00+00:00,153.15,
2694,2024-10-21 06:00:00+00:00,121.31,
2695,2024-10-21 07:00:00+00:00,103.9,
2696,2024-10-21 08:00:00+00:00,,
2697,2024-10-21 09:00:00+00:00,,
2698,2024-10-21 10:00:00+00:00,72.39,
2699,2024-10-21 11:00:00+00:00,,
2700,2024-10-21 12:00:00+00:00,80.94,
2701,2024-10-21 13:00:00+00:00,,
2702,2024-10-21 14:00:00+00:00,133.51,
2703,2024-10-21 15:00:00+00:00,197.24,
2704,2024-10-21 16:00:00+00:00,273.88,
2705,2024-10-21 17:00:00+00:00,244.88,
2706,2024-10-21 18:00:00+00:00,169.9,
2707,2024-10-21 19:00:00+00:00,115.75,
2708,2024-10-21 20:00:00+00:00,,
2709,2024-10-21 21:00:00+00:00,,
2710,2024-10-21 22:00:00+00:00,92.64,
2711,2024-10-21 23:00:00+00:00,,
2712,2024-10-22 00:00:00+00:00,,
2713,2024-10-22 01:00:00+00:00,,
2714,2024-10-22 02:00:00+00:00,,
2715,2024-10-22 03:00:00+00:00,,
2716,2024-10-22 04:00:00+00:00,168.91,
2717,2024-10-22 05:00:00+00:00,214.73,
2718,2024-10-22 06:00:00+00:00,181.85,
2719,2024-10-22 07:00:00+00:00,,
2720,2024-10-22 08:00:00+00:00,97.18,
2721,2024-10-22 09:00:00+00:00,,
2722,2024-10-22 10:00:00+00:00,,
2723,2024-10-22 11:00:00+00:00,70.88,
2724,2024-10-22 12:00:00+00:00,,
2725,2024-10-22 13:00:00+00:00,,
2726,2024-10-22 14:00:00+00:00,136.57,
2727,2024-10-22 15:00:00+00:00,193.37,
2728,2024-10-22 16:00:00+00:00,211.36,
2729,2024-10-22 17:00:00+00:00,182.8,
2730,2024-10-22 18:00:00+00:00,111.59,
2731,2024-10-22 19:00:00+00:00,94.81,
2732,2024-10-22 20:00:00+00:00,95.16,
2733,2024-10-22 21:00:00+00:00,,
2734,2024-10-22 22:00:00+00:00,,
2735,2024-10-22 23:00:00+00:00,,
2736,2024-10-23 00:00:00+00:00,81.44,
2737,2024-10-23 01:00:00+00:00,,
2738,2024-10-23 02:00:00+00:00,,
2739,2024-10-23 03:00:00+00:00,,
2740,2024-10-23 04:00:00+00:00,123.75,
2741,2024-10-23 05:00:00+00:00,172.59,
2742,2024-10-23 06:00:00+00:00,180.94,
2743,2024-10-23 07:00:00+00:00,,
2744,2024-10-23 08:00:00+00:00,,
2745,2024-10-23 09:00:00+00:00,,
2746,2024-10-23 10:00:00+00:00,,
2747,2024-10-23 11:00:00+00:00,,
2748,2024-10-23 12:00:00+00:00,,
2749,2024-10-23 13:00:00+00:00,,
2750,2024-10-23 14:00:00+00:00,137.91,
2751,2024-10-23 15:00:00+00:00,221.72,
2752,2024-10-23 16:00:00+00:00,254.85,
2753,2024-10-23 17:00:00+00:00,233.32,
2754,2024-10-23 18:00:00+00:00,173.91,
2755,2024-10-23 19:00:00+00:00,,
2756,2024-10-23 20:00:00+00:00,,
2757,2024-10-23 21:00:00+00:00,,
2758,2024-10-23 22:00:00+00:00,92.4,
2759,2024-10-23 23:00:00+00:00,82.75,
2760,2024-10-24 00:00:00+00:00,,
2761,2024-10-24 01:00:00+00:00,,
2762,2024-10-24 02:00:00+00:00,,
2763,2024-10-24 03:00:00+00:00,102.38,
2764,2024-10-24 04:00:00+00:00,168.35,
2765,2024-10-24 05:00:00+00:00,222.08,
2766,2024-10-24 06:00:00+00:00,181.86,
2767,2024-10-24 07:00:00+00:00,116.5,
2768,2024-10-24 08:00:00+00:00,,
2769,2024-10-24 09:00:00+00:00,,
2770,2024-10-24 10:00:00+00:00,,
2771,2024-10-24 11:00:00+00:00,,
2772,2024-10-24 12:00:00+00:00,,
2773,2024-10-24 13:00:00+00:00,,
2774,2024-10-24 14:00:00+00:00,,
2775,2024-10-24 15:00:00+00:00,236.56,
2776,2024-10-24 16:00:00+00:00,259.67,
2777,2024-10-24 17:00:00+00:00,239.21,
2778,2024-10-24 18:00:00+00:00,170.82,
2779,2024-10-24 19:00:00+00:00,118.9,
2780,2024-10-24 20:00:00+00:00,108.62,
2781,2024-10-24 21:00:00+00:00,,
2782,2024-10-24 22:00:00+00:00,96.3,
2783,2024-10-24 23:00:00+00:00,,
2784,2024-10-25 00:00:00+00:00,,
2785,2024-10-25 01:00:00+00:00,,
2786,2024-10-25 02:00:00+00:00,,
2787,2024-10-25 03:00:00+00:00,,
2788,2024-10-25 04:00:00+00:00,168.12,
2789,2024-10-25 05:00:00+00:00,226.9,
2790,2024-10-25 06:00:00+00:00,150.93,
2791,2024-10-25 07:00:00+00:00,,
2792,2024-10-25 08:00:00+00:00,106.76,
2793,2024-10-25 09:00:00+00:00,,
2794,2024-10-25 10:00:00+00:00,,
2795,2024-10-25 11:00:00+00:00,,
2796,2024-10-25 12:00:00+00:00,81.35,
2797,2024-10-25 13:00:00+00:00,,
2798,2024-10-25 14:00:00+00:00,140.98,
2799,2024-10-25 15:00:00+00:00,203.79,
2800,2024-10-25 16:00:00+00:00,227.73,
2801,2024-10-25 17:00:00+00:00,184.36,
2802,2024-10-25 18:00:00+00:00,,
2803,2024-10-25 19:00:00+00:00,,
2804,2024-10-25 20:00:00+00:00,,
2805,2024-10-25 21:00:00+00:00,107.58,
2806,2024-10-25 22:00:00+00:00,114.35,
2807,2024-10-25 23:00:00+00:00,,
2808,2024-10-26 00:00:00+00:00,105.83,
2809,2024-10-26 01:00:00+00:00,,
2810,2024-10-26 02:00:00+00:00,104.35,
2811,2024-10-26 03:00:00+00:00,,
2812,2024-10-26 04:00:00+00:00,,
2813,2024-10-26 05:00:00+00:00,129.85,
2814,2024-10-26 06:00:00+00:00,123.97,
2815,2024-10-26 07:00:00+00:00,116.02,
2816,2024-10-26 08:00:00+00:00,,
2817,2024-10-26 09:00:00+00:00,80.42,
2818,2024-10-26 10:00:00+00:00,,
2819,2024-10-26 11:00:00+00:00,,
2820,2024-10-26 12:00:00+00:00,,
2821,2024-10-26 13:00:00+00:00,87.25,
2822,2024-10-26 14:00:00+00:00,128.61,
2823,2024-10-26 15:00:00+00:00,156.74,
2824,2024-10-26 16:00:00+00:00,186.49,
2825,2024-10-26 17:00:00+00:00,178.09,
2826,2024-10-26 18:00:00+00:00,,
2827,2024-10-26 19:00:00+00:00,124.68,
2828,2024-10-26 20:00:00+00:00,107.95,
2829,2024-10-26 21:00:00+00:00,91.97,
2830,2024-10-26 22:00:00+00:00,92.34,
2831,2024-10-26 23:00:00+00:00,84.02,
2832,2024-10-27 00:00:00+00:00,,
2833,2024-10-27 01:00:00+00:00,80.43,
2834,2024-10-27 02:00:00+00:00,,
2835,2024-10-27 03:00:00+00:00,,
2836,2024-10-27 04:00:00+00:00,85.81,
2837,2024-10-27 05:00:00+00:00,,
2838,2024-10-27 06:00:00+00:00,,
2839,2024-10-27 07:00:00+00:00,84.24,
2840,2024-10-27 08:00:00+00:00,66.42,
2841,2024-10-27 09:00:00+00:00,54.72,
2842,2024-10-27 10:00:00+00:00,42.5,
2843,2024-10-27 11:00:00+00:00,50.3,
2844,2024-10-27 12:00:00+00:00,,
2845,2024-10-27 13:00:00+00:00,,
2846,2024-10-27 14:00:00+00:00,113.4,
2847,2024-10-27 15:00:00+00:00,,
2848,2024-10-27 16:00:00+00:00,135.89,
2849,2024-10-27 17:00:00+00:00,,
2850,2024-10-27 18:00:00+00:00,121.74,
2851,2024-10-27 19:00:00+00:00,,
2852,2024-10-27 20:00:00+00:00,106.47,
2853,2024-10-27 21:00:00+00:00,114.26,
2854,2024-10-27 22:00:00+00:00,,
2855,2024-10-27 23:00:00+00:00,95.81,
2856,2024-10-28 00:00:00+00:00,,
2857,2024-10-28 01:00:00+00:00,,
2858,2024-10-28 02:00:00+00:00,,
2859,2024-10-28 03:00:00+00:00,100.65,
2860,2024-10-28 04:00:00+00:00,,
2861,2024-10-28 05:00:00+00:00,151.72,
2862,2024-10-28 06:00:00+00:00,185.88,
2863,2024-10-28 07:00:00+00:00,,
2864,2024-10-28 08:00:00+00:00,115.15,
2865,2024-10-28 09:00:00+00:00,98.75,
2866,2024-10-28 10:00:00+00:00,101.85,
2867,2024-10-28 11:00:00+00:00,,
2868,2024-10-28 12:00:00+00:00,101.64,
2869,2024-10-28 13:00:00+00:00,,
2870,2024-10-28 14:00:00+00:00,130.32,
2871,2024-10-28 15:00:00+00:00,248.86,
2872,2024-10-28 16:00:00+00:00,270.84,
2873,2024-10-28 17:00:00+00:00,208.9,
2874,2024-10-28 18:00:00+00:00,154.78,
2875,2024-10-28 19:00:00+00:00,,
2876,2024-10-28 20:00:00+00:00,,
2877,2024-10-28 21:00:00+00:00,110.08,
2878,2024-10-28 22:00:00+00:00,102.55,
2879,2024-10-28 23:00:00+00:00,102.12,
2880,2024-10-29 00:00:00+00:00,,
2881,2024-10-29 01:00:00+00:00,98.95,
2882,2024-10-29 02:00:00+00:00,98.58,
2883,2024-10-29 03:00:00+00:00,,
2884,2024-10-29 04:00:00+00:00,113.59,
2885,2024-10-29 05:00:00+00:00,127.82,
2886,2024-10-29 06:00:00+00:00,157.73,
2887,2024-10-29 07:00:00+00:00,151.7,
2888,2024-10-29 08:00:00+00:00,,
2889,2024-10-29 09:00:00+00:00,120.7,
2890,2024-10-29 10:00:00+00:00,113.08,
2891,2024-10-29 11:00:00+00:00,,
2892,2024-10-29 12:00:00+00:00,117.96,
2893,2024-10-29 13:00:00+00:00,135.85,
2894,2024-10-29 14:00:00+00:00,172.58,
2895,2024-10-29 15:00:00+00:00,250.35,
2896,2024-10-29 16:00:00+00:00,286.35,
2897,2024-10-29 17:00:00+00:00,255.59,
2898,2024-10-29 18:00:00+00:00,204.32,
2899,2024-10-29 19:00:00+00:00,140.49,
2900,2024-10-29 20:00:00+00:00,124.27,
2901,2024-10-29 21:00:00+00:00,118.34,
2902,2024-10-29 22:00:00+00:00,103.38,
2903,2024-10-29 23:00:00+00:00,101.37,
2904,2024-10-30 00:00:00+00:00,100.82,
2905,2024-10-30 01:00:00+00:00,,
2906,2024-10-30 02:00:00+00:00,,
2907,2024-10-30 03:00:00+00:00,,
2908,2024-10-30 04:00:00+00:00,106.16,
2909,2024-10-30 05:00:00+00:00,123.84,
2910,2024-10-30 06:00:00+00:00,139.46,
2911,2024-10-30 07:00:00+00:00,139.34,
2912,2024-10-30 08:00:00+00:00,124.37,
2913,2024-10-30 09:00:00+00:00,115.21,
2914,2024-10-30 10:00:00+00:00,,
2915,2024-10-30 11:00:00+00:00,102.23,
2916,2024-10-30 12:00:00+00:00,,
2917,2024-10-30 13:00:00+00:00,111.65,
2918,2024-10-30 14:00:00+00:00,126.87,
2919,2024-10-30 15:00:00+00:00,161.24,
2920,2024-10-30 16:00:00+00:00,188.55,
2921,2024-10-30 17:00:00+00:00,,
2922,2024-10-30 18:00:00+00:00,159.93,
2923,2024-10-30 19:00:00+00:00,123.72,
2924,2024-10-30 20:00:00+00:00,,
2925,2024-10-30 21:00:00+00:00,115.66,
2926,2024-10-30 22:00:00+00:00,,
2927,2024-10-30 23:00:00+00:00,104.77,
2928,2024-10-31 00:00:00+00:00,,
2929,2024-10-31 01:00:00+00:00,96.64,
2930,2024-10-31 02:00:00+00:00,,
2931,2024-10-31 03:00:00+00:00,,
2932,2024-10-31 04:00:00+00:00,102.41,
2933,2024-10-31 05:00:00+00:00,,
2934,2024-10-31 06:00:00+00:00,135.21,
2935,2024-10-31 07:00:00+00:00,133.54,
2936,2024-10-31 08:00:00+00:00,,
2937,2024-10-31 09:00:00+00:00,105.21,
2938,2024-10-31 10:00:00+00:00,,
2939,2024-10-31 11:00:00+00:00,,
2940,2024-10-31 12:00:00+00:00,,
2941,2024-10-31 13:00:00+00:00,,
2942,2024-10-31 14:00:00+00:00,105.84,
2943,2024-10-31 15:00:00+00:00,,
2944,2024-10-31 16:00:00+00:00,120.66,
2945,2024-10-31 17:00:00+00:00,,
2946,2024-10-31 18:00:00+00:00,96.16,
2947,2024-10-31 19:00:00+00:00,78.57,
2948,2024-10-31 20:00:00+00:00,64.51,
2949,2024-10-31 21:00:00+00:00,60.75,
2950,2024-10-31 22:00:00+00:00,25.03,
2951,2024-10-31 23:00:00+00:00,1.71,
2952,2024-11-01 00:00:00+00:00,12.46,
2953,2024-11-01 01:00:00+00:00,1.16,
2954,2024-11-01 02:00:00+00:00,,
2955,2024-11-01 03:00:00+00:00,12.61,
2956,2024-11-01 04:00:00+00:00,8.08,
2957,2024-11-01 05:00:00+00:00,5.99,
2958,2024-11-01 06:00:00+00:00,6.6,
2959,2024-11-01 07:00:00+00:00,13.05,
2960,2024-11-01 08:00:00+00:00,15.46,
2961,2024-11-01 09:00:00+00:00,40.77,
2962,2024-11-01 10:00:00+00:00,16.51,
2963,2024-11-01 11:00:00+00:00,,
2964,2024-11-01 12:00:00+00:00,29.15,
2965,2024-11-01 13:00:00+00:00,65.83,
2966,2024-11-01 14:00:00+00:00,,
2967,2024-11-01 15:00:00+00:00,77.41,
2968,2024-11-01 16:00:00+00:00,,
2969,2024-11-01 17:00:00+00:00,,
2970,2024-11-01 18:00:00+00:00,77.01,
2971,2024-11-01 19:00:00+00:00,83.14,
2972,2024-11-01 20:00:00+00:00,,
2973,2024-11-01 21:00:00+00:00,,
2974,2024-11-01 22:00:00+00:00,53.01,
2975,2024-11-01 23:00:00+00:00,,
2976,2024-11-02 00:00:00+00:00,,
2977,2024-11-02 01:00:00+00:00,,
2978,2024-11-02 02:00:00+00:00,,
2979,2024-11-02 03:00:00+00:00,,
2980,2024-11-02 04:00:00+00:00,,
2981,2024-11-02 05:00:00+00:00,,
2982,2024-11-02 06:00:00+00:00,100.11,
2983,2024-11-02 07:00:00+00:00,,
2984,2024-11-02 08:00:00+00:00,81.13,
2985,2024-11-02 09:00:00+00:00,90.9,
2986,2024-11-02 10:00:00+00:00,,
2987,2024-11-02 11:00:00+00:00,88.42,
2988,2024-11-02 12:00:00+00:00,91.55,
2989,2024-11-02 13:00:00+00:00,,
2990,2024-11-02 14:00:00+00:00,121.96,
2991,2024-11-02 15:00:00+00:00,,
2992,2024-11-02 16:00:00+00:00,160.87,
2993,2024-11-02 17:00:00+00:00,150.52,
2994,2024-11-02 18:00:00+00:00,138.26,
2995,2024-11-02 19:00:00+00:00,123.26,
2996,2024-11-02 20:00:00+00:00,111.24,
2997,2024-11-02 21:00:00+00:00,,
2998,2024-11-02 22:00:00+00:00,,
2999,2024-11-02 23:00:00+00:00,101.19,
3000,2024-11-03 00:00:00+00:00,,
3001,2024-11-03 01:00:00+00:00,,
3002,2024-11-03 02:00:00+00:00,85.09,
3003,2024-11-03 03:00:00+00:00,,
3004,2024-11-03 04:00:00+00:00,,
3005,2024-11-03 05:00:00+00:00,95.74,
3006,2024-11-03 06:00:00+00:00,,
3007,2024-11-03 07:00:00+00:00,,
3008,2024-11-03 08:00:00+00:00,,
3009,2024-11-03 09:00:00+00:00,,
3010,2024-11-03 10:00:00+00:00,,
3011,2024-11-03 11:00:00+00:00,,
3012,2024-11-03 12:00:00+00:00,,
3013,2024-11-03 13:00:00+00:00,,
3014,2024-11-03 14:00:00+00:00,,
3015,2024-11-03 15:00:00+00:00,,
3016,2024-11-03 16:00:00+00:00,127.83,
3017,2024-11-03 17:00:00+00:00,122.73,
3018,2024-11-03 18:00:00+00:00,,
3019,2024-11-03 19:00:00+00:00,,
3020,2024-11-03 20:00:00+00:00,97.23,
3021,2024-11-03 21:00:00+00:00,,
3022,2024-11-03 22:00:00+00:00,,
3023,2024-11-03 23:00:00+00:00,92.04,
3024,2024-11-04 00:00:00+00:00,,
3025,2024-11-04 01:00:00+00:00,,
3026,2024-11-04 02:00:00+00:00,,
3027,2024-11-04 03:00:00+00:00,,
3028,2024-11-04 04:00:00+00:00,,
3029,2024-11-04 05:00:00+00:00,125.22,
3030,2024-11-04 06:00:00+00:00,146.62,
3031,2024-11-04 07:00:00+00:00,138.19,
3032,2024-11-04 08:00:00+00:00,,
3033,2024-11-04 09:00:00+00:00,,
3034,2024-11-04 10:00:00+00:00,96.68,
3035,2024-11-04 11:00:00+00:00,94.78,
3036,2024-11-04 12:00:00+00:00,97.95,
3037,2024-11-04 13:00:00+00:00,103.02,
3038,2024-11-04 14:00:00+00:00,146.57,
3039,2024-11-04 15:00:00+00:00,276.74,
3040,2024-11-04 16:00:00+00:00,347.65,
3041,2024-11-04 17:00:00+00:00,279.91,
3042,2024-11-04 18:00:00+00:00,229.81,
3043,2024-11-04 19:00:00+00:00,180.05,
3044,2024-11-04 20:00:00+00:00,,
3045,2024-11-04 21:00:00+00:00,,
3046,2024-11-04 22:00:00+00:00,97.94,
3047,2024-11-04 23:00:00+00:00,101.72,
3048,2024-11-05 00:00:00+00:00,,
3049,2024-11-05 01:00:00+00:00,,
3050,2024-11-05 02:00:00+00:00,,
3051,2024-11-05 03:00:00+00:00,,
3052,2024-11-05 04:00:00+00:00,,
3053,2024-11-05 05:00:00+00:00,126.29,
3054,2024-11-05 06:00:00+00:00,147.72,
3055,2024-11-05 07:00:00+00:00,,
3056,2024-11-05 08:00:00+00:00,110.56,
3057,2024-11-05 09:00:00+00:00,,
3058,2024-11-05 10:00:00+00:00,,
3059,2024-11-05 11:00:00+00:00,94.83,
3060,2024-11-05 12:00:00+00:00,,
3061,2024-11-05 13:00:00+00:00,110.23,
3062,2024-11-05 14:00:00+00:00,155.44,
3063,2024-11-05 15:00:00+00:00,322.04,
3064,2024-11-05 16:00:00+00:00,425.78,
3065,2024-11-05 17:00:00+00:00,404.82,
3066,2024-11-05 18:00:00+00:00,310.54,
3067,2024-11-05 19:00:00+00:00,174.5,
3068,2024-11-05 20:00:00+00:00,131.34,
3069,2024-11-05 21:00:00+00:00,117.77,
3070,2024-11-05 22:00:00+00:00,110.03,
3071,2024-11-05 23:00:00+00:00,,
3072,2024-11-06 00:00:00+00:00,99.05,
3073,2024-11-06 01:00:00+00:00,95.48,
3074,2024-11-06 02:00:00+00:00,97.25,
3075,2024-11-06 03:00:00+00:00,,
3076,2024-11-06 04:00:00+00:00,,
3077,2024-11-06 05:00:00+00:00,160.22,
3078,2024-11-06 06:00:00+00:00,276.72,
3079,2024-11-06 07:00:00+00:00,172.09,
3080,2024-11-06 08:00:00+00:00,,
3081,2024-11-06 09:00:00+00:00,104.05,
3082,2024-11-06 10:00:00+00:00,,
3083,2024-11-06 11:00:00+00:00,111.9,
3084,2024-11-06 12:00:00+00:00,,
3085,2024-11-06 13:00:00+00:00,115.54,
3086,2024-11-06 14:00:00+00:00,261.41,
3087,2024-11-06 15:00:00+00:00,458.27,
3088,2024-11-06 16:00:00+00:00,630.19,
3089,2024-11-06 17:00:00+00:00,513.49,
3090,2024-11-06 18:00:00+00:00,434.35,
3091,2024-11-06 19:00:00+00:00,203.27,
3092,2024-11-06 20:00:00+00:00,132.91,
3093,2024-11-06 21:00:00+00:00,,
3094,2024-11-06 22:00:00+00:00,111.61,
3095,2024-11-06 23:00:00+00:00,109.76,
3096,2024-11-07 00:00:00+00:00,,
3097,2024-11-07 01:00:00+00:00,,
3098,2024-11-07 02:00:00+00:00,100.1,
3099,2024-11-07 03:00:00+00:00,,
3100,2024-11-07 04:00:00+00:00,,
3101,2024-11-07 05:00:00+00:00,153.77,
3102,2024-11-07 06:00:00+00:00,213.93,
3103,2024-11-07 07:00:00+00:00,188.31,
3104,2024-11-07 08:00:00+00:00,142.4,
3105,2024-11-07 09:00:00+00:00,124.82,
3106,2024-11-07 10:00:00+00:00,,
3107,2024-11-07 11:00:00+00:00,128.21,
3108,2024-11-07 12:00:00+00:00,132.0,
3109,2024-11-07 13:00:00+00:00,138.39,
3110,2024-11-07 14:00:00+00:00,196.19,
3111,2024-11-07 15:00:00+00:00,256.1,
3112,2024-11-07 16:00:00+00:00,,
3113,2024-11-07 17:00:00+00:00,291.11,
3114,2024-11-07 18:00:00+00:00,179.03,
3115,2024-11-07 19:00:00+00:00,172.56,
3116,2024-11-07 20:00:00+00:00,126.94,
3117,2024-11-07 21:00:00+00:00,118.15,
3118,2024-11-07 22:00:00+00:00,106.1,
3119,2024-11-07 23:00:00+00:00,112.39,
3120,2024-11-08 00:00:00+00:00,102.64,
3121,2024-11-08 01:00:00+00:00,99.81,
3122,2024-11-08 02:00:00+00:00,99.36,
3123,2024-11-08 03:00:00+00:00,104.45,
3124,2024-11-08 04:00:00+00:00,117.6,
3125,2024-11-08 05:00:00+00:00,184.42,
3126,2024-11-08 06:00:00+00:00,193.33,
3127,2024-11-08 07:00:00+00:00,145.95,
3128,2024-11-08 08:00:00+00:00,,
3129,2024-11-08 09:00:00+00:00,117.34,
3130,2024-11-08 10:00:00+00:00,,
3131,2024-11-08 11:00:00+00:00,105.59,
3132,2024-11-08 12:00:00+00:00,,
3133,2024-11-08 13:00:00+00:00,119.36,
3134,2024-11-08 14:00:00+00:00,124.75,
3135,2024-11-08 15:00:00+00:00,,
3136,2024-11-08 16:00:00+00:00,147.44,
3137,2024-11-08 17:00:00+00:00,140.81,
3138,2024-11-08 18:00:00+00:00,135.67,
3139,2024-11-08 19:00:00+00:00,114.1,
3140,2024-11-08 20:00:00+00:00,,
3141,2024-11-08 21:00:00+00:00,113.0,
3142,2024-11-08 22:00:00+00:00,,
3143,2024-11-08 23:00:00+00:00,108.81,
3144,2024-11-09 00:00:00+00:00,,
3145,2024-11-09 01:00:00+00:00,98.0,
3146,2024-11-09 02:00:00+00:00,,
3147,2024-11-09 03:00:00+00:00,,
3148,2024-11-09 04:00:00+00:00,100.7,
3149,2024-11-09 05:00:00+00:00,,
3150,2024-11-09 06:00:00+00:00,109.87,
3151,2024-11-09 07:00:00+00:00,,
3152,2024-11-09 08:00:00+00:00,114.6,
3153,2024-11-09 09:00:00+00:00,,
3154,2024-11-09 10:00:00+00:00,,
3155,2024-11-09 11:00:00+00:00,106.88,
3156,2024-11-09 12:00:00+00:00,108.0,
3157,2024-11-09 13:00:00+00:00,114.28,
3158,2024-11-09 14:00:00+00:00,,
3159,2024-11-09 15:00:00+00:00,,
3160,2024-11-09 16:00:00+00:00,146.79,
3161,2024-11-09 17:00:00+00:00,147.24,
3162,2024-11-09 18:00:00+00:00,139.33,
3163,2024-11-09 19:00:00+00:00,128.32,
3164,2024-11-09 20:00:00+00:00,,
3165,2024-11-09 21:00:00+00:00,114.53,
3166,2024-11-09 22:00:00+00:00,,
3167,2024-11-09 23:00:00+00:00,104.99,
3168,2024-11-10 00:00:00+00:00,,
3169,2024-11-10 01:00:00+00:00,102.09,
3170,2024-11-10 02:00:00+00:00,,
3171,2024-11-10 03:00:00+00:00,101.09,
3172,2024-11-10 04:00:00+00:00,,
3173,2024-11-10 05:00:00+00:00,,
3174,2024-11-10 06:00:00+00:00,,
3175,2024-11-10 07:00:00+00:00,105.56,
3176,2024-11-10 08:00:00+00:00,111.0,
3177,2024-11-10 09:00:00+00:00,112.69,
3178,2024-11-10 10:00:00+00:00,110.13,
3179,2024-11-10 11:00:00+00:00,110.92,
3180,2024-11-10 12:00:00+00:00,108.65,
3181,2024-11-10 13:00:00+00:00,112.59,
3182,2024-11-10 14:00:00+00:00,125.92,
3183,2024-11-10 15:00:00+00:00,,
3184,2024-11-10 16:00:00+00:00,148.49,
3185,2024-11-10 17:00:00+00:00,146.11,
3186,2024-11-10 18:00:00+00:00,138.63,
3187,2024-11-10 19:00:00+00:00,125.31,
3188,2024-11-10 20:00:00+00:00,,
3189,2024-11-10 21:00:00+00:00,111.1,
3190,2024-11-10 22:00:00+00:00,108.02,
3191,2024-11-10 23:00:00+00:00,,
3192,2024-11-11 00:00:00+00:00,,
3193,2024-11-11 01:00:00+00:00,100.02,
3194,2024-11-11 02:00:00+00:00,,
3195,2024-11-11 03:00:00+00:00,,
3196,2024-11-11 04:00:00+00:00,104.01,
3197,2024-11-11 05:00:00+00:00,115.25,
3198,2024-11-11 06:00:00+00:00,122.02,
3199,2024-11-11 07:00:00+00:00,138.05,
3200,2024-11-11 08:00:00+00:00,128.88,
3201,2024-11-11 09:00:00+00:00,128.9,
3202,2024-11-11 10:00:00+00:00,,
3203,2024-11-11 11:00:00+00:00,119.39,
3204,2024-11-11 12:00:00+00:00,129.39,
3205,2024-11-11 13:00:00+00:00,131.55,
3206,2024-11-11 14:00:00+00:00,145.52,
3207,2024-11-11 15:00:00+00:00,160.92,
3208,2024-11-11 16:00:00+00:00,169.0,
3209,2024-11-11 17:00:00+00:00,158.66,
3210,2024-11-11 18:00:00+00:00,,
3211,2024-11-11 19:00:00+00:00,125.78,
3212,2024-11-11 20:00:00+00:00,,
3213,2024-11-11 21:00:00+00:00,,
3214,2024-11-11 22:00:00+00:00,102.34,
3215,2024-11-11 23:00:00+00:00,,
3216,2024-11-12 00:00:00+00:00,104.84,
3217,2024-11-12 01:00:00+00:00,102.98,
3218,2024-11-12 02:00:00+00:00,,
3219,2024-11-12 03:00:00+00:00,109.8,
3220,2024-11-12 04:00:00+00:00,119.41,
3221,2024-11-12 05:00:00+00:00,154.59,
3222,2024-11-12 06:00:00+00:00,195.28,
3223,2024-11-12 07:00:00+00:00,206.0,
3224,2024-11-12 08:00:00+00:00,219.43,
3225,2024-11-12 09:00:00+00:00,194.28,
3226,2024-11-12 10:00:00+00:00,174.93,
3227,2024-11-12 11:00:00+00:00,167.35,
3228,2024-11-12 12:00:00+00:00,157.5,
3229,2024-11-12 13:00:00+00:00,175.48,
3230,2024-11-12 14:00:00+00:00,218.73,
3231,2024-11-12 15:00:00+00:00,283.29,
3232,2024-11-12 16:00:00+00:00,330.27,
3233,2024-11-12 17:00:00+00:00,230.36,
3234,2024-11-12 18:00:00+00:00,,
3235,2024-11-12 19:00:00+00:00,151.66,
3236,2024-11-12 20:00:00+00:00,133.53,
3237,2024-11-12 21:00:00+00:00,,
3238,2024-11-12 22:00:00+00:00,,
3239,2024-11-12 23:00:00+00:00,117.78,
3240,2024-11-13 00:00:00+00:00,,
3241,2024-11-13 01:00:00+00:00,108.17,
3242,2024-11-13 02:00:00+00:00,,
3243,2024-11-13 03:00:00+00:00,,
3244,2024-11-13 04:00:00+00:00,120.47,
3245,2024-11-13 05:00:00+00:00,171.94,
3246,2024-11-13 06:00:00+00:00,206.62,
3247,2024-11-13 07:00:00+00:00,266.76,
3248,2024-11-13 08:00:00+00:00,260.89,
3249,2024-11-13 09:00:00+00:00,247.96,
3250,2024-11-13 10:00:00+00:00,231.02,
3251,2024-11-13 11:00:00+00:00,226.74,
3252,2024-11-13 12:00:00+00:00,227.39,
3253,2024-11-13 13:00:00+00:00,228.24,
3254,2024-11-13 14:00:00+00:00,251.27,
3255,2024-11-13 15:00:00+00:00,252.5,
3256,2024-11-13 16:00:00+00:00,252.51,
3257,2024-11-13 17:00:00+00:00,216.13,
3258,2024-11-13 18:00:00+00:00,186.92,
3259,2024-11-13 19:00:00+00:00,151.98,
3260,2024-11-13 20:00:00+00:00,120.6,
3261,2024-11-13 21:00:00+00:00,,
3262,2024-11-13 22:00:00+00:00,,
3263,2024-11-13 23:00:00+00:00,108.21,
3264,2024-11-14 00:00:00+00:00,,
3265,2024-11-14 01:00:00+00:00,,
3266,2024-11-14 02:00:00+00:00,92.02,
3267,2024-11-14 03:00:00+00:00,,
3268,2024-11-14 04:00:00+00:00,101.42,
3269,2024-11-14 05:00:00+00:00,122.49,
3270,2024-11-14 06:00:00+00:00,131.83,
3271,2024-11-14 07:00:00+00:00,,
3272,2024-11-14 08:00:00+00:00,,
3273,2024-11-14 09:00:00+00:00,,
3274,2024-11-14 10:00:00+00:00,,
3275,2024-11-14 11:00:00+00:00,141.84,
3276,2024-11-14 12:00:00+00:00,150.34,
3277,2024-11-14 13:00:00+00:00,149.67,
3278,2024-11-14 14:00:00+00:00,,
3279,2024-11-14 15:00:00+00:00,161.74,
3280,2024-11-14 16:00:00+00:00,,
3281,2024-11-14 17:00:00+00:00,135.34,
3282,2024-11-14 18:00:00+00:00,145.05,
3283,2024-11-14 19:00:00+00:00,,
3284,2024-11-14 20:00:00+00:00,,
3285,2024-11-14 21:00:00+00:00,120.5,
3286,2024-11-14 22:00:00+00:00,109.6,
3287,2024-11-14 23:00:00+00:00,,
3288,2024-11-15 00:00:00+00:00,,
3289,2024-11-15 01:00:00+00:00,,
3290,2024-11-15 02:00:00+00:00,,
3291,2024-11-15 03:00:00+00:00,,
3292,2024-11-15 04:00:00+00:00,102.25,
3293,2024-11-15 05:00:00+00:00,,
3294,2024-11-15 06:00:00+00:00,,
3295,2024-11-15 07:00:00+00:00,152.93,
3296,2024-11-15 08:00:00+00:00,151.75,
3297,2024-11-15 09:00:00+00:00,134.32,
3298,2024-11-15 10:00:00+00:00,133.4,
3299,2024-11-15 11:00:00+00:00,125.99,
3300,2024-11-15 12:00:00+00:00,123.21,
3301,2024-11-15 13:00:00+00:00,125.84,
3302,2024-11-15 14:00:00+00:00,,
3303,2024-11-15 15:00:00+00:00,,
3304,2024-11-15 16:00:00+00:00,,
3305,2024-11-15 17:00:00+00:00,,
3306,2024-11-15 18:00:00+00:00,99.53,
3307,2024-11-15 19:00:00+00:00,,
3308,2024-11-15 20:00:00+00:00,90.39,
3309,2024-11-15 21:00:00+00:00,,
3310,2024-11-15 22:00:00+00:00,,
3311,2024-11-15 23:00:00+00:00,,
3312,2024-11-16 00:00:00+00:00,74.06,
3313,2024-11-16 01:00:00+00:00,69.42,
3314,2024-11-16 02:00:00+00:00,60.12,
3315,2024-11-16 03:00:00+00:00,60.17,
3316,2024-11-16 04:00:00+00:00,53.23,
3317,2024-11-16 05:00:00+00:00,,
3318,2024-11-16 06:00:00+00:00,,
3319,2024-11-16 07:00:00+00:00,,
3320,2024-11-16 08:00:00+00:00,,
3321,2024-11-16 09:00:00+00:00,,
3322,2024-11-16 10:00:00+00:00,,
3323,2024-11-16 11:00:00+00:00,,
3324,2024-11-16 12:00:00+00:00,,
3325,2024-11-16 13:00:00+00:00,,
3326,2024-11-16 14:00:00+00:00,,
3327,2024-11-16 15:00:00+00:00,,
3328,2024-11-16 16:00:00+00:00,103.48,
3329,2024-11-16 17:00:00+00:00,96.25,
3330,2024-11-16 18:00:00+00:00,130.67,
3331,2024-11-16 19:00:00+00:00,104.29,
3332,2024-11-16 20:00:00+00:00,90.66,
3333,2024-11-16 21:00:00+00:00,,
3334,2024-11-16 22:00:00+00:00,21.52,
3335,2024-11-16 23:00:00+00:00,-0.14,
3336,2024-11-17 00:00:00+00:00,,
3337,2024-11-17 01:00:00+00:00,-0.1,
3338,2024-11-17 02:00:00+00:00,,
3339,2024-11-17 03:00:00+00:00,,
3340,2024-11-17 04:00:00+00:00,,
3341,2024-11-17 05:00:00+00:00,,
3342,2024-11-17 06:00:00+00:00,7.08,
3343,2024-11-17 07:00:00+00:00,50.08,
3344,2024-11-17 08:00:00+00:00,,
3345,2024-11-17 09:00:00+00:00,,
3346,2024-11-17 10:00:00+00:00,65.21,
3347,2024-11-17 11:00:00+00:00,,
3348,2024-11-17 12:00:00+00:00,,
3349,2024-11-17 13:00:00+00:00,89.76,
3350,2024-11-17 14:00:00+00:00,83.75,
3351,2024-11-17 15:00:00+00:00,101.86,
3352,2024-11-17 16:00:00+00:00,,
3353,2024-11-17 17:00:00+00:00,100.88,
3354,2024-11-17 18:00:00+00:00,,
3355,2024-11-17 19:00:00+00:00,,
3356,2024-11-17 20:00:00+00:00,,
3357,2024-11-17 21:00:00+00:00,,
3358,2024-11-17 22:00:00+00:00,20.21,
3359,2024-11-17 23:00:00+00:00,-1.16,
3360,2024-11-18 00:00:00+00:00,8.79,
3361,2024-11-18 01:00:00+00:00,3.47,
3362,2024-11-18 02:00:00+00:00,-1.27,
3363,2024-11-18 03:00:00+00:00,8.67,
3364,2024-11-18 04:00:00+00:00,34.23,
3365,2024-11-18 05:00:00+00:00,100.59,
3366,2024-11-18 06:00:00+00:00,,
3367,2024-11-18 07:00:00+00:00,121.06,
3368,2024-11-18 08:00:00+00:00,,
3369,2024-11-18 09:00:00+00:00,,
3370,2024-11-18 10:00:00+00:00,,
3371,2024-11-18 11:00:00+00:00,,
3372,2024-11-18 12:00:00+00:00,107.62,
3373,2024-11-18 13:00:00+00:00,130.35,
3374,2024-11-18 14:00:00+00:00,146.28,
3375,2024-11-18 15:00:00+00:00,160.46,
3376,2024-11-18 16:00:00+00:00,179.34,
3377,2024-11-18 17:00:00+00:00,177.17,
3378,2024-11-18 18:00:00+00:00,166.04,
3379,2024-11-18 19:00:00+00:00,,
3380,2024-11-18 20:00:00+00:00,,
3381,2024-11-18 21:00:00+00:00,,
3382,2024-11-18 22:00:00+00:00,,
3383,2024-11-18 23:00:00+00:00,95.15,
3384,2024-11-19 00:00:00+00:00,,
3385,2024-11-19 01:00:00+00:00,,
3386,2024-11-19 02:00:00+00:00,,
3387,2024-11-19 03:00:00+00:00,96.42,
3388,2024-11-19 04:00:00+00:00,96.4,
3389,2024-11-19 05:00:00+00:00,136.61,
3390,2024-11-19 06:00:00+00:00,153.64,
3391,2024-11-19 07:00:00+00:00,163.08,
3392,2024-11-19 08:00:00+00:00,155.67,
3393,2024-11-19 09:00:00+00:00,142.43,
3394,2024-11-19 10:00:00+00:00,152.04,
3395,2024-11-19 11:00:00+00:00,141.59,
3396,2024-11-19 12:00:00+00:00,136.8,
3397,2024-11-19 13:00:00+00:00,135.52,
3398,2024-11-19 14:00:00+00:00,,
3399,2024-11-19 15:00:00+00:00,,
3400,2024-11-19 16:00:00+00:00,122.94,
3401,2024-11-19 17:00:00+00:00,126.23,
3402,2024-11-19 18:00:00+00:00,122.87,
3403,2024-11-19 19:00:00+00:00,,
3404,2024-11-19 20:00:00+00:00,94.9,
3405,2024-11-19 21:00:00+00:00,,
3406,2024-11-19 22:00:00+00:00,,
3407,2024-11-19 23:00:00+00:00,61.44,
3408,2024-11-20 00:00:00+00:00,50.82,
3409,2024-11-20 01:00:00+00:00,57.79,
3410,2024-11-20 02:00:00+00:00,,
3411,2024-11-20 03:00:00+00:00,76.22,
3412,2024-11-20 04:00:00+00:00,,
3413,2024-11-20 05:00:00+00:00,118.47,
3414,2024-11-20 06:00:00+00:00,137.83,
3415,2024-11-20 07:00:00+00:00,142.87,
3416,2024-11-20 08:00:00+00:00,140.57,
3417,2024-11-20 09:00:00+00:00,,
3418,2024-11-20 10:00:00+00:00,,
3419,2024-11-20 11:00:00+00:00,111.97,
3420,2024-11-20 12:00:00+00:00,116.32,
3421,2024-11-20 13:00:00+00:00,120.86,
3422,2024-11-20 14:00:00+00:00,138.85,
3423,2024-11-20 15:00:00+00:00,151.34,
3424,2024-11-20 16:00:00+00:00,153.68,
3425,2024-11-20 17:00:00+00:00,153.44,
3426,2024-11-20 18:00:00+00:00,148.42,
3427,2024-11-20 19:00:00+00:00,135.98,
3428,2024-11-20 20:00:00+00:00,125.5,
3429,2024-11-20 21:00:00+00:00,,
3430,2024-11-20 22:00:00+00:00,103.5,
3431,2024-11-20 23:00:00+00:00,93.96,
3432,2024-11-21 00:00:00+00:00,,
3433,2024-11-21 01:00:00+00:00,86.8,
3434,2024-11-21 02:00:00+00:00,,
3435,2024-11-21 03:00:00+00:00,,
3436,2024-11-21 04:00:00+00:00,,
3437,2024-11-21 05:00:00+00:00,,
3438,2024-11-21 06:00:00+00:00,118.74,
3439,2024-11-21 07:00:00+00:00,131.92,
3440,2024-11-21 08:00:00+00:00,134.98,
3441,2024-11-21 09:00:00+00:00,,
3442,2024-11-21 10:00:00+00:00,111.81,
3443,2024-11-21 11:00:00+00:00,107.79,
3444,2024-11-21 12:00:00+00:00,118.29,
3445,2024-11-21 13:00:00+00:00,135.92,
3446,2024-11-21 14:00:00+00:00,168.33,
3447,2024-11-21 15:00:00+00:00,185.48,
3448,2024-11-21 16:00:00+00:00,177.62,
3449,2024-11-21 17:00:00+00:00,,
3450,2024-11-21 18:00:00+00:00,148.38,
3451,2024-11-21 19:00:00+00:00,142.15,
3452,2024-11-21 20:00:00+00:00,,
3453,2024-11-21 21:00:00+00:00,,
3454,2024-11-21 22:00:00+00:00,,
3455,2024-11-21 23:00:00+00:00,,
3456,2024-11-22 00:00:00+00:00,106.73,
3457,2024-11-22 01:00:00+00:00,108.25,
3458,2024-11-22 02:00:00+00:00,,
3459,2024-11-22 03:00:00+00:00,,
3460,2024-11-22 04:00:00+00:00,121.24,
3461,2024-11-22 05:00:00+00:00,160.63,
3462,2024-11-22 06:00:00+00:00,171.93,
3463,2024-11-22 07:00:00+00:00,176.01,
3464,2024-11-22 08:00:00+00:00,162.91,
3465,2024-11-22 09:00:00+00:00,142.09,
3466,2024-11-22 10:00:00+00:00,141.21,
3467,2024-11-22 11:00:00+00:00,146.3,
3468,2024-11-22 12:00:00+00:00,151.89,
3469,2024-11-22 13:00:00+00:00,183.42,
3470,2024-11-22 14:00:00+00:00,209.42,
3471,2024-11-22 15:00:00+00:00,224.84,
3472,2024-11-22 16:00:00+00:00,184.12,
3473,2024-11-22 17:00:00+00:00,158.69,
3474,2024-11-22 18:00:00+00:00,151.05,
3475,2024-11-22 19:00:00+00:00,124.55,
3476,2024-11-22 20:00:00+00:00,109.82,
3477,2024-11-22 21:00:00+00:00,114.75,
3478,2024-11-22 22:00:00+00:00,,
3479,2024-11-22 23:00:00+00:00,,
3480,2024-11-23 00:00:00+00:00,79.95,
3481,2024-11-23 01:00:00+00:00,77.77,
3482,2024-11-23 02:00:00+00:00,68.15,
3483,2024-11-23 03:00:00+00:00,78.75,
3484,2024-11-23 04:00:00+00:00,,
3485,2024-11-23 05:00:00+00:00,,
3486,2024-11-23 06:00:00+00:00,,
3487,2024-11-23 07:00:00+00:00,,
3488,2024-11-23 08:00:00+00:00,,
3489,2024-11-23 09:00:00+00:00,,
3490,2024-11-23 10:00:00+00:00,,
3491,2024-11-23 11:00:00+00:00,,
3492,2024-11-23 12:00:00+00:00,,
3493,2024-11-23 13:00:00+00:00,97.98,
3494,2024-11-23 14:00:00+00:00,122.57,
3495,2024-11-23 15:00:00+00:00,131.79,
3496,2024-11-23 16:00:00+00:00,131.06,
3497,2024-11-23 17:00:00+00:00,121.27,
3498,2024-11-23 18:00:00+00:00,118.07,
3499,2024-11-23 19:00:00+00:00,,
3500,2024-11-23 20:00:00+00:00,85.97,
3501,2024-11-23 21:00:00+00:00,69.18,
3502,2024-11-23 22:00:00+00:00,,
3503,2024-11-23 23:00:00+00:00,25.13,
3504,2024-11-24 00:00:00+00:00,21.84,
3505,2024-11-24 01:00:00+00:00,2.86,
3506,2024-11-24 02:00:00+00:00,2.91,
3507,2024-11-24 03:00:00+00:00,3.22,
3508,2024-11-24 04:00:00+00:00,10.41,
3509,2024-11-24 05:00:00+00:00,42.12,
3510,2024-11-24 06:00:00+00:00,51.91,
3511,2024-11-24 07:00:00+00:00,49.58,
3512,2024-11-24 08:00:00+00:00,,
3513,2024-11-24 09:00:00+00:00,80.92,
3514,2024-11-24 10:00:00+00:00,83.16,
3515,2024-11-24 11:00:00+00:00,82.56,
3516,2024-11-24 12:00:00+00:00,,
3517,2024-11-24 13:00:00+00:00,,
3518,2024-11-24 14:00:00+00:00,,
3519,2024-11-24 15:00:00+00:00,,
3520,2024-11-24 16:00:00+00:00,,
3521,2024-11-24 17:00:00+00:00,,
3522,2024-11-24 18:00:00+00:00,,
3523,2024-11-24 19:00:00+00:00,,
3524,2024-11-24 20:00:00+00:00,71.48,
3525,2024-11-24 21:00:00+00:00,48.33,
3526,2024-11-24 22:00:00+00:00,35.57,
3527,2024-11-24 23:00:00+00:00,-0.41,
3528,2024-11-25 00:00:00+00:00,-0.81,
3529,2024-11-25 01:00:00+00:00,-0.8,
3530,2024-11-25 02:00:00+00:00,-1.18,
3531,2024-11-25 03:00:00+00:00,,
3532,2024-11-25 04:00:00+00:00,39.16,
3533,2024-11-25 05:00:00+00:00,,
3534,2024-11-25 06:00:00+00:00,97.69,
3535,2024-11-25 07:00:00+00:00,,
3536,2024-11-25 08:00:00+00:00,,
3537,2024-11-25 09:00:00+00:00,48.57,
3538,2024-11-25 10:00:00+00:00,34.64,
3539,2024-11-25 11:00:00+00:00,61.91,
3540,2024-11-25 12:00:00+00:00,,
3541,2024-11-25 13:00:00+00:00,,
3542,2024-11-25 14:00:00+00:00,128.53,
3543,2024-11-25 15:00:00+00:00,154.48,
3544,2024-11-25 16:00:00+00:00,125.86,
3545,2024-11-25 17:00:00+00:00,130.15,
3546,2024-11-25 18:00:00+00:00,,
3547,2024-11-25 19:00:00+00:00,,
3548,2024-11-25 20:00:00+00:00,,
3549,2024-11-25 21:00:00+00:00,90.5,
3550,2024-11-25 22:00:00+00:00,,
3551,2024-11-25 23:00:00+00:00,57.7,
3552,2024-11-26 00:00:00+00:00,59.83,
3553,2024-11-26 01:00:00+00:00,63.66,
3554,2024-11-26 02:00:00+00:00,,
3555,2024-11-26 03:00:00+00:00,,
3556,2024-11-26 04:00:00+00:00,,
3557,2024-11-26 05:00:00+00:00,134.67,
3558,2024-11-26 06:00:00+00:00,,
3559,2024-11-26 07:00:00+00:00,168.98,
3560,2024-11-26 08:00:00+00:00,142.26,
3561,2024-11-26 09:00:00+00:00,121.18,
3562,2024-11-26 10:00:00+00:00,132.16,
3563,2024-11-26 11:00:00+00:00,150.04,
3564,2024-11-26 12:00:00+00:00,168.56,
3565,2024-11-26 13:00:00+00:00,198.74,
3566,2024-11-26 14:00:00+00:00,265.45,
3567,2024-11-26 15:00:00+00:00,277.88,
3568,2024-11-26 16:00:00+00:00,232.02,
3569,2024-11-26 17:00:00+00:00,182.81,
3570,2024-11-26 18:00:00+00:00,182.07,
3571,2024-11-26 19:00:00+00:00,127.05,
3572,2024-11-26 20:00:00+00:00,115.4,
3573,2024-11-26 21:00:00+00:00,125.26,
3574,2024-11-26 22:00:00+00:00,,
3575,2024-11-26 23:00:00+00:00,,
3576,2024-11-27 00:00:00+00:00,111.48,
3577,2024-11-27 01:00:00+00:00,,
3578,2024-11-27 02:00:00+00:00,113.02,
3579,2024-11-27 03:00:00+00:00,,
3580,2024-11-27 04:00:00+00:00,130.52,
3581,2024-11-27 05:00:00+00:00,171.04,
3582,2024-11-27 06:00:00+00:00,186.08,
3583,2024-11-27 07:00:00+00:00,187.66,
3584,2024-11-27 08:00:00+00:00,175.7,
3585,2024-11-27 09:00:00+00:00,157.57,
3586,2024-11-27 10:00:00+00:00,160.58,
3587,2024-11-27 11:00:00+00:00,159.28,
3588,2024-11-27 12:00:00+00:00,176.3,
3589,2024-11-27 13:00:00+00:00,212.95,
3590,2024-11-27 14:00:00+00:00,255.44,
3591,2024-11-27 15:00:00+00:00,285.41,
3592,2024-11-27 16:00:00+00:00,277.76,
3593,2024-11-27 17:00:00+00:00,243.28,
3594,2024-11-27 18:00:00+00:00,205.33,
3595,2024-11-27 19:00:00+00:00,134.08,
3596,2024-11-27 20:00:00+00:00,,
3597,2024-11-27 21:00:00+00:00,97.42,
3598,2024-11-27 22:00:00+00:00,,
3599,2024-11-27 23:00:00+00:00,,
3600,2024-11-28 00:00:00+00:00,,
3601,2024-11-28 01:00:00+00:00,61.43,
3602,2024-11-28 02:00:00+00:00,,
3603,2024-11-28 03:00:00+00:00,59.84,
3604,2024-11-28 04:00:00+00:00,,
3605,2024-11-28 05:00:00+00:00,,
3606,2024-11-28 06:00:00+00:00,,
3607,2024-11-28 07:00:00+00:00,125.39,
3608,2024-11-28 08:00:00+00:00,125.82,
3609,2024-11-28 09:00:00+00:00,125.4,
3610,2024-11-28 10:00:00+00:00,139.01,
3611,2024-11-28 11:00:00+00:00,147.55,
3612,2024-11-28 12:00:00+00:00,169.14,
3613,2024-11-28 13:00:00+00:00,157.67,
3614,2024-11-28 14:00:00+00:00,173.49,
3615,2024-11-28 15:00:00+00:00,,
3616,2024-11-28 16:00:00+00:00,144.45,
3617,2024-11-28 17:00:00+00:00,,
3618,2024-11-28 18:00:00+00:00,125.33,
3619,2024-11-28 19:00:00+00:00,,
3620,2024-11-28 20:00:00+00:00,,
3621,2024-11-28 21:00:00+00:00,,
3622,2024-11-28 22:00:00+00:00,112.6,
3623,2024-11-28 23:00:00+00:00,110.3,
3624,2024-11-29 00:00:00+00:00,,
3625,2024-11-29 01:00:00+00:00,103.47,
3626,2024-11-29 02:00:00+00:00,,
3627,2024-11-29 03:00:00+00:00,,
3628,2024-11-29 04:00:00+00:00,115.77,
3629,2024-11-29 05:00:00+00:00,132.41,
3630,2024-11-29 06:00:00+00:00,141.16,
3631,2024-11-29 07:00:00+00:00,171.74,
3632,2024-11-29 08:00:00+00:00,165.66,
3633,2024-11-29 09:00:00+00:00,143.39,
3634,2024-11-29 10:00:00+00:00,135.64,
3635,2024-11-29 11:00:00+00:00,132.33,
3636,2024-11-29 12:00:00+00:00,145.26,
3637,2024-11-29 13:00:00+00:00,156.84,
3638,2024-11-29 14:00:00+00:00,181.74,
3639,2024-11-29 15:00:00+00:00,194.38,
3640,2024-11-29 16:00:00+00:00,181.55,
3641,2024-11-29 17:00:00+00:00,156.77,
3642,2024-11-29 18:00:00+00:00,173.24,
3643,2024-11-29 19:00:00+00:00,152.14,
3644,2024-11-29 20:00:00+00:00,131.78,
3645,2024-11-29 21:00:00+00:00,121.16,
3646,2024-11-29 22:00:00+00:00,,
3647,2024-11-29 23:00:00+00:00,,
3648,2024-11-30 00:00:00+00:00,112.88,
3649,2024-11-30 01:00:00+00:00,111.47,
3650,2024-11-30 02:00:00+00:00,111.74,
3651,2024-11-30 03:00:00+00:00,111.6,
3652,2024-11-30 04:00:00+00:00,,
3653,2024-11-30 05:00:00+00:00,137.74,
3654,2024-11-30 06:00:00+00:00,161.33,
3655,2024-11-30 07:00:00+00:00,176.34,
3656,2024-11-30 08:00:00+00:00,161.41,
3657,2024-11-30 09:00:00+00:00,141.12,
3658,2024-11-30 10:00:00+00:00,139.23,
3659,2024-11-30 11:00:00+00:00,135.61,
3660,2024-11-30 12:00:00+00:00,139.26,
3661,2024-11-30 13:00:00+00:00,142.94,
3662,2024-11-30 14:00:00+00:00,155.81,
3663,2024-11-30 15:00:00+00:00,174.51,
3664,2024-11-30 16:00:00+00:00,167.79,
3665,2024-11-30 17:00:00+00:00,152.71,
3666,2024-11-30 18:00:00+00:00,131.96,
3667,2024-11-30 19:00:00+00:00,129.95,
3668,2024-11-30 20:00:00+00:00,,
3669,2024-11-30 21:00:00+00:00,,
3670,2024-11-30 22:00:00+00:00,,
3671,2024-11-30 23:00:00+00:00,,
3672,2024-12-01 00:00:00+00:00,,
3673,2024-12-01 01:00:00+00:00,,
3674,2024-12-01 02:00:00+00:00,91.19,
3675,2024-12-01 03:00:00+00:00,,
3676,2024-12-01 04:00:00+00:00,99.06,
3677,2024-12-01 05:00:00+00:00,,
3678,2024-12-01 06:00:00+00:00,,
3679,2024-12-01 07:00:00+00:00,,
3680,2024-12-01 08:00:00+00:00,,
3681,2024-12-01 09:00:00+00:00,,
3682,2024-12-01 10:00:00+00:00,82.38,
3683,2024-12-01 11:00:00+00:00,,
3684,2024-12-01 12:00:00+00:00,,
3685,2024-12-01 13:00:00+00:00,,
3686,2024-12-01 14:00:00+00:00,109.12,
3687,2024-12-01 15:00:00+00:00,137.33,
3688,2024-12-01 16:00:00+00:00,136.03,
3689,2024-12-01 17:00:00+00:00,140.16,
3690,2024-12-01 18:00:00+00:00,167.2,
3691,2024-12-01 19:00:00+00:00,150.26,
3692,2024-12-01 20:00:00+00:00,126.66,
3693,2024-12-01 21:00:00+00:00,104.61,
3694,2024-12-01 22:00:00+00:00,,
3695,2024-12-01 23:00:00+00:00,,
3696,2024-12-02 00:00:00+00:00,,
3697,2024-12-02 01:00:00+00:00,,
3698,2024-12-02 02:00:00+00:00,59.61,
3699,2024-12-02 03:00:00+00:00,72.64,
3700,2024-12-02 04:00:00+00:00,,
3701,2024-12-02 05:00:00+00:00,114.55,
3702,2024-12-02 06:00:00+00:00,,
3703,2024-12-02 07:00:00+00:00,151.44,
3704,2024-12-02 08:00:00+00:00,,
3705,2024-12-02 09:00:00+00:00,,
3706,2024-12-02 10:00:00+00:00,94.48,
3707,2024-12-02 11:00:00+00:00,105.38,
3708,2024-12-02 12:00:00+00:00,128.75,
3709,2024-12-02 13:00:00+00:00,,
3710,2024-12-02 14:00:00+00:00,186.11,
3711,2024-12-02 15:00:00+00:00,200.73,
3712,2024-12-02 16:00:00+00:00,182.05,
3713,2024-12-02 17:00:00+00:00,159.12,
3714,2024-12-02 18:00:00+00:00,155.98,
3715,2024-12-02 19:00:00+00:00,138.14,
3716,2024-12-02 20:00:00+00:00,,
3717,2024-12-02 21:00:00+00:00,124.06,
3718,2024-12-02 22:00:00+00:00,,
3719,2024-12-02 23:00:00+00:00,111.43,
3720,2024-12-03 00:00:00+00:00,,
3721,2024-12-03 01:00:00+00:00,,
3722,2024-12-03 02:00:00+00:00,,
3723,2024-12-03 03:00:00+00:00,,
3724,2024-12-03 04:00:00+00:00,116.41,
3725,2024-12-03 05:00:00+00:00,132.85,
3726,2024-12-03 06:00:00+00:00,155.75,
3727,2024-12-03 07:00:00+00:00,161.27,
3728,2024-12-03 08:00:00+00:00,160.34,
3729,2024-12-03 09:00:00+00:00,,
3730,2024-12-03 10:00:00+00:00,155.15,
3731,2024-12-03 11:00:00+00:00,155.23,
3732,2024-12-03 12:00:00+00:00,197.82,
3733,2024-12-03 13:00:00+00:00,222.87,
3734,2024-12-03 14:00:00+00:00,237.9,
3735,2024-12-03 15:00:00+00:00,221.46,
3736,2024-12-03 16:00:00+00:00,212.08,
3737,2024-12-03 17:00:00+00:00,197.88,
3738,2024-12-03 18:00:00+00:00,189.83,
3739,2024-12-03 19:00:00+00:00,173.85,
3740,2024-12-03 20:00:00+00:00,,
3741,2024-12-03 21:00:00+00:00,140.21,
3742,2024-12-03 22:00:00+00:00,130.81,
3743,2024-12-03 23:00:00+00:00,,
3744,2024-12-04 00:00:00+00:00,116.66,
3745,2024-12-04 01:00:00+00:00,112.79,
3746,2024-12-04 02:00:00+00:00,,
3747,2024-12-04 03:00:00+00:00,113.83,
3748,2024-12-04 04:00:00+00:00,124.22,
3749,2024-12-04 05:00:00+00:00,147.52,
3750,2024-12-04 06:00:00+00:00,244.47,
3751,2024-12-04 07:00:00+00:00,,
3752,2024-12-04 08:00:00+00:00,257.89,
3753,2024-12-04 09:00:00+00:00,227.97,
3754,2024-12-04 10:00:00+00:00,248.18,
3755,2024-12-04 11:00:00+00:00,239.01,
3756,2024-12-04 12:00:00+00:00,255.16,
3757,2024-12-04 13:00:00+00:00,257.94,
3758,2024-12-04 14:00:00+00:00,246.71,
3759,2024-12-04 15:00:00+00:00,267.23,
3760,2024-12-04 16:00:00+00:00,287.54,
3761,2024-12-04 17:00:00+00:00,230.05,
3762,2024-12-04 18:00:00+00:00,203.28,
3763,2024-12-04 19:00:00+00:00,164.66,
3764,2024-12-04 20:00:00+00:00,134.88,
3765,2024-12-04 21:00:00+00:00,,
3766,2024-12-04 22:00:00+00:00,113.24,
3767,2024-12-04 23:00:00+00:00,,
3768,2024-12-05 00:00:00+00:00,105.74,
3769,2024-12-05 01:00:00+00:00,103.71,
3770,2024-12-05 02:00:00+00:00,104.12,
3771,2024-12-05 03:00:00+00:00,109.14,
3772,2024-12-05 04:00:00+00:00,127.24,
3773,2024-12-05 05:00:00+00:00,165.8,
3774,2024-12-05 06:00:00+00:00,259.54,
3775,2024-12-05 07:00:00+00:00,279.57,
3776,2024-12-05 08:00:00+00:00,245.49,
3777,2024-12-05 09:00:00+00:00,205.9,
3778,2024-12-05 10:00:00+00:00,219.55,
3779,2024-12-05 11:00:00+00:00,225.99,
3780,2024-12-05 12:00:00+00:00,226.83,
3781,2024-12-05 13:00:00+00:00,262.56,
3782,2024-12-05 14:00:00+00:00,200.06,
3783,2024-12-05 15:00:00+00:00,261.76,
3784,2024-12-05 16:00:00+00:00,170.85,
3785,2024-12-05 17:00:00+00:00,138.98,
3786,2024-12-05 18:00:00+00:00,122.33,
3787,2024-12-05 19:00:00+00:00,110.21,
3788,2024-12-05 20:00:00+00:00,,
3789,2024-12-05 21:00:00+00:00,,
3790,2024-12-05 22:00:00+00:00,74.08,
3791,2024-12-05 23:00:00+00:00,57.38,
3792,2024-12-06 00:00:00+00:00,52.87,
3793,2024-12-06 01:00:00+00:00,48.76,
3794,2024-12-06 02:00:00+00:00,47.49,
3795,2024-12-06 03:00:00+00:00,,
3796,2024-12-06 04:00:00+00:00,55.0,
3797,2024-12-06 05:00:00+00:00,,
3798,2024-12-06 06:00:00+00:00,114.0,
3799,2024-12-06 07:00:00+00:00,,
3800,2024-12-06 08:00:00+00:00,134.12,
3801,2024-12-06 09:00:00+00:00,125.77,
3802,2024-12-06 10:00:00+00:00,120.85,
3803,2024-12-06 11:00:00+00:00,,
3804,2024-12-06 12:00:00+00:00,125.06,
3805,2024-12-06 13:00:00+00:00,,
3806,2024-12-06 14:00:00+00:00,167.76,
3807,2024-12-06 15:00:00+00:00,151.55,
3808,2024-12-06 16:00:00+00:00,151.22,
3809,2024-12-06 17:00:00+00:00,150.35,
3810,2024-12-06 18:00:00+00:00,164.39,
3811,2024-12-06 19:00:00+00:00,131.4,
3812,2024-12-06 20:00:00+00:00,125.68,
3813,2024-12-06 21:00:00+00:00,132.88,
3814,2024-12-06 22:00:00+00:00,,
3815,2024-12-06 23:00:00+00:00,,
3816,2024-12-07 00:00:00+00:00,108.3,
3817,2024-12-07 01:00:00+00:00,,
3818,2024-12-07 02:00:00+00:00,,
3819,2024-12-07 03:00:00+00:00,101.52,
3820,2024-12-07 04:00:00+00:00,,
3821,2024-12-07 05:00:00+00:00,123.16,
3822,2024-12-07 06:00:00+00:00,130.45,
3823,2024-12-07 07:00:00+00:00,162.54,
3824,2024-12-07 08:00:00+00:00,164.12,
3825,2024-12-07 09:00:00+00:00,149.72,
3826,2024-12-07 10:00:00+00:00,,
3827,2024-12-07 11:00:00+00:00,145.49,
3828,2024-12-07 12:00:00+00:00,141.19,
3829,2024-12-07 13:00:00+00:00,134.27,
3830,2024-12-07 14:00:00+00:00,148.44,
3831,2024-12-07 15:00:00+00:00,156.95,
3832,2024-12-07 16:00:00+00:00,134.74,
3833,2024-12-07 17:00:00+00:00,119.23,
3834,2024-12-07 18:00:00+00:00,,
3835,2024-12-07 19:00:00+00:00,,
3836,2024-12-07 20:00:00+00:00,,
3837,2024-12-07 21:00:00+00:00,103.31,
3838,2024-12-07 22:00:00+00:00,,
3839,2024-12-07 23:00:00+00:00,,
3840,2024-12-08 00:00:00+00:00,,
3841,2024-12-08 01:00:00+00:00,,
3842,2024-12-08 02:00:00+00:00,,
3843,2024-12-08 03:00:00+00:00,,
3844,2024-12-08 04:00:00+00:00,93.67,
3845,2024-12-08 05:00:00+00:00,,
3846,2024-12-08 06:00:00+00:00,,
3847,2024-12-08 07:00:00+00:00,102.07,
3848,2024-12-08 08:00:00+00:00,110.36,
3849,2024-12-08 09:00:00+00:00,,
3850,2024-12-08 10:00:00+00:00,118.24,
3851,2024-12-08 11:00:00+00:00,119.69,
3852,2024-12-08 12:00:00+00:00,,
3853,2024-12-08 13:00:00+00:00,114.59,
3854,2024-12-08 14:00:00+00:00,126.54,
3855,2024-12-08 15:00:00+00:00,146.12,
3856,2024-12-08 16:00:00+00:00,137.45,
3857,2024-12-08 17:00:00+00:00,,
3858,2024-12-08 18:00:00+00:00,131.18,
3859,2024-12-08 19:00:00+00:00,,
3860,2024-12-08 20:00:00+00:00,,
3861,2024-12-08 21:00:00+00:00,,
3862,2024-12-08 22:00:00+00:00,,
3863,2024-12-08 23:00:00+00:00,,
3864,2024-12-09 00:00:00+00:00,,
3865,2024-12-09 01:00:00+00:00,85.14,
3866,2024-12-09 02:00:00+00:00,86.95,
3867,2024-12-09 03:00:00+00:00,,
3868,2024-12-09 04:00:00+00:00,95.71,
3869,2024-12-09 05:00:00+00:00,,
3870,2024-12-09 06:00:00+00:00,144.31,
3871,2024-12-09 07:00:00+00:00,163.45,
3872,2024-12-09 08:00:00+00:00,160.55,
3873,2024-12-09 09:00:00+00:00,,
3874,2024-12-09 10:00:00+00:00,138.28,
3875,2024-12-09 11:00:00+00:00,,
3876,2024-12-09 12:00:00+00:00,,
3877,2024-12-09 13:00:00+00:00,134.18,
3878,2024-12-09 14:00:00+00:00,,
3879,2024-12-09 15:00:00+00:00,,
3880,2024-12-09 16:00:00+00:00,118.25,
3881,2024-12-09 17:00:00+00:00,115.53,
3882,2024-12-09 18:00:00+00:00,116.87,
3883,2024-12-09 19:00:00+00:00,,
3884,2024-12-09 20:00:00+00:00,92.18,
3885,2024-12-09 21:00:00+00:00,,
3886,2024-12-09 22:00:00+00:00,,
3887,2024-12-09 23:00:00+00:00,,
3888,2024-12-10 00:00:00+00:00,,
3889,2024-12-10 01:00:00+00:00,88.87,
3890,2024-12-10 02:00:00+00:00,,
3891,2024-12-10 03:00:00+00:00,93.81,
3892,2024-12-10 04:00:00+00:00,,
3893,2024-12-10 05:00:00+00:00,126.69,
3894,2024-12-10 06:00:00+00:00,135.14,
3895,2024-12-10 07:00:00+00:00,153.41,
3896,2024-12-10 08:00:00+00:00,155.62,
3897,2024-12-10 09:00:00+00:00,,
3898,2024-12-10 10:00:00+00:00,,
3899,2024-12-10 11:00:00+00:00,165.84,
3900,2024-12-10 12:00:00+00:00,191.96,
3901,2024-12-10 13:00:00+00:00,191.66,
3902,2024-12-10 14:00:00+00:00,198.87,
3903,2024-12-10 15:00:00+00:00,198.32,
3904,2024-12-10 16:00:00+00:00,196.25,
3905,2024-12-10 17:00:00+00:00,181.0,
3906,2024-12-10 18:00:00+00:00,180.09,
3907,2024-12-10 19:00:00+00:00,,
3908,2024-12-10 20:00:00+00:00,,
3909,2024-12-10 21:00:00+00:00,,
3910,2024-12-10 22:00:00+00:00,121.37,
3911,2024-12-10 23:00:00+00:00,,
3912,2024-12-11 00:00:00+00:00,107.87,
3913,2024-12-11 01:00:00+00:00,106.87,
3914,2024-12-11 02:00:00+00:00,,
3915,2024-12-11 03:00:00+00:00,,
3916,2024-12-11 04:00:00+00:00,123.92,
3917,2024-12-11 05:00:00+00:00,152.17,
3918,2024-12-11 06:00:00+00:00,279.1,
3919,2024-12-11 07:00:00+00:00,335.98,
3920,2024-12-11 08:00:00+00:00,309.05,
3921,2024-12-11 09:00:00+00:00,234.13,
3922,2024-12-11 10:00:00+00:00,211.64,
3923,2024-12-11 11:00:00+00:00,210.95,
3924,2024-12-11 12:00:00+00:00,229.26,
3925,2024-12-11 13:00:00+00:00,238.84,
3926,2024-12-11 14:00:00+00:00,218.99,
3927,2024-12-11 15:00:00+00:00,242.57,
3928,2024-12-11 16:00:00+00:00,202.59,
3929,2024-12-11 17:00:00+00:00,193.62,
3930,2024-12-11 18:00:00+00:00,183.11,
3931,2024-12-11 19:00:00+00:00,151.48,
3932,2024-12-11 20:00:00+00:00,130.63,
3933,2024-12-11 21:00:00+00:00,,
3934,2024-12-11 22:00:00+00:00,132.61,
3935,2024-12-11 23:00:00+00:00,122.24,
3936,2024-12-12 00:00:00+00:00,,
3937,2024-12-12 01:00:00+00:00,109.96,
3938,2024-12-12 02:00:00+00:00,,
3939,2024-12-12 03:00:00+00:00,112.51,
3940,2024-12-12 04:00:00+00:00,,
3941,2024-12-12 05:00:00+00:00,122.26,
3942,2024-12-12 06:00:00+00:00,304.88,
3943,2024-12-12 07:00:00+00:00,311.2,
3944,2024-12-12 08:00:00+00:00,292.61,
3945,2024-12-12 09:00:00+00:00,187.47,
3946,2024-12-12 10:00:00+00:00,182.91,
3947,2024-12-12 11:00:00+00:00,,
3948,2024-12-12 12:00:00+00:00,222.77,
3949,2024-12-12 13:00:00+00:00,231.81,
3950,2024-12-12 14:00:00+00:00,235.53,
3951,2024-12-12 15:00:00+00:00,191.22,
3952,2024-12-12 16:00:00+00:00,164.92,
3953,2024-12-12 17:00:00+00:00,148.8,
3954,2024-12-12 18:00:00+00:00,147.7,
3955,2024-12-12 19:00:00+00:00,,
3956,2024-12-12 20:00:00+00:00,,
3957,2024-12-12 21:00:00+00:00,132.92,
3958,2024-12-12 22:00:00+00:00,134.75,
3959,2024-12-12 23:00:00+00:00,130.07,
3960,2024-12-13 00:00:00+00:00,,
3961,2024-12-13 01:00:00+00:00,118.97,
3962,2024-12-13 02:00:00+00:00,114.95,
3963,2024-12-13 03:00:00+00:00,,
3964,2024-12-13 04:00:00+00:00,125.72,
3965,2024-12-13 05:00:00+00:00,,
3966,2024-12-13 06:00:00+00:00,,
3967,2024-12-13 07:00:00+00:00,232.27,
3968,2024-12-13 08:00:00+00:00,174.06,
3969,2024-12-13 09:00:00+00:00,132.96,
3970,2024-12-13 10:00:00+00:00,136.51,
3971,2024-12-13 11:00:00+00:00,131.42,
3972,2024-12-13 12:00:00+00:00,,
3973,2024-12-13 13:00:00+00:00,162.98,
3974,2024-12-13 14:00:00+00:00,199.72,
3975,2024-12-13 15:00:00+00:00,215.67,
3976,2024-12-13 16:00:00+00:00,178.85,
3977,2024-12-13 17:00:00+00:00,121.88,
3978,2024-12-13 18:00:00+00:00,119.84,
3979,2024-12-13 19:00:00+00:00,121.55,
3980,2024-12-13 20:00:00+00:00,,
3981,2024-12-13 21:00:00+00:00,135.09,
3982,2024-12-13 22:00:00+00:00,,
3983,2024-12-13 23:00:00+00:00,116.94,
3984,2024-12-14 00:00:00+00:00,,
3985,2024-12-14 01:00:00+00:00,108.04,
3986,2024-12-14 02:00:00+00:00,,
3987,2024-12-14 03:00:00+00:00,,
3988,2024-12-14 04:00:00+00:00,,
3989,2024-12-14 05:00:00+00:00,,
3990,2024-12-14 06:00:00+00:00,,
3991,2024-12-14 07:00:00+00:00,109.55,
3992,2024-12-14 08:00:00+00:00,109.33,
3993,2024-12-14 09:00:00+00:00,97.66,
3994,2024-12-14 10:00:00+00:00,97.21,
3995,2024-12-14 11:00:00+00:00,,
3996,2024-12-14 12:00:00+00:00,102.65,
3997,2024-12-14 13:00:00+00:00,,
3998,2024-12-14 14:00:00+00:00,,
3999,2024-12-14 15:00:00+00:00,118.14,
4000,2024-12-14 16:00:00+00:00,111.64,
4001,2024-12-14 17:00:00+00:00,,
4002,2024-12-14 18:00:00+00:00,,
4003,2024-12-14 19:00:00+00:00,,
4004,2024-12-14 20:00:00+00:00,,
4005,2024-12-14 21:00:00+00:00,36.71,
4006,2024-12-14 22:00:00+00:00,11.7,
4007,2024-12-14 23:00:00+00:00,4.78,
4008,2024-12-15 00:00:00+00:00,6.11,
4009,2024-12-15 01:00:00+00:00,6.03,
4010,2024-12-15 02:00:00+00:00,8.28,
4011,2024-12-15 03:00:00+00:00,,
4012,2024-12-15 04:00:00+00:00,13.92,
4013,2024-12-15 05:00:00+00:00,24.51,
4014,2024-12-15 06:00:00+00:00,28.67,
4015,2024-12-15 07:00:00+00:00,,
4016,2024-12-15 08:00:00+00:00,76.63,
4017,2024-12-15 09:00:00+00:00,,
4018,2024-12-15 10:00:00+00:00,,
4019,2024-12-15 11:00:00+00:00,,
4020,2024-12-15 12:00:00+00:00,,
4021,2024-12-15 13:00:00+00:00,73.14,
4022,2024-12-15 14:00:00+00:00,,
4023,2024-12-15 15:00:00+00:00,,
4024,2024-12-15 16:00:00+00:00,78.03,
4025,2024-12-15 17:00:00+00:00,,
4026,2024-12-15 18:00:00+00:00,74.85,
4027,2024-12-15 19:00:00+00:00,,
4028,2024-12-15 20:00:00+00:00,34.29,
4029,2024-12-15 21:00:00+00:00,,
4030,2024-12-15 22:00:00+00:00,0.47,
4031,2024-12-15 23:00:00+00:00,-8.06,
4032,2024-12-16 00:00:00+00:00,,
4033,2024-12-16 01:00:00+00:00,,
4034,2024-12-16 02:00:00+00:00,-6.87,
4035,2024-12-16 03:00:00+00:00,,
4036,2024-12-16 04:00:00+00:00,,
4037,2024-12-16 05:00:00+00:00,71.7,
4038,2024-12-16 06:00:00+00:00,,
4039,2024-12-16 07:00:00+00:00,102.39,
4040,2024-12-16 08:00:00+00:00,,
4041,2024-12-16 09:00:00+00:00,98.59,
4042,2024-12-16 10:00:00+00:00,89.77,
4043,2024-12-16 11:00:00+00:00,,
4044,2024-12-16 12:00:00+00:00,95.19,
4045,2024-12-16 13:00:00+00:00,98.47,
4046,2024-12-16 14:00:00+00:00,,
4047,2024-12-16 15:00:00+00:00,,
4048,2024-12-16 16:00:00+00:00,,
4049,2024-12-16 17:00:00+00:00,,
4050,2024-12-16 18:00:00+00:00,,
4051,2024-12-16 19:00:00+00:00,,
4052,2024-12-16 20:00:00+00:00,,
4053,2024-12-16 21:00:00+00:00,38.71,
4054,2024-12-16 22:00:00+00:00,5.19,
4055,2024-12-16 23:00:00+00:00,-16.45,
4056,2024-12-17 00:00:00+00:00,-16.42,
4057,2024-12-17 01:00:00+00:00,-11.96,
4058,2024-12-17 02:00:00+00:00,,
4059,2024-12-17 03:00:00+00:00,-7.39,
4060,2024-12-17 04:00:00+00:00,20.02,
4061,2024-12-17 05:00:00+00:00,,
4062,2024-12-17 06:00:00+00:00,,
4063,2024-12-17 07:00:00+00:00,,
4064,2024-12-17 08:00:00+00:00,,
4065,2024-12-17 09:00:00+00:00,,
4066,2024-12-17 10:00:00+00:00,,
4067,2024-12-17 11:00:00+00:00,,
4068,2024-12-17 12:00:00+00:00,105.35,
4069,2024-12-17 13:00:00+00:00,,
4070,2024-12-17 14:00:00+00:00,,
4071,2024-12-17 15:00:00+00:00,,
4072,2024-12-17 16:00:00+00:00,,
4073,2024-12-17 17:00:00+00:00,,
4074,2024-12-17 18:00:00+00:00,103.93,
4075,2024-12-17 19:00:00+00:00,,
4076,2024-12-17 20:00:00+00:00,,
4077,2024-12-17 21:00:00+00:00,,
4078,2024-12-17 22:00:00+00:00,66.79,
4079,2024-12-17 23:00:00+00:00,75.79,
4080,2024-12-18 00:00:00+00:00,67.7,
4081,2024-12-18 01:00:00+00:00,69.29,
4082,2024-12-18 02:00:00+00:00,,
4083,2024-12-18 03:00:00+00:00,,
4084,2024-12-18 04:00:00+00:00,,
4085,2024-12-18 05:00:00+00:00,234.71,
4086,2024-12-18 06:00:00+00:00,252.46,
4087,2024-12-18 07:00:00+00:00,,
4088,2024-12-18 08:00:00+00:00,199.63,
4089,2024-12-18 09:00:00+00:00,113.04,
4090,2024-12-18 10:00:00+00:00,,
4091,2024-12-18 11:00:00+00:00,,
4092,2024-12-18 12:00:00+00:00,106.79,
4093,2024-12-18 13:00:00+00:00,104.3,
4094,2024-12-18 14:00:00+00:00,,
4095,2024-12-18 15:00:00+00:00,,
4096,2024-12-18 16:00:00+00:00,101.01,
4097,2024-12-18 17:00:00+00:00,,
4098,2024-12-18 18:00:00+00:00,76.43,
4099,2024-12-18 19:00:00+00:00,74.52,
4100,2024-12-18 20:00:00+00:00,52.4,
4101,2024-12-18 21:00:00+00:00,45.85,
4102,2024-12-18 22:00:00+00:00,2.26,
4103,2024-12-18 23:00:00+00:00,1.94,
4104,2024-12-19 00:00:00+00:00,0.89,
4105,2024-12-19 01:00:00+00:00,2.71,
4106,2024-12-19 02:00:00+00:00,1.8,
4107,2024-12-19 03:00:00+00:00,20.04,
4108,2024-12-19 04:00:00+00:00,41.36,
4109,2024-12-19 05:00:00+00:00,,
4110,2024-12-19 06:00:00+00:00,89.04,
4111,2024-12-19 07:00:00+00:00,,
4112,2024-12-19 08:00:00+00:00,,
4113,2024-12-19 09:00:00+00:00,65.89,
4114,2024-12-19 10:00:00+00:00,,
4115,2024-12-19 11:00:00+00:00,,
4116,2024-12-19 12:00:00+00:00,,
4117,2024-12-19 13:00:00+00:00,,
4118,2024-12-19 14:00:00+00:00,,
4119,2024-12-19 15:00:00+00:00,96.56,
4120,2024-12-19 16:00:00+00:00,,
4121,2024-12-19 17:00:00+00:00,102.27,
4122,2024-12-19 18:00:00+00:00,,
4123,2024-12-19 19:00:00+00:00,89.23,
4124,2024-12-19 20:00:00+00:00,,
4125,2024-12-19 21:00:00+00:00,72.68,
4126,2024-12-19 22:00:00+00:00,18.6,
4127,2024-12-19 23:00:00+00:00,16.65,
4128,2024-12-20 00:00:00+00:00,15.73,
4129,2024-12-20 01:00:00+00:00,13.45,
4130,2024-12-20 02:00:00+00:00,10.22,
4131,2024-12-20 03:00:00+00:00,10.47,
4132,2024-12-20 04:00:00+00:00,,
4133,2024-12-20 05:00:00+00:00,,
4134,2024-12-20 06:00:00+00:00,104.25,
4135,2024-12-20 07:00:00+00:00,,
4136,2024-12-20 08:00:00+00:00,,
4137,2024-12-20 09:00:00+00:00,,
4138,2024-12-20 10:00:00+00:00,,
4139,2024-12-20 11:00:00+00:00,72.7,
4140,2024-12-20 12:00:00+00:00,,
4141,2024-12-20 13:00:00+00:00,,
4142,2024-12-20 14:00:00+00:00,,
4143,2024-12-20 15:00:00+00:00,102.48,
4144,2024-12-20 16:00:00+00:00,,
4145,2024-12-20 17:00:00+00:00,,
4146,2024-12-20 18:00:00+00:00,,
4147,2024-12-20 19:00:00+00:00,,
4148,2024-12-20 20:00:00+00:00,,
4149,2024-12-20 21:00:00+00:00,70.96,
4150,2024-12-20 22:00:00+00:00,59.06,
4151,2024-12-20 23:00:00+00:00,,
4152,2024-12-21 00:00:00+00:00,29.08,
4153,2024-12-21 01:00:00+00:00,29.72,
4154,2024-12-21 02:00:00+00:00,19.41,
4155,2024-12-21 03:00:00+00:00,21.72,
4156,2024-12-21 04:00:00+00:00,48.55,
4157,2024-12-21 05:00:00+00:00,,
4158,2024-12-21 06:00:00+00:00,,
4159,2024-12-21 07:00:00+00:00,,
4160,2024-12-21 08:00:00+00:00,,
4161,2024-12-21 09:00:00+00:00,,
4162,2024-12-21 10:00:00+00:00,67.96,
4163,2024-12-21 11:00:00+00:00,77.57,
4164,2024-12-21 12:00:00+00:00,,
4165,2024-12-21 13:00:00+00:00,76.44,
4166,2024-12-21 14:00:00+00:00,,
4167,2024-12-21 15:00:00+00:00,,
4168,2024-12-21 16:00:00+00:00,,
4169,2024-12-21 17:00:00+00:00,,
4170,2024-12-21 18:00:00+00:00,77.82,
4171,2024-12-21 19:00:00+00:00,,
4172,2024-12-21 20:00:00+00:00,43.63,
4173,2024-12-21 21:00:00+00:00,33.78,
4174,2024-12-21 22:00:00+00:00,5.79,
4175,2024-12-21 23:00:00+00:00,,
4176,2024-12-22 00:00:00+00:00,,
4177,2024-12-22 01:00:00+00:00,0.79,
4178,2024-12-22 02:00:00+00:00,1.2,
4179,2024-12-22 03:00:00+00:00,1.46,
4180,2024-12-22 04:00:00+00:00,2.39,
4181,2024-12-22 05:00:00+00:00,3.35,
4182,2024-12-22 06:00:00+00:00,4.7,
4183,2024-12-22 07:00:00+00:00,24.22,
4184,2024-12-22 08:00:00+00:00,42.92,
4185,2024-12-22 09:00:00+00:00,,
4186,2024-12-22 10:00:00+00:00,78.6,
4187,2024-12-22 11:00:00+00:00,,
4188,2024-12-22 12:00:00+00:00,100.33,
4189,2024-12-22 13:00:00+00:00,103.69,
4190,2024-12-22 14:00:00+00:00,102.33,
4191,2024-12-22 15:00:00+00:00,107.78,
4192,2024-12-22 16:00:00+00:00,,
4193,2024-12-22 17:00:00+00:00,108.42,
4194,2024-12-22 18:00:00+00:00,105.94,
4195,2024-12-22 19:00:00+00:00,,
4196,2024-12-22 20:00:00+00:00,,
4197,2024-12-22 21:00:00+00:00,,
4198,2024-12-22 22:00:00+00:00,78.93,
4199,2024-12-22 23:00:00+00:00,,
4200,2024-12-23 00:00:00+00:00,,
4201,2024-12-23 01:00:00+00:00,69.56,
4202,2024-12-23 02:00:00+00:00,74.58,
4203,2024-12-23 03:00:00+00:00,,
4204,2024-12-23 04:00:00+00:00,,
4205,2024-12-23 05:00:00+00:00,,
4206,2024-12-23 06:00:00+00:00,126.97,
4207,2024-12-23 07:00:00+00:00,,
4208,2024-12-23 08:00:00+00:00,148.97,
4209,2024-12-23 09:00:00+00:00,,
4210,2024-12-23 10:00:00+00:00,119.89,
4211,2024-12-23 11:00:00+00:00,129.81,
4212,2024-12-23 12:00:00+00:00,140.34,
4213,2024-12-23 13:00:00+00:00,,
4214,2024-12-23 14:00:00+00:00,185.03,
4215,2024-12-23 15:00:00+00:00,168.65,
4216,2024-12-23 16:00:00+00:00,168.71,
4217,2024-12-23 17:00:00+00:00,137.73,
4218,2024-12-23 18:00:00+00:00,147.33,
4219,2024-12-23 19:00:00+00:00,137.39,
4220,2024-12-23 20:00:00+00:00,108.36,
4221,2024-12-23 21:00:00+00:00,,
4222,2024-12-23 22:00:00+00:00,,
4223,2024-12-23 23:00:00+00:00,93.83,
4224,2024-12-24 00:00:00+00:00,93.15,
4225,2024-12-24 01:00:00+00:00,,
4226,2024-12-24 02:00:00+00:00,86.18,
4227,2024-12-24 03:00:00+00:00,,
4228,2024-12-24 04:00:00+00:00,84.49,
4229,2024-12-24 05:00:00+00:00,85.07,
4230,2024-12-24 06:00:00+00:00,100.83,
4231,2024-12-24 07:00:00+00:00,,
4232,2024-12-24 08:00:00+00:00,120.95,
4233,2024-12-24 09:00:00+00:00,,
4234,2024-12-24 10:00:00+00:00,118.16,
4235,2024-12-24 11:00:00+00:00,117.49,
4236,2024-12-24 12:00:00+00:00,115.38,
4237,2024-12-24 13:00:00+00:00,117.98,
4238,2024-12-24 14:00:00+00:00,119.5,
4239,2024-12-24 15:00:00+00:00,120.21,
4240,2024-12-24 16:00:00+00:00,118.0,
4241,2024-12-24 17:00:00+00:00,110.98,
4242,2024-12-24 18:00:00+00:00,105.66,
4243,2024-12-24 19:00:00+00:00,,
4244,2024-12-24 20:00:00+00:00,94.63,
4245,2024-12-24 21:00:00+00:00,,
4246,2024-12-24 22:00:00+00:00,,
4247,2024-12-24 23:00:00+00:00,,
4248,2024-12-25 00:00:00+00:00,,
4249,2024-12-25 01:00:00+00:00,,
4250,2024-12-25 02:00:00+00:00,,
4251,2024-12-25 03:00:00+00:00,75.99,
4252,2024-12-25 04:00:00+00:00,,
4253,2024-12-25 05:00:00+00:00,,
4254,2024-12-25 06:00:00+00:00,,
4255,2024-12-25 07:00:00+00:00,,
4256,2024-12-25 08:00:00+00:00,99.24,
4257,2024-12-25 09:00:00+00:00,,
4258,2024-12-25 10:00:00+00:00,92.55,
4259,2024-12-25 11:00:00+00:00,,
4260,2024-12-25 12:00:00+00:00,,
4261,2024-12-25 13:00:00+00:00,99.5,
4262,2024-12-25 14:00:00+00:00,,
4263,2024-12-25 15:00:00+00:00,118.42,
4264,2024-12-25 16:00:00+00:00,120.65,
4265,2024-12-25 17:00:00+00:00,119.26,
4266,2024-12-25 18:00:00+00:00,118.09,
4267,2024-12-25 19:00:00+00:00,118.45,
4268,2024-12-25 20:00:00+00:00,,
4269,2024-12-25 21:00:00+00:00,,
4270,2024-12-25 22:00:00+00:00,,
4271,2024-12-25 23:00:00+00:00,,
4272,2024-12-26 00:00:00+00:00,,
4273,2024-12-26 01:00:00+00:00,,
4274,2024-12-26 02:00:00+00:00,,
4275,2024-12-26 03:00:00+00:00,,
4276,2024-12-26 04:00:00+00:00,,
4277,2024-12-26 05:00:00+00:00,,
4278,2024-12-26 06:00:00+00:00,111.98,
4279,2024-12-26 07:00:00+00:00,,
4280,2024-12-26 08:00:00+00:00,,
4281,2024-12-26 09:00:00+00:00,113.25,
4282,2024-12-26 10:00:00+00:00,,
4283,2024-12-26 11:00:00+00:00,107.71,
4284,2024-12-26 12:00:00+00:00,,
4285,2024-12-26 13:00:00+00:00,109.64,
4286,2024-12-26 14:00:00+00:00,120.75,
4287,2024-12-26 15:00:00+00:00,,
4288,2024-12-26 16:00:00+00:00,137.9,
4289,2024-12-26 17:00:00+00:00,,
4290,2024-12-26 18:00:00+00:00,135.71,
4291,2024-12-26 19:00:00+00:00,129.13,
4292,2024-12-26 20:00:00+00:00,,
4293,2024-12-26 21:00:00+00:00,,
4294,2024-12-26 22:00:00+00:00,116.98,
4295,2024-12-26 23:00:00+00:00,,
4296,2024-12-27 00:00:00+00:00,,
4297,2024-12-27 01:00:00+00:00,101.03,
4298,2024-12-27 02:00:00+00:00,,
4299,2024-12-27 03:00:00+00:00,99.58,
4300,2024-12-27 04:00:00+00:00,106.2,
4301,2024-12-27 05:00:00+00:00,115.7,
4302,2024-12-27 06:00:00+00:00,,
4303,2024-12-27 07:00:00+00:00,131.85,
4304,2024-12-27 08:00:00+00:00,,
4305,2024-12-27 09:00:00+00:00,120.1,
4306,2024-12-27 10:00:00+00:00,107.94,
4307,2024-12-27 11:00:00+00:00,,
4308,2024-12-27 12:00:00+00:00,,
4309,2024-12-27 13:00:00+00:00,122.04,
4310,2024-12-27 14:00:00+00:00,137.23,
4311,2024-12-27 15:00:00+00:00,146.81,
4312,2024-12-27 16:00:00+00:00,151.87,
4313,2024-12-27 17:00:00+00:00,158.4,
4314,2024-12-27 18:00:00+00:00,146.43,
4315,2024-12-27 19:00:00+00:00,133.14,
4316,2024-12-27 20:00:00+00:00,125.42,
4317,2024-12-27 21:00:00+00:00,126.76,
4318,2024-12-27 22:00:00+00:00,,
4319,2024-12-27 23:00:00+00:00,,
4320,2024-12-28 00:00:00+00:00,116.63,
4321,2024-12-28 01:00:00+00:00,110.15,
4322,2024-12-28 02:00:00+00:00,,
4323,2024-12-28 03:00:00+00:00,,
4324,2024-12-28 04:00:00+00:00,105.58,
4325,2024-12-28 05:00:00+00:00,,
4326,2024-12-28 06:00:00+00:00,,
4327,2024-12-28 07:00:00+00:00,128.0,
4328,2024-12-28 08:00:00+00:00,,
4329,2024-12-28 09:00:00+00:00,122.83,
4330,2024-12-28 10:00:00+00:00,,
4331,2024-12-28 11:00:00+00:00,108.97,
4332,2024-12-28 12:00:00+00:00,,
4333,2024-12-28 13:00:00+00:00,117.93,
4334,2024-12-28 14:00:00+00:00,138.49,
4335,2024-12-28 15:00:00+00:00,141.01,
4336,2024-12-28 16:00:00+00:00,148.34,
4337,2024-12-28 17:00:00+00:00,145.65,
4338,2024-12-28 18:00:00+00:00,138.21,
4339,2024-12-28 19:00:00+00:00,127.4,
4340,2024-12-28 20:00:00+00:00,,
4341,2024-12-28 21:00:00+00:00,121.25,
4342,2024-12-28 22:00:00+00:00,,
4343,2024-12-28 23:00:00+00:00,127.39,
4344,2024-12-29 00:00:00+00:00,114.09,
4345,2024-12-29 01:00:00+00:00,,
4346,2024-12-29 02:00:00+00:00,,
4347,2024-12-29 03:00:00+00:00,,
4348,2024-12-29 04:00:00+00:00,98.61,
4349,2024-12-29 05:00:00+00:00,,
4350,2024-12-29 06:00:00+00:00,,
4351,2024-12-29 07:00:00+00:00,110.71,
4352,2024-12-29 08:00:00+00:00,,
4353,2024-12-29 09:00:00+00:00,,
4354,2024-12-29 10:00:00+00:00,,
4355,2024-12-29 11:00:00+00:00,,
4356,2024-12-29 12:00:00+00:00,100.55,
4357,2024-12-29 13:00:00+00:00,,
4358,2024-12-29 14:00:00+00:00,,
4359,2024-12-29 15:00:00+00:00,,
4360,2024-12-29 16:00:00+00:00,109.47,
4361,2024-12-29 17:00:00+00:00,,
4362,2024-12-29 18:00:00+00:00,107.7,
4363,2024-12-29 19:00:00+00:00,98.15,
4364,2024-12-29 20:00:00+00:00,,
4365,2024-12-29 21:00:00+00:00,,
4366,2024-12-29 22:00:00+00:00,,
4367,2024-12-29 23:00:00+00:00,11.37,
4368,2024-12-30 00:00:00+00:00,11.92,
4369,2024-12-30 01:00:00+00:00,2.33,
4370,2024-12-30 02:00:00+00:00,1.58,
4371,2024-12-30 03:00:00+00:00,,
4372,2024-12-30 04:00:00+00:00,23.22,
4373,2024-12-30 05:00:00+00:00,74.93,
4374,2024-12-30 06:00:00+00:00,,
4375,2024-12-30 07:00:00+00:00,78.45,
4376,2024-12-30 08:00:00+00:00,,
4377,2024-12-30 09:00:00+00:00,,
4378,2024-12-30 10:00:00+00:00,,
4379,2024-12-30 11:00:00+00:00,,
4380,2024-12-30 12:00:00+00:00,,
4381,2024-12-30 13:00:00+00:00,,
4382,2024-12-30 14:00:00+00:00,,
4383,2024-12-30 15:00:00+00:00,,
4384,2024-12-30 16:00:00+00:00,,
4385,2024-12-30 17:00:00+00:00,,
4386,2024-12-30 18:00:00+00:00,86.35,
4387,2024-12-30 19:00:00+00:00,,
4388,2024-12-30 20:00:00+00:00,65.25,
4389,2024-12-30 21:00:00+00:00,,
4390,2024-12-30 22:00:00+00:00,,
4391,2024-12-30 23:00:00+00:00,,
4392,2024-12-31 00:00:00+00:00,,
4393,2024-12-31 01:00:00+00:00,,
4394,2024-12-31 02:00:00+00:00,1.97,
4395,2024-12-31 03:00:00+00:00,20.66,
4396,2024-12-31 04:00:00+00:00,5.77,
4397,2024-12-31 05:00:00+00:00,,
4398,2024-12-31 06:00:00+00:00,,
4399,2024-12-31 07:00:00+00:00,85.01,
4400,2024-12-31 08:00:00+00:00,,
4401,2024-12-31 09:00:00+00:00,,
4402,2024-12-31 10:00:00+00:00,69.05,
4403,2024-12-31 11:00:00+00:00,,
4404,2024-12-31 12:00:00+00:00,93.05,
4405,2024-12-31 13:00:00+00:00,96.01,
4406,2024-12-31 14:00:00+00:00,105.4,
4407,2024-12-31 15:00:00+00:00,,
4408,2024-12-31 16:00:00+00:00,,
4409,2024-12-31 17:00:00+00:00,,
4410,2024-12-31 18:00:00+00:00,,
4411,2024-12-31 19:00:00+00:00,54.18,
4412,2024-12-31 20:00:00+00:00,22.82,
4413,2024-12-31 21:00:00+00:00,2.27,
4414,2024-12-31 22:00:00+00:00,0.15,
4415,2024-12-31 23:00:00+00:00,15.41,
4416,2025-01-01 00:00:00+00:00,2.19,
4417,2025-01-01 01:00:00+00:00,,
4418,2025-01-01 02:00:00+00:00,1.69,
4419,2025-01-01 03:00:00+00:00,0.09,
4420,2025-01-01 04:00:00+00:00,,
4421,2025-01-01 05:00:00+00:00,,
4422,2025-01-01 06:00:00+00:00,,
4423,2025-01-01 07:00:00+00:00,-4.94,
4424,2025-01-01 08:00:00+00:00,-50.26,
4425,2025-01-01 09:00:00+00:00,-72.99,
4426,2025-01-01 10:00:00+00:00,-59.57,
4427,2025-01-01 11:00:00+00:00,-48.26,
4428,2025-01-01 12:00:00+00:00,,
4429,2025-01-01 13:00:00+00:00,0.13,
4430,2025-01-01 14:00:00+00:00,23.25,
4431,2025-01-01 15:00:00+00:00,45.19,
4432,2025-01-01 16:00:00+00:00,47.03,
4433,2025-01-01 17:00:00+00:00,41.76,
4434,2025-01-01 18:00:00+00:00,39.38,
4435,2025-01-01 19:00:00+00:00,34.63,
4436,2025-01-01 20:00:00+00:00,13.82,
4437,2025-01-01 21:00:00+00:00,9.71,
4438,2025-01-01 22:00:00+00:00,,
4439,2025-01-01 23:00:00+00:00,-15.12,
4440,2025-01-02 00:00:00+00:00,-8.43,
4441,2025-01-02 01:00:00+00:00,-21.04,
4442,2025-01-02 02:00:00+00:00,-10.56,
4443,2025-01-02 03:00:00+00:00,-10.68,
4444,2025-01-02 04:00:00+00:00,,
4445,2025-01-02 05:00:00+00:00,40.08,
4446,2025-01-02 06:00:00+00:00,,
4447,2025-01-02 07:00:00+00:00,,
4448,2025-01-02 08:00:00+00:00,114.93,
4449,2025-01-02 09:00:00+00:00,119.79,
4450,2025-01-02 10:00:00+00:00,,
4451,2025-01-02 11:00:00+00:00,,
4452,2025-01-02 12:00:00+00:00,,
4453,2025-01-02 13:00:00+00:00,,
4454,2025-01-02 14:00:00+00:00,130.11,
4455,2025-01-02 15:00:00+00:00,136.43,
4456,2025-01-02 16:00:00+00:00,151.99,
4457,2025-01-02 17:00:00+00:00,152.6,
4458,2025-01-02 18:00:00+00:00,139.06,
4459,2025-01-02 19:00:00+00:00,,
4460,2025-01-02 20:00:00+00:00,,
4461,2025-01-02 21:00:00+00:00,,
4462,2025-01-02 22:00:00+00:00,74.79,
4463,2025-01-02 23:00:00+00:00,89.13,
4464,2025-01-03 00:00:00+00:00,68.97,
4465,2025-01-03 01:00:00+00:00,,
4466,2025-01-03 02:00:00+00:00,,
4467,2025-01-03 03:00:00+00:00,,
4468,2025-01-03 04:00:00+00:00,68.0,
4469,2025-01-03 05:00:00+00:00,97.53,
4470,2025-01-03 06:00:00+00:00,,
4471,2025-01-03 07:00:00+00:00,,
4472,2025-01-03 08:00:00+00:00,,
4473,2025-01-03 09:00:00+00:00,,
4474,2025-01-03 10:00:00+00:00,73.93,
4475,2025-01-03 11:00:00+00:00,,
4476,2025-01-03 12:00:00+00:00,92.99,
4477,2025-01-03 13:00:00+00:00,94.02,
4478,2025-01-03 14:00:00+00:00,,
4479,2025-01-03 15:00:00+00:00,,
4480,2025-01-03 16:00:00+00:00,,
4481,2025-01-03 17:00:00+00:00,108.99,
4482,2025-01-03 18:00:00+00:00,108.44,
4483,2025-01-03 19:00:00+00:00,,
4484,2025-01-03 20:00:00+00:00,,
4485,2025-01-03 21:00:00+00:00,,
4486,2025-01-03 22:00:00+00:00,68.95,
4487,2025-01-03 23:00:00+00:00,57.35,
4488,2025-01-04 00:00:00+00:00,,
4489,2025-01-04 01:00:00+00:00,58.84,
4490,2025-01-04 02:00:00+00:00,,
4491,2025-01-04 03:00:00+00:00,,
4492,2025-01-04 04:00:00+00:00,91.93,
4493,2025-01-04 05:00:00+00:00,,
4494,2025-01-04 06:00:00+00:00,119.45,
4495,2025-01-04 07:00:00+00:00,128.39,
4496,2025-01-04 08:00:00+00:00,130.75,
4497,2025-01-04 09:00:00+00:00,130.34,
4498,2025-01-04 10:00:00+00:00,,
4499,2025-01-04 11:00:00+00:00,130.03,
4500,2025-01-04 12:00:00+00:00,,
4501,2025-01-04 13:00:00+00:00,137.36,
4502,2025-01-04 14:00:00+00:00,163.92,
4503,2025-01-04 15:00:00+00:00,143.57,
4504,2025-01-04 16:00:00+00:00,,
4505,2025-01-04 17:00:00+00:00,141.33,
4506,2025-01-04 18:00:00+00:00,135.06,
4507,2025-01-04 19:00:00+00:00,127.84,
4508,2025-01-04 20:00:00+00:00,,
4509,2025-01-04 21:00:00+00:00,,
4510,2025-01-04 22:00:00+00:00,108.89,
4511,2025-01-04 23:00:00+00:00,,
4512,2025-01-05 00:00:00+00:00,99.88,
4513,2025-01-05 01:00:00+00:00,94.11,
4514,2025-01-05 02:00:00+00:00,93.85,
4515,2025-01-05 03:00:00+00:00,90.18,
4516,2025-01-05 04:00:00+00:00,84.82,
4517,2025-01-05 05:00:00+00:00,,
4518,2025-01-05 06:00:00+00:00,,
4519,2025-01-05 07:00:00+00:00,,
4520,2025-01-05 08:00:00+00:00,,
4521,2025-01-05 09:00:00+00:00,,
4522,2025-01-05 10:00:00+00:00,102.08,
4523,2025-01-05 11:00:00+00:00,,
4524,2025-01-05 12:00:00+00:00,99.54,
4525,2025-01-05 13:00:00+00:00,,
4526,2025-01-05 14:00:00+00:00,115.01,
4527,2025-01-05 15:00:00+00:00,110.26,
4528,2025-01-05 16:00:00+00:00,,
4529,2025-01-05 17:00:00+00:00,,
4530,2025-01-05 18:00:00+00:00,103.83,
4531,2025-01-05 19:00:00+00:00,,
4532,2025-01-05 20:00:00+00:00,,
4533,2025-01-05 21:00:00+00:00,,
4534,2025-01-05 22:00:00+00:00,49.41,
4535,2025-01-05 23:00:00+00:00,42.75,
4536,2025-01-06 00:00:00+00:00,44.19,
4537,2025-01-06 01:00:00+00:00,34.31,
4538,2025-01-06 02:00:00+00:00,,
4539,2025-01-06 03:00:00+00:00,31.04,
4540,2025-01-06 04:00:00+00:00,,
4541,2025-01-06 05:00:00+00:00,56.22,
4542,2025-01-06 06:00:00+00:00,,
4543,2025-01-06 07:00:00+00:00,,
4544,2025-01-06 08:00:00+00:00,66.17,
4545,2025-01-06 09:00:00+00:00,,
4546,2025-01-06 10:00:00+00:00,50.74,
4547,2025-01-06 11:00:00+00:00,50.4,
4548,2025-01-06 12:00:00+00:00,,
4549,2025-01-06 13:00:00+00:00,84.33,
4550,2025-01-06 14:00:00+00:00,,
4551,2025-01-06 15:00:00+00:00,,
4552,2025-01-06 16:00:00+00:00,,
4553,2025-01-06 17:00:00+00:00,,
4554,2025-01-06 18:00:00+00:00,,
4555,2025-01-06 19:00:00+00:00,,
4556,2025-01-06 20:00:00+00:00,,
4557,2025-01-06 21:00:00+00:00,53.44,
4558,2025-01-06 22:00:00+00:00,33.03,
4559,2025-01-06 23:00:00+00:00,24.27,
4560,2025-01-07 00:00:00+00:00,26.11,
4561,2025-01-07 01:00:00+00:00,26.12,
4562,2025-01-07 02:00:00+00:00,8.66,
4563,2025-01-07 03:00:00+00:00,27.59,
4564,2025-01-07 04:00:00+00:00,,
4565,2025-01-07 05:00:00+00:00,,
4566,2025-01-07 06:00:00+00:00,102.53,
4567,2025-01-07 07:00:00+00:00,,
4568,2025-01-07 08:00:00+00:00,119.43,
4569,2025-01-07 09:00:00+00:00,,
4570,2025-01-07 10:00:00+00:00,,
4571,2025-01-07 11:00:00+00:00,,
4572,2025-01-07 12:00:00+00:00,,
4573,2025-01-07 13:00:00+00:00,,
4574,2025-01-07 14:00:00+00:00,,
4575,2025-01-07 15:00:00+00:00,130.59,
4576,2025-01-07 16:00:00+00:00,,
4577,2025-01-07 17:00:00+00:00,,
4578,2025-01-07 18:00:00+00:00,105.87,
4579,2025-01-07 19:00:00+00:00,93.49,
4580,2025-01-07 20:00:00+00:00,,
4581,2025-01-07 21:00:00+00:00,,
4582,2025-01-07 22:00:00+00:00,50.24,
4583,2025-01-07 23:00:00+00:00,71.82,
4584,2025-01-08 00:00:00+00:00,,
4585,2025-01-08 01:00:00+00:00,55.98,
4586,2025-01-08 02:00:00+00:00,53.09,
4587,2025-01-08 03:00:00+00:00,53.49,
4588,2025-01-08 04:00:00+00:00,,
4589,2025-01-08 05:00:00+00:00,104.62,
4590,2025-01-08 06:00:00+00:00,,
4591,2025-01-08 07:00:00+00:00,,
4592,2025-01-08 08:00:00+00:00,108.64,
4593,2025-01-08 09:00:00+00:00,95.98,
4594,2025-01-08 10:00:00+00:00,,
4595,2025-01-08 11:00:00+00:00,92.05,
4596,2025-01-08 12:00:00+00:00,,
4597,2025-01-08 13:00:00+00:00,118.55,
4598,2025-01-08 14:00:00+00:00,,
4599,2025-01-08 15:00:00+00:00,145.13,
4600,2025-01-08 16:00:00+00:00,154.57,
4601,2025-01-08 17:00:00+00:00,148.88,
4602,2025-01-08 18:00:00+00:00,,
4603,2025-01-08 19:00:00+00:00,136.7,
4604,2025-01-08 20:00:00+00:00,,
4605,2025-01-08 21:00:00+00:00,,
4606,2025-01-08 22:00:00+00:00,104.4,
4607,2025-01-08 23:00:00+00:00,103.33,
4608,2025-01-09 00:00:00+00:00,102.4,
4609,2025-01-09 01:00:00+00:00,,
4610,2025-01-09 02:00:00+00:00,,
4611,2025-01-09 03:00:00+00:00,101.79,
4612,2025-01-09 04:00:00+00:00,,
4613,2025-01-09 05:00:00+00:00,130.44,
4614,2025-01-09 06:00:00+00:00,,
4615,2025-01-09 07:00:00+00:00,162.27,
4616,2025-01-09 08:00:00+00:00,153.95,
4617,2025-01-09 09:00:00+00:00,,
4618,2025-01-09 10:00:00+00:00,138.22,
4619,2025-01-09 11:00:00+00:00,,
4620,2025-01-09 12:00:00+00:00,127.51,
4621,2025-01-09 13:00:00+00:00,134.72,
4622,2025-01-09 14:00:00+00:00,,
4623,2025-01-09 15:00:00+00:00,148.18,
4624,2025-01-09 16:00:00+00:00,129.68,
4625,2025-01-09 17:00:00+00:00,,
4626,2025-01-09 18:00:00+00:00,,
4627,2025-01-09 19:00:00+00:00,,
4628,2025-01-09 20:00:00+00:00,,
4629,2025-01-09 21:00:00+00:00,100.41,
4630,2025-01-09 22:00:00+00:00,,
4631,2025-01-09 23:00:00+00:00,,
4632,2025-01-10 00:00:00+00:00,,
4633,2025-01-10 01:00:00+00:00,,
4634,2025-01-10 02:00:00+00:00,50.94,
4635,2025-01-10 03:00:00+00:00,66.18,
4636,2025-01-10 04:00:00+00:00,,
4637,2025-01-10 05:00:00+00:00,,
4638,2025-01-10 06:00:00+00:00,,
4639,2025-01-10 07:00:00+00:00,138.92,
4640,2025-01-10 08:00:00+00:00,136.26,
4641,2025-01-10 09:00:00+00:00,123.57,
4642,2025-01-10 10:00:00+00:00,,
4643,2025-01-10 11:00:00+00:00,,
4644,2025-01-10 12:00:00+00:00,105.01,
4645,2025-01-10 13:00:00+00:00,,
4646,2025-01-10 14:00:00+00:00,128.69,
4647,2025-01-10 15:00:00+00:00,,
4648,2025-01-10 16:00:00+00:00,,
4649,2025-01-10 17:00:00+00:00,143.82,
4650,2025-01-10 18:00:00+00:00,,
4651,2025-01-10 19:00:00+00:00,134.78,
4652,2025-01-10 20:00:00+00:00,122.51,
4653,2025-01-10 21:00:00+00:00,,
4654,2025-01-10 22:00:00+00:00,,
4655,2025-01-10 23:00:00+00:00,,
4656,2025-01-11 00:00:00+00:00,,
4657,2025-01-11 01:00:00+00:00,,
4658,2025-01-11 02:00:00+00:00,,
4659,2025-01-11 03:00:00+00:00,80.18,
4660,2025-01-11 04:00:00+00:00,,
4661,2025-01-11 05:00:00+00:00,74.69,
4662,2025-01-11 06:00:00+00:00,,
4663,2025-01-11 07:00:00+00:00,,
4664,2025-01-11 08:00:00+00:00,,
4665,2025-01-11 09:00:00+00:00,,
4666,2025-01-11 10:00:00+00:00,99.67,
4667,2025-01-11 11:00:00+00:00,96.78,
4668,2025-01-11 12:00:00+00:00,,
4669,2025-01-11 13:00:00+00:00,,
4670,2025-01-11 14:00:00+00:00,,
4671,2025-01-11 15:00:00+00:00,,
4672,2025-01-11 16:00:00+00:00,,
4673,2025-01-11 17:00:00+00:00,,
4674,2025-01-11 18:00:00+00:00,,
4675,2025-01-11 19:00:00+00:00,,
4676,2025-01-11 20:00:00+00:00,,
4677,2025-01-11 21:00:00+00:00,,
4678,2025-01-11 22:00:00+00:00,,
4679,2025-01-11 23:00:00+00:00,,
4680,2025-01-12 00:00:00+00:00,,
4681,2025-01-12 01:00:00+00:00,,
4682,2025-01-12 02:00:00+00:00,82.67,
4683,2025-01-12 03:00:00+00:00,,
4684,2025-01-12 04:00:00+00:00,,
4685,2025-01-12 05:00:00+00:00,,
4686,2025-01-12 06:00:00+00:00,,
4687,2025-01-12 07:00:00+00:00,109.36,
4688,2025-01-12 08:00:00+00:00,120.07,
4689,2025-01-12 09:00:00+00:00,,
4690,2025-01-12 10:00:00+00:00,,
4691,2025-01-12 11:00:00+00:00,,
4692,2025-01-12 12:00:00+00:00,99.61,
4693,2025-01-12 13:00:00+00:00,,
4694,2025-01-12 14:00:00+00:00,119.31,
4695,2025-01-12 15:00:00+00:00,133.88,
4696,2025-01-12 16:00:00+00:00,141.69,
4697,2025-01-12 17:00:00+00:00,146.66,
4698,2025-01-12 18:00:00+00:00,,
4699,2025-01-12 19:00:00+00:00,,
4700,2025-01-12 20:00:00+00:00,127.61,
4701,2025-01-12 21:00:00+00:00,121.33,
4702,2025-01-12 22:00:00+00:00,114.9,
4703,2025-01-12 23:00:00+00:00,,
4704,2025-01-13 00:00:00+00:00,,
4705,2025-01-13 01:00:00+00:00,,
4706,2025-01-13 02:00:00+00:00,100.37,
4707,2025-01-13 03:00:00+00:00,,
4708,2025-01-13 04:00:00+00:00,,
4709,2025-01-13 05:00:00+00:00,140.29,
4710,2025-01-13 06:00:00+00:00,181.64,
4711,2025-01-13 07:00:00+00:00,222.42,
4712,2025-01-13 08:00:00+00:00,175.11,
4713,2025-01-13 09:00:00+00:00,142.31,
4714,2025-01-13 10:00:00+00:00,130.02,
4715,2025-01-13 11:00:00+00:00,130.56,
4716,2025-01-13 12:00:00+00:00,142.62,
4717,2025-01-13 13:00:00+00:00,,
4718,2025-01-13 14:00:00+00:00,,
4719,2025-01-13 15:00:00+00:00,139.49,
4720,2025-01-13 16:00:00+00:00,,
4721,2025-01-13 17:00:00+00:00,149.16,
4722,2025-01-13 18:00:00+00:00,,
4723,2025-01-13 19:00:00+00:00,122.47,
4724,2025-01-13 20:00:00+00:00,,
4725,2025-01-13 21:00:00+00:00,,
4726,2025-01-13 22:00:00+00:00,103.77,
4727,2025-01-13 23:00:00+00:00,108.05,
4728,2025-01-14 00:00:00+00:00,,
4729,2025-01-14 01:00:00+00:00,,
4730,2025-01-14 02:00:00+00:00,,
4731,2025-01-14 03:00:00+00:00,,
4732,2025-01-14 04:00:00+00:00,,
4733,2025-01-14 05:00:00+00:00,122.72,
4734,2025-01-14 06:00:00+00:00,157.83,
4735,2025-01-14 07:00:00+00:00,184.15,
4736,2025-01-14 08:00:00+00:00,151.92,
4737,2025-01-14 09:00:00+00:00,123.39,
4738,2025-01-14 10:00:00+00:00,,
4739,2025-01-14 11:00:00+00:00,,
4740,2025-01-14 12:00:00+00:00,117.04,
4741,2025-01-14 13:00:00+00:00,,
4742,2025-01-14 14:00:00+00:00,124.86,
4743,2025-01-14 15:00:00+00:00,136.27,
4744,2025-01-14 16:00:00+00:00,157.79,
4745,2025-01-14 17:00:00+00:00,164.5,
4746,2025-01-14 18:00:00+00:00,156.39,
4747,2025-01-14 19:00:00+00:00,125.44,
4748,2025-01-14 20:00:00+00:00,110.4,
4749,2025-01-14 21:00:00+00:00,112.62,
4750,2025-01-14 22:00:00+00:00,,
4751,2025-01-14 23:00:00+00:00,,
4752,2025-01-15 00:00:00+00:00,,
4753,2025-01-15 01:00:00+00:00,,
4754,2025-01-15 02:00:00+00:00,107.03,
4755,2025-01-15 03:00:00+00:00,,
4756,2025-01-15 04:00:00+00:00,113.42,
4757,2025-01-15 05:00:00+00:00,127.35,
4758,2025-01-15 06:00:00+00:00,172.33,
4759,2025-01-15 07:00:00+00:00,240.64,
4760,2025-01-15 08:00:00+00:00,286.23,
4761,2025-01-15 09:00:00+00:00,240.61,
4762,2025-01-15 10:00:00+00:00,240.69,
4763,2025-01-15 11:00:00+00:00,243.82,
4764,2025-01-15 12:00:00+00:00,273.83,
4765,2025-01-15 13:00:00+00:00,264.15,
4766,2025-01-15 14:00:00+00:00,282.32,
4767,2025-01-15 15:00:00+00:00,325.93,
4768,2025-01-15 16:00:00+00:00,325.15,
4769,2025-01-15 17:00:00+00:00,281.34,
4770,2025-01-15 18:00:00+00:00,272.61,
4771,2025-01-15 19:00:00+00:00,181.43,
4772,2025-01-15 20:00:00+00:00,,
4773,2025-01-15 21:00:00+00:00,127.57,
4774,2025-01-15 22:00:00+00:00,123.9,
4775,2025-01-15 23:00:00+00:00,126.21,
4776,2025-01-16 00:00:00+00:00,,
4777,2025-01-16 01:00:00+00:00,,
4778,2025-01-16 02:00:00+00:00,113.63,
4779,2025-01-16 03:00:00+00:00,113.79,
4780,2025-01-16 04:00:00+00:00,121.53,
4781,2025-01-16 05:00:00+00:00,135.08,
4782,2025-01-16 06:00:00+00:00,170.93,
4783,2025-01-16 07:00:00+00:00,198.89,
4784,2025-01-16 08:00:00+00:00,175.0,
4785,2025-01-16 09:00:00+00:00,151.9,
4786,2025-01-16 10:00:00+00:00,,
4787,2025-01-16 11:00:00+00:00,,
4788,2025-01-16 12:00:00+00:00,133.7,
4789,2025-01-16 13:00:00+00:00,140.23,
4790,2025-01-16 14:00:00+00:00,162.25,
4791,2025-01-16 15:00:00+00:00,175.62,
4792,2025-01-16 16:00:00+00:00,,
4793,2025-01-16 17:00:00+00:00,179.97,
4794,2025-01-16 18:00:00+00:00,166.56,
4795,2025-01-16 19:00:00+00:00,134.85,
4796,2025-01-16 20:00:00+00:00,138.51,
4797,2025-01-16 21:00:00+00:00,123.18,
4798,2025-01-16 22:00:00+00:00,,
4799,2025-01-16 23:00:00+00:00,114.94,
4800,2025-01-17 00:00:00+00:00,111.89,
4801,2025-01-17 01:00:00+00:00,110.57,
4802,2025-01-17 02:00:00+00:00,,
4803,2025-01-17 03:00:00+00:00,,
4804,2025-01-17 04:00:00+00:00,120.97,
4805,2025-01-17 05:00:00+00:00,140.8,
4806,2025-01-17 06:00:00+00:00,,
4807,2025-01-17 07:00:00+00:00,205.46,
4808,2025-01-17 08:00:00+00:00,,
4809,2025-01-17 09:00:00+00:00,152.7,
4810,2025-01-17 10:00:00+00:00,123.25,
4811,2025-01-17 11:00:00+00:00,,
4812,2025-01-17 12:00:00+00:00,122.69,
4813,2025-01-17 13:00:00+00:00,131.26,
4814,2025-01-17 14:00:00+00:00,,
4815,2025-01-17 15:00:00+00:00,168.18,
4816,2025-01-17 16:00:00+00:00,164.14,
4817,2025-01-17 17:00:00+00:00,,
4818,2025-01-17 18:00:00+00:00,174.22,
4819,2025-01-17 19:00:00+00:00,148.98,
4820,2025-01-17 20:00:00+00:00,135.5,
4821,2025-01-17 21:00:00+00:00,139.97,
4822,2025-01-17 22:00:00+00:00,122.76,
4823,2025-01-17 23:00:00+00:00,,
4824,2025-01-18 00:00:00+00:00,,
4825,2025-01-18 01:00:00+00:00,119.56,
4826,2025-01-18 02:00:00+00:00,118.67,
4827,2025-01-18 03:00:00+00:00,,
4828,2025-01-18 04:00:00+00:00,,
4829,2025-01-18 05:00:00+00:00,119.4,
4830,2025-01-18 06:00:00+00:00,125.95,
4831,2025-01-18 07:00:00+00:00,144.6,
4832,2025-01-18 08:00:00+00:00,144.1,
4833,2025-01-18 09:00:00+00:00,122.3,
4834,2025-01-18 10:00:00+00:00,120.82,
4835,2025-01-18 11:00:00+00:00,118.87,
4836,2025-01-18 12:00:00+00:00,,
4837,2025-01-18 13:00:00+00:00,119.38,
4838,2025-01-18 14:00:00+00:00,,
4839,2025-01-18 15:00:00+00:00,,
4840,2025-01-18 16:00:00+00:00,162.44,
4841,2025-01-18 17:00:00+00:00,,
4842,2025-01-18 18:00:00+00:00,167.85,
4843,2025-01-18 19:00:00+00:00,156.12,
4844,2025-01-18 20:00:00+00:00,143.42,
4845,2025-01-18 21:00:00+00:00,,
4846,2025-01-18 22:00:00+00:00,129.36,
4847,2025-01-18 23:00:00+00:00,129.2,
4848,2025-01-19 00:00:00+00:00,,
4849,2025-01-19 01:00:00+00:00,,
4850,2025-01-19 02:00:00+00:00,,
4851,2025-01-19 03:00:00+00:00,120.18,
4852,2025-01-19 04:00:00+00:00,,
4853,2025-01-19 05:00:00+00:00,121.22,
4854,2025-01-19 06:00:00+00:00,,
4855,2025-01-19 07:00:00+00:00,,
4856,2025-01-19 08:00:00+00:00,,
4857,2025-01-19 09:00:00+00:00,121.02,
4858,2025-01-19 10:00:00+00:00,113.15,
4859,2025-01-19 11:00:00+00:00,112.25,
4860,2025-01-19 12:00:00+00:00,107.51,
4861,2025-01-19 13:00:00+00:00,116.81,
4862,2025-01-19 14:00:00+00:00,126.8,
4863,2025-01-19 15:00:00+00:00,139.98,
4864,2025-01-19 16:00:00+00:00,,
4865,2025-01-19 17:00:00+00:00,157.97,
4866,2025-01-19 18:00:00+00:00,154.75,
4867,2025-01-19 19:00:00+00:00,146.87,
4868,2025-01-19 20:00:00+00:00,133.45,
4869,2025-01-19 21:00:00+00:00,120.69,
4870,2025-01-19 22:00:00+00:00,119.77,
4871,2025-01-19 23:00:00+00:00,121.6,
4872,2025-01-20 00:00:00+00:00,,
4873,2025-01-20 01:00:00+00:00,,
4874,2025-01-20 02:00:00+00:00,,
4875,2025-01-20 03:00:00+00:00,115.45,
4876,2025-01-20 04:00:00+00:00,,
4877,2025-01-20 05:00:00+00:00,153.01,
4878,2025-01-20 06:00:00+00:00,180.84,
4879,2025-01-20 07:00:00+00:00,176.16,
4880,2025-01-20 08:00:00+00:00,152.67,
4881,2025-01-20 09:00:00+00:00,140.63,
4882,2025-01-20 10:00:00+00:00,172.14,
4883,2025-01-20 11:00:00+00:00,165.85,
4884,2025-01-20 12:00:00+00:00,147.95,
4885,2025-01-20 13:00:00+00:00,141.4,
4886,2025-01-20 14:00:00+00:00,187.9,
4887,2025-01-20 15:00:00+00:00,168.47,
4888,2025-01-20 16:00:00+00:00,163.0,
4889,2025-01-20 17:00:00+00:00,,
4890,2025-01-20 18:00:00+00:00,148.39,
4891,2025-01-20 19:00:00+00:00,132.47,
4892,2025-01-20 20:00:00+00:00,128.01,
4893,2025-01-20 21:00:00+00:00,131.45,
4894,2025-01-20 22:00:00+00:00,,
4895,2025-01-20 23:00:00+00:00,,
4896,2025-01-21 00:00:00+00:00,,
4897,2025-01-21 01:00:00+00:00,,
4898,2025-01-21 02:00:00+00:00,,
4899,2025-01-21 03:00:00+00:00,110.85,
4900,2025-01-21 04:00:00+00:00,117.81,
4901,2025-01-21 05:00:00+00:00,,
4902,2025-01-21 06:00:00+00:00,174.87,
4903,2025-01-21 07:00:00+00:00,198.35,
4904,2025-01-21 08:00:00+00:00,164.7,
4905,2025-01-21 09:00:00+00:00,136.12,
4906,2025-01-21 10:00:00+00:00,,
4907,2025-01-21 11:00:00+00:00,140.13,
4908,2025-01-21 12:00:00+00:00,137.4,
4909,2025-01-21 13:00:00+00:00,144.4,
4910,2025-01-21 14:00:00+00:00,187.33,
4911,2025-01-21 15:00:00+00:00,207.31,
4912,2025-01-21 16:00:00+00:00,246.62,
4913,2025-01-21 17:00:00+00:00,217.28,
4914,2025-01-21 18:00:00+00:00,201.65,
4915,2025-01-21 19:00:00+00:00,173.82,
4916,2025-01-21 20:00:00+00:00,,
4917,2025-01-21 21:00:00+00:00,,
4918,2025-01-21 22:00:00+00:00,,
4919,2025-01-21 23:00:00+00:00,,
4920,2025-01-22 00:00:00+00:00,,
4921,2025-01-22 01:00:00+00:00,122.54,
4922,2025-01-22 02:00:00+00:00,121.76,
4923,2025-01-22 03:00:00+00:00,123.28,
4924,2025-01-22 04:00:00+00:00,,
4925,2025-01-22 05:00:00+00:00,139.16,
4926,2025-01-22 06:00:00+00:00,201.23,
4927,2025-01-22 07:00:00+00:00,235.0,
4928,2025-01-22 08:00:00+00:00,169.06,
4929,2025-01-22 09:00:00+00:00,,
4930,2025-01-22 10:00:00+00:00,,
4931,2025-01-22 11:00:00+00:00,,
4932,2025-01-22 12:00:00+00:00,119.02,
4933,2025-01-22 13:00:00+00:00,,
4934,2025-01-22 14:00:00+00:00,166.87,
4935,2025-01-22 15:00:00+00:00,168.8,
4936,2025-01-22 16:00:00+00:00,,
4937,2025-01-22 17:00:00+00:00,,
4938,2025-01-22 18:00:00+00:00,139.96,
4939,2025-01-22 19:00:00+00:00,125.8,
4940,2025-01-22 20:00:00+00:00,,
4941,2025-01-22 21:00:00+00:00,114.67,
4942,2025-01-22 22:00:00+00:00,111.44,
4943,2025-01-22 23:00:00+00:00,111.99,
4944,2025-01-23 00:00:00+00:00,107.09,
4945,2025-01-23 01:00:00+00:00,106.93,
4946,2025-01-23 02:00:00+00:00,,
4947,2025-01-23 03:00:00+00:00,100.87,
4948,2025-01-23 04:00:00+00:00,,
4949,2025-01-23 05:00:00+00:00,115.73,
4950,2025-01-23 06:00:00+00:00,,
4951,2025-01-23 07:00:00+00:00,153.56,
4952,2025-01-23 08:00:00+00:00,141.99,
4953,2025-01-23 09:00:00+00:00,,
4954,2025-01-23 10:00:00+00:00,,
4955,2025-01-23 11:00:00+00:00,,
4956,2025-01-23 12:00:00+00:00,,
4957,2025-01-23 13:00:00+00:00,,
4958,2025-01-23 14:00:00+00:00,112.87,
4959,2025-01-23 15:00:00+00:00,,
4960,2025-01-23 16:00:00+00:00,,
4961,2025-01-23 17:00:00+00:00,,
4962,2025-01-23 18:00:00+00:00,,
4963,2025-01-23 19:00:00+00:00,,
4964,2025-01-23 20:00:00+00:00,,
4965,2025-01-23 21:00:00+00:00,,
4966,2025-01-23 22:00:00+00:00,,
4967,2025-01-23 23:00:00+00:00,,
4968,2025-01-24 00:00:00+00:00,83.91,
4969,2025-01-24 01:00:00+00:00,,
4970,2025-01-24 02:00:00+00:00,,
4971,2025-01-24 03:00:00+00:00,,
4972,2025-01-24 04:00:00+00:00,106.27,
4973,2025-01-24 05:00:00+00:00,117.06,
4974,2025-01-24 06:00:00+00:00,,
4975,2025-01-24 07:00:00+00:00,144.07,
4976,2025-01-24 08:00:00+00:00,137.65,
4977,2025-01-24 09:00:00+00:00,126.7,
4978,2025-01-24 10:00:00+00:00,,
4979,2025-01-24 11:00:00+00:00,,
4980,2025-01-24 12:00:00+00:00,,
4981,2025-01-24 13:00:00+00:00,,
4982,2025-01-24 14:00:00+00:00,,
4983,2025-01-24 15:00:00+00:00,131.25,
4984,2025-01-24 16:00:00+00:00,,
4985,2025-01-24 17:00:00+00:00,,
4986,2025-01-24 18:00:00+00:00,,
4987,2025-01-24 19:00:00+00:00,,
4988,2025-01-24 20:00:00+00:00,,
4989,2025-01-24 21:00:00+00:00,,
4990,2025-01-24 22:00:00+00:00,60.35,
4991,2025-01-24 23:00:00+00:00,,
4992,2025-01-25 00:00:00+00:00,78.19,
4993,2025-01-25 01:00:00+00:00,,
4994,2025-01-25 02:00:00+00:00,,
4995,2025-01-25 03:00:00+00:00,,
4996,2025-01-25 04:00:00+00:00,,
4997,2025-01-25 05:00:00+00:00,,
4998,2025-01-25 06:00:00+00:00,,
4999,2025-01-25 07:00:00+00:00,,
5000,2025-01-25 08:00:00+00:00,,
5001,2025-01-25 09:00:00+00:00,90.64,
5002,2025-01-25 10:00:00+00:00,,
5003,2025-01-25 11:00:00+00:00,84.64,
5004,2025-01-25 12:00:00+00:00,83.7,
5005,2025-01-25 13:00:00+00:00,93.4,
5006,2025-01-25 14:00:00+00:00,,
5007,2025-01-25 15:00:00+00:00,132.28,
5008,2025-01-25 16:00:00+00:00,145.59,
5009,2025-01-25 17:00:00+00:00,150.63,
5010,2025-01-25 18:00:00+00:00,146.58,
5011,2025-01-25 19:00:00+00:00,136.59,
5012,2025-01-25 20:00:00+00:00,128.57,
5013,2025-01-25 21:00:00+00:00,,
5014,2025-01-25 22:00:00+00:00,122.6,
5015,2025-01-25 23:00:00+00:00,127.54,
5016,2025-01-26 00:00:00+00:00,116.91,
5017,2025-01-26 01:00:00+00:00,,
5018,2025-01-26 02:00:00+00:00,,
5019,2025-01-26 03:00:00+00:00,107.2,
5020,2025-01-26 04:00:00+00:00,,
5021,2025-01-26 05:00:00+00:00,,
5022,2025-01-26 06:00:00+00:00,,
5023,2025-01-26 07:00:00+00:00,126.38,
5024,2025-01-26 08:00:00+00:00,123.02,
5025,2025-01-26 09:00:00+00:00,,
5026,2025-01-26 10:00:00+00:00,103.16,
5027,2025-01-26 11:00:00+00:00,97.03,
5028,2025-01-26 12:00:00+00:00,,
5029,2025-01-26 13:00:00+00:00,101.22,
5030,2025-01-26 14:00:00+00:00,113.68,
5031,2025-01-26 15:00:00+00:00,128.42,
5032,2025-01-26 16:00:00+00:00,134.82,
5033,2025-01-26 17:00:00+00:00,,
5034,2025-01-26 18:00:00+00:00,,
5035,2025-01-26 19:00:00+00:00,108.37,
5036,2025-01-26 20:00:00+00:00,93.77,
5037,2025-01-26 21:00:00+00:00,,
5038,2025-01-26 22:00:00+00:00,,
5039,2025-01-26 23:00:00+00:00,52.13,
5040,2025-01-27 00:00:00+00:00,47.24,
5041,2025-01-27 01:00:00+00:00,47.67,
5042,2025-01-27 02:00:00+00:00,54.42,
5043,2025-01-27 03:00:00+00:00,,
5044,2025-01-27 04:00:00+00:00,,
5045,2025-01-27 05:00:00+00:00,,
5046,2025-01-27 06:00:00+00:00,122.67,
5047,2025-01-27 07:00:00+00:00,120.55,
5048,2025-01-27 08:00:00+00:00,100.09,
5049,2025-01-27 09:00:00+00:00,,
5050,2025-01-27 10:00:00+00:00,,
5051,2025-01-27 11:00:00+00:00,,
5052,2025-01-27 12:00:00+00:00,79.04,
5053,2025-01-27 13:00:00+00:00,94.62,
5054,2025-01-27 14:00:00+00:00,,
5055,2025-01-27 15:00:00+00:00,124.3,
5056,2025-01-27 16:00:00+00:00,129.88,
5057,2025-01-27 17:00:00+00:00,,
5058,2025-01-27 18:00:00+00:00,,
5059,2025-01-27 19:00:00+00:00,,
5060,2025-01-27 20:00:00+00:00,,
5061,2025-01-27 21:00:00+00:00,,
5062,2025-01-27 22:00:00+00:00,,
5063,2025-01-27 23:00:00+00:00,82.36,
5064,2025-01-28 00:00:00+00:00,,
5065,2025-01-28 01:00:00+00:00,,
5066,2025-01-28 02:00:00+00:00,100.79,
5067,2025-01-28 03:00:00+00:00,106.31,
5068,2025-01-28 04:00:00+00:00,101.98,
5069,2025-01-28 05:00:00+00:00,124.03,
5070,2025-01-28 06:00:00+00:00,,
5071,2025-01-28 07:00:00+00:00,147.58,
5072,2025-01-28 08:00:00+00:00,,
5073,2025-01-28 09:00:00+00:00,124.31,
5074,2025-01-28 10:00:00+00:00,119.75,
5075,2025-01-28 11:00:00+00:00,,
5076,2025-01-28 12:00:00+00:00,,
5077,2025-01-28 13:00:00+00:00,125.04,
5078,2025-01-28 14:00:00+00:00,136.91,
5079,2025-01-28 15:00:00+00:00,146.83,
5080,2025-01-28 16:00:00+00:00,152.2,
5081,2025-01-28 17:00:00+00:00,,
5082,2025-01-28 18:00:00+00:00,,
5083,2025-01-28 19:00:00+00:00,,
5084,2025-01-28 20:00:00+00:00,,
5085,2025-01-28 21:00:00+00:00,101.05,
5086,2025-01-28 22:00:00+00:00,,
5087,2025-01-28 23:00:00+00:00,87.81,
5088,2025-01-29 00:00:00+00:00,,
5089,2025-01-29 01:00:00+00:00,80.49,
5090,2025-01-29 02:00:00+00:00,,
5091,2025-01-29 03:00:00+00:00,,
5092,2025-01-29 04:00:00+00:00,,
5093,2025-01-29 05:00:00+00:00,115.93,
5094,2025-01-29 06:00:00+00:00,142.32,
5095,2025-01-29 07:00:00+00:00,143.81,
5096,2025-01-29 08:00:00+00:00,132.62,
5097,2025-01-29 09:00:00+00:00,,
5098,2025-01-29 10:00:00+00:00,,
5099,2025-01-29 11:00:00+00:00,,
5100,2025-01-29 12:00:00+00:00,,
5101,2025-01-29 13:00:00+00:00,,
5102,2025-01-29 14:00:00+00:00,115.33,
5103,2025-01-29 15:00:00+00:00,130.8,
5104,2025-01-29 16:00:00+00:00,146.92,
5105,2025-01-29 17:00:00+00:00,145.46,
5106,2025-01-29 18:00:00+00:00,,
5107,2025-01-29 19:00:00+00:00,106.71,
5108,2025-01-29 20:00:00+00:00,90.48,
5109,2025-01-29 21:00:00+00:00,,
5110,2025-01-29 22:00:00+00:00,,
5111,2025-01-29 23:00:00+00:00,,
5112,2025-01-30 00:00:00+00:00,,
5113,2025-01-30 01:00:00+00:00,,
5114,2025-01-30 02:00:00+00:00,96.12,
5115,2025-01-30 03:00:00+00:00,,
5116,2025-01-30 04:00:00+00:00,110.72,
5117,2025-01-30 05:00:00+00:00,139.57,
5118,2025-01-30 06:00:00+00:00,,
5119,2025-01-30 07:00:00+00:00,160.3,
5120,2025-01-30 08:00:00+00:00,,
5121,2025-01-30 09:00:00+00:00,123.61,
5122,2025-01-30 10:00:00+00:00,,
5123,2025-01-30 11:00:00+00:00,113.23,
5124,2025-01-30 12:00:00+00:00,113.3,
5125,2025-01-30 13:00:00+00:00,129.74,
5126,2025-01-30 14:00:00+00:00,153.67,
5127,2025-01-30 15:00:00+00:00,,
5128,2025-01-30 16:00:00+00:00,,
5129,2025-01-30 17:00:00+00:00,175.27,
5130,2025-01-30 18:00:00+00:00,161.29,
5131,2025-01-30 19:00:00+00:00,150.54,
5132,2025-01-30 20:00:00+00:00,134.45,
5133,2025-01-30 21:00:00+00:00,126.47,
5134,2025-01-30 22:00:00+00:00,120.2,
5135,2025-01-30 23:00:00+00:00,,
5136,2025-01-31 00:00:00+00:00,117.03,
5137,2025-01-31 01:00:00+00:00,113.86,
5138,2025-01-31 02:00:00+00:00,,
5139,2025-01-31 03:00:00+00:00,116.48,
5140,2025-01-31 04:00:00+00:00,121.03,
5141,2025-01-31 05:00:00+00:00,141.32,
5142,2025-01-31 06:00:00+00:00,158.85,
5143,2025-01-31 07:00:00+00:00,163.7,
5144,2025-01-31 08:00:00+00:00,154.82,
5145,2025-01-31 09:00:00+00:00,130.1,
5146,2025-01-31 10:00:00+00:00,126.2,
5147,2025-01-31 11:00:00+00:00,120.06,
5148,2025-01-31 12:00:00+00:00,,
5149,2025-01-31 13:00:00+00:00,,
5150,2025-01-31 14:00:00+00:00,151.11,
5151,2025-01-31 15:00:00+00:00,168.6,
5152,2025-01-31 16:00:00+00:00,185.32,
5153,2025-01-31 17:00:00+00:00,184.48,
5154,2025-01-31 18:00:00+00:00,178.99,
5155,2025-01-31 19:00:00+00:00,162.66,
5156,2025-01-31 20:00:00+00:00,,
5157,2025-01-31 21:00:00+00:00,,
5158,2025-01-31 22:00:00+00:00,124.97,
5159,2025-01-31 23:00:00+00:00,131.89,
5160,2025-02-01 00:00:00+00:00,125.69,
5161,2025-02-01 01:00:00+00:00,,
5162,2025-02-01 02:00:00+00:00,,
5163,2025-02-01 03:00:00+00:00,119.13,
5164,2025-02-01 04:00:00+00:00,120.78,
5165,2025-02-01 05:00:00+00:00,,
5166,2025-02-01 06:00:00+00:00,144.74,
5167,2025-02-01 07:00:00+00:00,153.46,
5168,2025-02-01 08:00:00+00:00,142.44,
5169,2025-02-01 09:00:00+00:00,,
5170,2025-02-01 10:00:00+00:00,120.08,
5171,2025-02-01 11:00:00+00:00,,
5172,2025-02-01 12:00:00+00:00,,
5173,2025-02-01 13:00:00+00:00,119.68,
5174,2025-02-01 14:00:00+00:00,,
5175,2025-02-01 15:00:00+00:00,154.92,
5176,2025-02-01 16:00:00+00:00,168.14,
5177,2025-02-01 17:00:00+00:00,167.45,
5178,2025-02-01 18:00:00+00:00,,
5179,2025-02-01 19:00:00+00:00,156.6,
5180,2025-02-01 20:00:00+00:00,145.24,
5181,2025-02-01 21:00:00+00:00,141.73,
5182,2025-02-01 22:00:00+00:00,131.74,
5183,2025-02-01 23:00:00+00:00,133.26,
5184,2025-02-02 00:00:00+00:00,,
5185,2025-02-02 01:00:00+00:00,,
5186,2025-02-02 02:00:00+00:00,,
5187,2025-02-02 03:00:00+00:00,122.34,
5188,2025-02-02 04:00:00+00:00,123.41,
5189,2025-02-02 05:00:00+00:00,128.09,
5190,2025-02-02 06:00:00+00:00,135.9,
5191,2025-02-02 07:00:00+00:00,137.3,
5192,2025-02-02 08:00:00+00:00,,
5193,2025-02-02 09:00:00+00:00,130.04,
5194,2025-02-02 10:00:00+00:00,,
5195,2025-02-02 11:00:00+00:00,,
5196,2025-02-02 12:00:00+00:00,,
5197,2025-02-02 13:00:00+00:00,,
5198,2025-02-02 14:00:00+00:00,,
5199,2025-02-02 15:00:00+00:00,152.75,
5200,2025-02-02 16:00:00+00:00,,
5201,2025-02-02 17:00:00+00:00,172.36,
5202,2025-02-02 18:00:00+00:00,173.95,
5203,2025-02-02 19:00:00+00:00,165.5,
5204,2025-02-02 20:00:00+00:00,155.77,
5205,2025-02-02 21:00:00+00:00,,
5206,2025-02-02 22:00:00+00:00,,
5207,2025-02-02 23:00:00+00:00,129.54,
5208,2025-02-03 00:00:00+00:00,126.63,
5209,2025-02-03 01:00:00+00:00,124.72,
5210,2025-02-03 02:00:00+00:00,120.04,
5211,2025-02-03 03:00:00+00:00,,
5212,2025-02-03 04:00:00+00:00,,
5213,2025-02-03 05:00:00+00:00,159.18,
5214,2025-02-03 06:00:00+00:00,204.43,
5215,2025-02-03 07:00:00+00:00,205.84,
5216,2025-02-03 08:00:00+00:00,152.45,
5217,2025-02-03 09:00:00+00:00,132.49,
5218,2025-02-03 10:00:00+00:00,126.13,
5219,2025-02-03 11:00:00+00:00,117.27,
5220,2025-02-03 12:00:00+00:00,,
5221,2025-02-03 13:00:00+00:00,,
5222,2025-02-03 14:00:00+00:00,147.22,
5223,2025-02-03 15:00:00+00:00,169.85,
5224,2025-02-03 16:00:00+00:00,215.06,
5225,2025-02-03 17:00:00+00:00,,
5226,2025-02-03 18:00:00+00:00,201.1,
5227,2025-02-03 19:00:00+00:00,167.74,
5228,2025-02-03 20:00:00+00:00,139.31,
5229,2025-02-03 21:00:00+00:00,144.21,
5230,2025-02-03 22:00:00+00:00,135.81,
5231,2025-02-03 23:00:00+00:00,132.4,
5232,2025-02-04 00:00:00+00:00,125.54,
5233,2025-02-04 01:00:00+00:00,,
5234,2025-02-04 02:00:00+00:00,123.99,
5235,2025-02-04 03:00:00+00:00,,
5236,2025-02-04 04:00:00+00:00,127.63,
5237,2025-02-04 05:00:00+00:00,155.39,
5238,2025-02-04 06:00:00+00:00,191.38,
5239,2025-02-04 07:00:00+00:00,211.99,
5240,2025-02-04 08:00:00+00:00,152.44,
5241,2025-02-04 09:00:00+00:00,126.49,
5242,2025-02-04 10:00:00+00:00,121.91,
5243,2025-02-04 11:00:00+00:00,117.42,
5244,2025-02-04 12:00:00+00:00,,
5245,2025-02-04 13:00:00+00:00,120.09,
5246,2025-02-04 14:00:00+00:00,,
5247,2025-02-04 15:00:00+00:00,,
5248,2025-02-04 16:00:00+00:00,195.96,
5249,2025-02-04 17:00:00+00:00,,
5250,2025-02-04 18:00:00+00:00,182.16,
5251,2025-02-04 19:00:00+00:00,165.0,
5252,2025-02-04 20:00:00+00:00,,
5253,2025-02-04 21:00:00+00:00,130.49,
5254,2025-02-04 22:00:00+00:00,,
5255,2025-02-04 23:00:00+00:00,,
5256,2025-02-05 00:00:00+00:00,,
5257,2025-02-05 01:00:00+00:00,,
5258,2025-02-05 02:00:00+00:00,,
5259,2025-02-05 03:00:00+00:00,,
5260,2025-02-05 04:00:00+00:00,122.48,
5261,2025-02-05 05:00:00+00:00,152.05,
5262,2025-02-05 06:00:00+00:00,,
5263,2025-02-05 07:00:00+00:00,180.81,
5264,2025-02-05 08:00:00+00:00,,
5265,2025-02-05 09:00:00+00:00,125.64,
5266,2025-02-05 10:00:00+00:00,,
5267,2025-02-05 11:00:00+00:00,,
5268,2025-02-05 12:00:00+00:00,119.37,
5269,2025-02-05 13:00:00+00:00,128.85,
5270,2025-02-05 14:00:00+00:00,144.12,
5271,2025-02-05 15:00:00+00:00,160.42,
5272,2025-02-05 16:00:00+00:00,177.18,
5273,2025-02-05 17:00:00+00:00,189.9,
5274,2025-02-05 18:00:00+00:00,189.63,
5275,2025-02-05 19:00:00+00:00,170.0,
5276,2025-02-05 20:00:00+00:00,146.23,
5277,2025-02-05 21:00:00+00:00,143.7,
5278,2025-02-05 22:00:00+00:00,133.6,
5279,2025-02-05 23:00:00+00:00,,
5280,2025-02-06 00:00:00+00:00,129.76,
5281,2025-02-06 01:00:00+00:00,125.93,
5282,2025-02-06 02:00:00+00:00,,
5283,2025-02-06 03:00:00+00:00,125.01,
5284,2025-02-06 04:00:00+00:00,134.64,
5285,2025-02-06 05:00:00+00:00,155.19,
5286,2025-02-06 06:00:00+00:00,,
5287,2025-02-06 07:00:00+00:00,219.14,
5288,2025-02-06 08:00:00+00:00,178.96,
5289,2025-02-06 09:00:00+00:00,160.35,
5290,2025-02-06 10:00:00+00:00,,
5291,2025-02-06 11:00:00+00:00,146.27,
5292,2025-02-06 12:00:00+00:00,,
5293,2025-02-06 13:00:00+00:00,138.9,
5294,2025-02-06 14:00:00+00:00,150.29,
5295,2025-02-06 15:00:00+00:00,183.19,
5296,2025-02-06 16:00:00+00:00,,
5297,2025-02-06 17:00:00+00:00,171.3,
5298,2025-02-06 18:00:00+00:00,166.54,
5299,2025-02-06 19:00:00+00:00,,
5300,2025-02-06 20:00:00+00:00,,
5301,2025-02-06 21:00:00+00:00,129.42,
5302,2025-02-06 22:00:00+00:00,121.95,
5303,2025-02-06 23:00:00+00:00,126.05,
5304,2025-02-07 00:00:00+00:00,120.19,
5305,2025-02-07 01:00:00+00:00,119.29,
5306,2025-02-07 02:00:00+00:00,119.08,
5307,2025-02-07 03:00:00+00:00,121.54,
5308,2025-02-07 04:00:00+00:00,,
5309,2025-02-07 05:00:00+00:00,156.86,
5310,2025-02-07 06:00:00+00:00,190.07,
5311,2025-02-07 07:00:00+00:00,166.24,
5312,2025-02-07 08:00:00+00:00,150.65,
5313,2025-02-07 09:00:00+00:00,155.96,
5314,2025-02-07 10:00:00+00:00,143.92,
5315,2025-02-07 11:00:00+00:00,,
5316,2025-02-07 12:00:00+00:00,127.06,
5317,2025-02-07 13:00:00+00:00,124.99,
5318,2025-02-07 14:00:00+00:00,124.62,
5319,2025-02-07 15:00:00+00:00,148.7,
5320,2025-02-07 16:00:00+00:00,148.66,
5321,2025-02-07 17:00:00+00:00,144.99,
5322,2025-02-07 18:00:00+00:00,140.55,
5323,2025-02-07 19:00:00+00:00,122.53,
5324,2025-02-07 20:00:00+00:00,,
5325,2025-02-07 21:00:00+00:00,,
5326,2025-02-07 22:00:00+00:00,,
5327,2025-02-07 23:00:00+00:00,83.31,
5328,2025-02-08 00:00:00+00:00,85.98,
5329,2025-02-08 01:00:00+00:00,,
5330,2025-02-08 02:00:00+00:00,,
5331,2025-02-08 03:00:00+00:00,89.69,
5332,2025-02-08 04:00:00+00:00,90.99,
5333,2025-02-08 05:00:00+00:00,,
5334,2025-02-08 06:00:00+00:00,,
5335,2025-02-08 07:00:00+00:00,,
5336,2025-02-08 08:00:00+00:00,,
5337,2025-02-08 09:00:00+00:00,,
5338,2025-02-08 10:00:00+00:00,,
5339,2025-02-08 11:00:00+00:00,57.34,
5340,2025-02-08 12:00:00+00:00,,
5341,2025-02-08 13:00:00+00:00,,
5342,2025-02-08 14:00:00+00:00,,
5343,2025-02-08 15:00:00+00:00,139.21,
5344,2025-02-08 16:00:00+00:00,,
5345,2025-02-08 17:00:00+00:00,160.48,
5346,2025-02-08 18:00:00+00:00,160.77,
5347,2025-02-08 19:00:00+00:00,155.9,
5348,2025-02-08 20:00:00+00:00,149.0,
5349,2025-02-08 21:00:00+00:00,143.89,
5350,2025-02-08 22:00:00+00:00,136.11,
5351,2025-02-08 23:00:00+00:00,135.0,
5352,2025-02-09 00:00:00+00:00,128.6,
5353,2025-02-09 01:00:00+00:00,125.1,
5354,2025-02-09 02:00:00+00:00,119.3,
5355,2025-02-09 03:00:00+00:00,116.8,
5356,2025-02-09 04:00:00+00:00,117.0,
5357,2025-02-09 05:00:00+00:00,,
5358,2025-02-09 06:00:00+00:00,,
5359,2025-02-09 07:00:00+00:00,136.77,
5360,2025-02-09 08:00:00+00:00,,
5361,2025-02-09 09:00:00+00:00,,
5362,2025-02-09 10:00:00+00:00,,
5363,2025-02-09 11:00:00+00:00,86.98,
5364,2025-02-09 12:00:00+00:00,,
5365,2025-02-09 13:00:00+00:00,109.9,
5366,2025-02-09 14:00:00+00:00,120.4,
5367,2025-02-09 15:00:00+00:00,140.35,
5368,2025-02-09 16:00:00+00:00,146.31,
5369,2025-02-09 17:00:00+00:00,159.91,
5370,2025-02-09 18:00:00+00:00,154.99,
5371,2025-02-09 19:00:00+00:00,148.76,
5372,2025-02-09 20:00:00+00:00,142.67,
5373,2025-02-09 21:00:00+00:00,,
5374,2025-02-09 22:00:00+00:00,,
5375,2025-02-09 23:00:00+00:00,,
5376,2025-02-10 00:00:00+00:00,113.66,
5377,2025-02-10 01:00:00+00:00,,
5378,2025-02-10 02:00:00+00:00,107.45,
5379,2025-02-10 03:00:00+00:00,,
5380,2025-02-10 04:00:00+00:00,,
5381,2025-02-10 05:00:00+00:00,153.88,
5382,2025-02-10 06:00:00+00:00,174.28,
5383,2025-02-10 07:00:00+00:00,171.92,
5384,2025-02-10 08:00:00+00:00,124.87,
5385,2025-02-10 09:00:00+00:00,109.29,
5386,2025-02-10 10:00:00+00:00,,
5387,2025-02-10 11:00:00+00:00,,
5388,2025-02-10 12:00:00+00:00,,
5389,2025-02-10 13:00:00+00:00,,
5390,2025-02-10 14:00:00+00:00,,
5391,2025-02-10 15:00:00+00:00,145.09,
5392,2025-02-10 16:00:00+00:00,157.09,
5393,2025-02-10 17:00:00+00:00,,
5394,2025-02-10 18:00:00+00:00,151.03,
5395,2025-02-10 19:00:00+00:00,,
5396,2025-02-10 20:00:00+00:00,,
5397,2025-02-10 21:00:00+00:00,,
5398,2025-02-10 22:00:00+00:00,94.98,
5399,2025-02-10 23:00:00+00:00,,
5400,2025-02-11 00:00:00+00:00,,
5401,2025-02-11 01:00:00+00:00,,
5402,2025-02-11 02:00:00+00:00,106.35,
5403,2025-02-11 03:00:00+00:00,118.75,
5404,2025-02-11 04:00:00+00:00,124.49,
5405,2025-02-11 05:00:00+00:00,149.37,
5406,2025-02-11 06:00:00+00:00,190.22,
5407,2025-02-11 07:00:00+00:00,157.62,
5408,2025-02-11 08:00:00+00:00,,
5409,2025-02-11 09:00:00+00:00,,
5410,2025-02-11 10:00:00+00:00,,
5411,2025-02-11 11:00:00+00:00,,
5412,2025-02-11 12:00:00+00:00,111.27,
5413,2025-02-11 13:00:00+00:00,,
5414,2025-02-11 14:00:00+00:00,,
5415,2025-02-11 15:00:00+00:00,,
5416,2025-02-11 16:00:00+00:00,156.06,
5417,2025-02-11 17:00:00+00:00,160.03,
5418,2025-02-11 18:00:00+00:00,165.99,
5419,2025-02-11 19:00:00+00:00,161.35,
5420,2025-02-11 20:00:00+00:00,145.92,
5421,2025-02-11 21:00:00+00:00,132.21,
5422,2025-02-11 22:00:00+00:00,,
5423,2025-02-11 23:00:00+00:00,,
5424,2025-02-12 00:00:00+00:00,127.53,
5425,2025-02-12 01:00:00+00:00,,
5426,2025-02-12 02:00:00+00:00,126.59,
5427,2025-02-12 03:00:00+00:00,,
5428,2025-02-12 04:00:00+00:00,130.62,
5429,2025-02-12 05:00:00+00:00,148.41,
5430,2025-02-12 06:00:00+00:00,172.75,
5431,2025-02-12 07:00:00+00:00,155.64,
5432,2025-02-12 08:00:00+00:00,,
5433,2025-02-12 09:00:00+00:00,125.38,
5434,2025-02-12 10:00:00+00:00,,
5435,2025-02-12 11:00:00+00:00,,
5436,2025-02-12 12:00:00+00:00,,
5437,2025-02-12 13:00:00+00:00,,
5438,2025-02-12 14:00:00+00:00,119.53,
5439,2025-02-12 15:00:00+00:00,,
5440,2025-02-12 16:00:00+00:00,162.2,
5441,2025-02-12 17:00:00+00:00,152.18,
5442,2025-02-12 18:00:00+00:00,152.41,
5443,2025-02-12 19:00:00+00:00,,
5444,2025-02-12 20:00:00+00:00,133.59,
5445,2025-02-12 21:00:00+00:00,147.4,
5446,2025-02-12 22:00:00+00:00,139.6,
5447,2025-02-12 23:00:00+00:00,138.57,
5448,2025-02-13 00:00:00+00:00,,
5449,2025-02-13 01:00:00+00:00,,
5450,2025-02-13 02:00:00+00:00,,
5451,2025-02-13 03:00:00+00:00,,
5452,2025-02-13 04:00:00+00:00,139.56,
5453,2025-02-13 05:00:00+00:00,152.76,
5454,2025-02-13 06:00:00+00:00,275.55,
5455,2025-02-13 07:00:00+00:00,258.12,
5456,2025-02-13 08:00:00+00:00,231.1,
5457,2025-02-13 09:00:00+00:00,180.75,
5458,2025-02-13 10:00:00+00:00,174.18,
5459,2025-02-13 11:00:00+00:00,177.35,
5460,2025-02-13 12:00:00+00:00,184.24,
5461,2025-02-13 13:00:00+00:00,190.61,
5462,2025-02-13 14:00:00+00:00,208.68,
5463,2025-02-13 15:00:00+00:00,209.5,
5464,2025-02-13 16:00:00+00:00,215.74,
5465,2025-02-13 17:00:00+00:00,206.29,
5466,2025-02-13 18:00:00+00:00,196.52,
5467,2025-02-13 19:00:00+00:00,176.83,
5468,2025-02-13 20:00:00+00:00,153.43,
5469,2025-02-13 21:00:00+00:00,153.12,
5470,2025-02-13 22:00:00+00:00,138.37,
5471,2025-02-13 23:00:00+00:00,139.58,
5472,2025-02-14 00:00:00+00:00,,
5473,2025-02-14 01:00:00+00:00,123.32,
5474,2025-02-14 02:00:00+00:00,,
5475,2025-02-14 03:00:00+00:00,129.1,
5476,2025-02-14 04:00:00+00:00,,
5477,2025-02-14 05:00:00+00:00,160.16,
5478,2025-02-14 06:00:00+00:00,225.7,
5479,2025-02-14 07:00:00+00:00,254.14,
5480,2025-02-14 08:00:00+00:00,,
5481,2025-02-14 09:00:00+00:00,167.98,
5482,2025-02-14 10:00:00+00:00,163.56,
5483,2025-02-14 11:00:00+00:00,150.01,
5484,2025-02-14 12:00:00+00:00,149.22,
5485,2025-02-14 13:00:00+00:00,149.85,
5486,2025-02-14 14:00:00+00:00,161.81,
5487,2025-02-14 15:00:00+00:00,202.51,
5488,2025-02-14 16:00:00+00:00,300.14,
5489,2025-02-14 17:00:00+00:00,291.43,
5490,2025-02-14 18:00:00+00:00,226.18,
5491,2025-02-14 19:00:00+00:00,183.55,
5492,2025-02-14 20:00:00+00:00,163.68,
5493,2025-02-14 21:00:00+00:00,153.0,
5494,2025-02-14 22:00:00+00:00,140.03,
5495,2025-02-14 23:00:00+00:00,135.57,
5496,2025-02-15 00:00:00+00:00,130.61,
5497,2025-02-15 01:00:00+00:00,,
5498,2025-02-15 02:00:00+00:00,118.59,
5499,2025-02-15 03:00:00+00:00,,
5500,2025-02-15 04:00:00+00:00,,
5501,2025-02-15 05:00:00+00:00,,
5502,2025-02-15 06:00:00+00:00,149.1,
5503,2025-02-15 07:00:00+00:00,150.57,
5504,2025-02-15 08:00:00+00:00,137.04,
5505,2025-02-15 09:00:00+00:00,124.59,
5506,2025-02-15 10:00:00+00:00,,
5507,2025-02-15 11:00:00+00:00,,
5508,2025-02-15 12:00:00+00:00,,
5509,2025-02-15 13:00:00+00:00,,
5510,2025-02-15 14:00:00+00:00,141.66,
5511,2025-02-15 15:00:00+00:00,145.29,
5512,2025-02-15 16:00:00+00:00,163.64,
5513,2025-02-15 17:00:00+00:00,175.04,
5514,2025-02-15 18:00:00+00:00,163.13,
5515,2025-02-15 19:00:00+00:00,145.8,
5516,2025-02-15 20:00:00+00:00,124.83,
5517,2025-02-15 21:00:00+00:00,131.1,
5518,2025-02-15 22:00:00+00:00,123.4,
5519,2025-02-15 23:00:00+00:00,134.11,
5520,2025-02-16 00:00:00+00:00,,
5521,2025-02-16 01:00:00+00:00,,
5522,2025-02-16 02:00:00+00:00,,
5523,2025-02-16 03:00:00+00:00,119.57,
5524,2025-02-16 04:00:00+00:00,,
5525,2025-02-16 05:00:00+00:00,,
5526,2025-02-16 06:00:00+00:00,,
5527,2025-02-16 07:00:00+00:00,127.36,
5528,2025-02-16 08:00:00+00:00,,
5529,2025-02-16 09:00:00+00:00,121.9,
5530,2025-02-16 10:00:00+00:00,117.73,
5531,2025-02-16 11:00:00+00:00,,
5532,2025-02-16 12:00:00+00:00,,
5533,2025-02-16 13:00:00+00:00,,
5534,2025-02-16 14:00:00+00:00,,
5535,2025-02-16 15:00:00+00:00,152.4,
5536,2025-02-16 16:00:00+00:00,191.56,
5537,2025-02-16 17:00:00+00:00,174.01,
5538,2025-02-16 18:00:00+00:00,182.41,
5539,2025-02-16 19:00:00+00:00,162.28,
5540,2025-02-16 20:00:00+00:00,145.71,
5541,2025-02-16 21:00:00+00:00,135.94,
5542,2025-02-16 22:00:00+00:00,131.51,
5543,2025-02-16 23:00:00+00:00,127.19,
5544,2025-02-17 00:00:00+00:00,,
5545,2025-02-17 01:00:00+00:00,,
5546,2025-02-17 02:00:00+00:00,125.87,
5547,2025-02-17 03:00:00+00:00,129.4,
5548,2025-02-17 04:00:00+00:00,,
5549,2025-02-17 05:00:00+00:00,158.94,
5550,2025-02-17 06:00:00+00:00,211.68,
5551,2025-02-17 07:00:00+00:00,168.38,
5552,2025-02-17 08:00:00+00:00,,
5553,2025-02-17 09:00:00+00:00,116.72,
5554,2025-02-17 10:00:00+00:00,115.37,
5555,2025-02-17 11:00:00+00:00,,
5556,2025-02-17 12:00:00+00:00,,
5557,2025-02-17 13:00:00+00:00,117.31,
5558,2025-02-17 14:00:00+00:00,136.54,
5559,2025-02-17 15:00:00+00:00,188.57,
5560,2025-02-17 16:00:00+00:00,228.04,
5561,2025-02-17 17:00:00+00:00,272.02,
5562,2025-02-17 18:00:00+00:00,218.2,
5563,2025-02-17 19:00:00+00:00,180.9,
5564,2025-02-17 20:00:00+00:00,154.09,
5565,2025-02-17 21:00:00+00:00,137.24,
5566,2025-02-17 22:00:00+00:00,127.68,
5567,2025-02-17 23:00:00+00:00,128.08,
5568,2025-02-18 00:00:00+00:00,,
5569,2025-02-18 01:00:00+00:00,,
5570,2025-02-18 02:00:00+00:00,116.37,
5571,2025-02-18 03:00:00+00:00,,
5572,2025-02-18 04:00:00+00:00,117.84,
5573,2025-02-18 05:00:00+00:00,148.09,
5574,2025-02-18 06:00:00+00:00,206.69,
5575,2025-02-18 07:00:00+00:00,168.44,
5576,2025-02-18 08:00:00+00:00,141.27,
5577,2025-02-18 09:00:00+00:00,,
5578,2025-02-18 10:00:00+00:00,,
5579,2025-02-18 11:00:00+00:00,,
5580,2025-02-18 12:00:00+00:00,,
5581,2025-02-18 13:00:00+00:00,103.61,
5582,2025-02-18 14:00:00+00:00,120.76,
5583,2025-02-18 15:00:00+00:00,204.21,
5584,2025-02-18 16:00:00+00:00,209.1,
5585,2025-02-18 17:00:00+00:00,182.48,
5586,2025-02-18 18:00:00+00:00,165.76,
5587,2025-02-18 19:00:00+00:00,147.05,
5588,2025-02-18 20:00:00+00:00,,
5589,2025-02-18 21:00:00+00:00,124.56,
5590,2025-02-18 22:00:00+00:00,,
5591,2025-02-18 23:00:00+00:00,,
5592,2025-02-19 00:00:00+00:00,,
5593,2025-02-19 01:00:00+00:00,,
5594,2025-02-19 02:00:00+00:00,,
5595,2025-02-19 03:00:00+00:00,106.29,
5596,2025-02-19 04:00:00+00:00,119.72,
5597,2025-02-19 05:00:00+00:00,161.18,
5598,2025-02-19 06:00:00+00:00,231.99,
5599,2025-02-19 07:00:00+00:00,,
5600,2025-02-19 08:00:00+00:00,,
5601,2025-02-19 09:00:00+00:00,,
5602,2025-02-19 10:00:00+00:00,,
5603,2025-02-19 11:00:00+00:00,,
5604,2025-02-19 12:00:00+00:00,,
5605,2025-02-19 13:00:00+00:00,,
5606,2025-02-19 14:00:00+00:00,,
5607,2025-02-19 15:00:00+00:00,216.62,
5608,2025-02-19 16:00:00+00:00,234.49,
5609,2025-02-19 17:00:00+00:00,215.15,
5610,2025-02-19 18:00:00+00:00,204.01,
5611,2025-02-19 19:00:00+00:00,190.9,
5612,2025-02-19 20:00:00+00:00,,
5613,2025-02-19 21:00:00+00:00,128.22,
5614,2025-02-19 22:00:00+00:00,,
5615,2025-02-19 23:00:00+00:00,,
5616,2025-02-20 00:00:00+00:00,,
5617,2025-02-20 01:00:00+00:00,,
5618,2025-02-20 02:00:00+00:00,,
5619,2025-02-20 03:00:00+00:00,,
5620,2025-02-20 04:00:00+00:00,,
5621,2025-02-20 05:00:00+00:00,147.74,
5622,2025-02-20 06:00:00+00:00,,
5623,2025-02-20 07:00:00+00:00,,
5624,2025-02-20 08:00:00+00:00,105.47,
5625,2025-02-20 09:00:00+00:00,,
5626,2025-02-20 10:00:00+00:00,,
5627,2025-02-20 11:00:00+00:00,,
5628,2025-02-20 12:00:00+00:00,,
5629,2025-02-20 13:00:00+00:00,,
5630,2025-02-20 14:00:00+00:00,,
5631,2025-02-20 15:00:00+00:00,,
5632,2025-02-20 16:00:00+00:00,149.44,
5633,2025-02-20 17:00:00+00:00,,
5634,2025-02-20 18:00:00+00:00,123.63,
5635,2025-02-20 19:00:00+00:00,,
5636,2025-02-20 20:00:00+00:00,,
5637,2025-02-20 21:00:00+00:00,,
5638,2025-02-20 22:00:00+00:00,86.78,
5639,2025-02-20 23:00:00+00:00,,
5640,2025-02-21 00:00:00+00:00,,
5641,2025-02-21 01:00:00+00:00,,
5642,2025-02-21 02:00:00+00:00,,
5643,2025-02-21 03:00:00+00:00,,
5644,2025-02-21 04:00:00+00:00,,
5645,2025-02-21 05:00:00+00:00,147.11,
5646,2025-02-21 06:00:00+00:00,174.79,
5647,2025-02-21 07:00:00+00:00,,
5648,2025-02-21 08:00:00+00:00,,
5649,2025-02-21 09:00:00+00:00,,
5650,2025-02-21 10:00:00+00:00,,
5651,2025-02-21 11:00:00+00:00,78.87,
5652,2025-02-21 12:00:00+00:00,,
5653,2025-02-21 13:00:00+00:00,,
5654,2025-02-21 14:00:00+00:00,,
5655,2025-02-21 15:00:00+00:00,131.87,
5656,2025-02-21 16:00:00+00:00,160.64,
5657,2025-02-21 17:00:00+00:00,130.29,
5658,2025-02-21 18:00:00+00:00,120.94,
5659,2025-02-21 19:00:00+00:00,109.09,
5660,2025-02-21 20:00:00+00:00,,
5661,2025-02-21 21:00:00+00:00,116.58,
5662,2025-02-21 22:00:00+00:00,107.16,
5663,2025-02-21 23:00:00+00:00,,
5664,2025-02-22 00:00:00+00:00,,
5665,2025-02-22 01:00:00+00:00,,
5666,2025-02-22 02:00:00+00:00,,
5667,2025-02-22 03:00:00+00:00,,
5668,2025-02-22 04:00:00+00:00,,
5669,2025-02-22 05:00:00+00:00,,
5670,2025-02-22 06:00:00+00:00,100.9,
5671,2025-02-22 07:00:00+00:00,,
5672,2025-02-22 08:00:00+00:00,63.63,
5673,2025-02-22 09:00:00+00:00,47.98,
5674,2025-02-22 10:00:00+00:00,32.89,
5675,2025-02-22 11:00:00+00:00,20.61,
5676,2025-02-22 12:00:00+00:00,,
5677,2025-02-22 13:00:00+00:00,,
5678,2025-02-22 14:00:00+00:00,,
5679,2025-02-22 15:00:00+00:00,,
5680,2025-02-22 16:00:00+00:00,104.89,
5681,2025-02-22 17:00:00+00:00,,
5682,2025-02-22 18:00:00+00:00,,
5683,2025-02-22 19:00:00+00:00,,
5684,2025-02-22 20:00:00+00:00,,
5685,2025-02-22 21:00:00+00:00,,
5686,2025-02-22 22:00:00+00:00,,
5687,2025-02-22 23:00:00+00:00,,
5688,2025-02-23 00:00:00+00:00,,
5689,2025-02-23 01:00:00+00:00,,
5690,2025-02-23 02:00:00+00:00,,
5691,2025-02-23 03:00:00+00:00,,
5692,2025-02-23 04:00:00+00:00,,
5693,2025-02-23 05:00:00+00:00,,
5694,2025-02-23 06:00:00+00:00,108.74,
5695,2025-02-23 07:00:00+00:00,,
5696,2025-02-23 08:00:00+00:00,,
5697,2025-02-23 09:00:00+00:00,,
5698,2025-02-23 10:00:00+00:00,,
5699,2025-02-23 11:00:00+00:00,,
5700,2025-02-23 12:00:00+00:00,103.46,
5701,2025-02-23 13:00:00+00:00,116.35,
5702,2025-02-23 14:00:00+00:00,,
5703,2025-02-23 15:00:00+00:00,131.95,
5704,2025-02-23 16:00:00+00:00,,
5705,2025-02-23 17:00:00+00:00,161.57,
5706,2025-02-23 18:00:00+00:00,180.29,
5707,2025-02-23 19:00:00+00:00,185.05,
5708,2025-02-23 20:00:00+00:00,152.48,
5709,2025-02-23 21:00:00+00:00,,
5710,2025-02-23 22:00:00+00:00,,
5711,2025-02-23 23:00:00+00:00,87.8,
5712,2025-02-24 00:00:00+00:00,,
5713,2025-02-24 01:00:00+00:00,,
5714,2025-02-24 02:00:00+00:00,65.28,
5715,2025-02-24 03:00:00+00:00,,
5716,2025-02-24 04:00:00+00:00,105.15,
5717,2025-02-24 05:00:00+00:00,189.11,
5718,2025-02-24 06:00:00+00:00,240.09,
5719,2025-02-24 07:00:00+00:00,199.95,
5720,2025-02-24 08:00:00+00:00,,
5721,2025-02-24 09:00:00+00:00,135.19,
5722,2025-02-24 10:00:00+00:00,110.6,
5723,2025-02-24 11:00:00+00:00,102.3,
5724,2025-02-24 12:00:00+00:00,112.53,
5725,2025-02-24 13:00:00+00:00,,
5726,2025-02-24 14:00:00+00:00,,
5727,2025-02-24 15:00:00+00:00,150.87,
5728,2025-02-24 16:00:00+00:00,,
5729,2025-02-24 17:00:00+00:00,144.97,
5730,2025-02-24 18:00:00+00:00,136.52,
5731,2025-02-24 19:00:00+00:00,,
5732,2025-02-24 20:00:00+00:00,,
5733,2025-02-24 21:00:00+00:00,,
5734,2025-02-24 22:00:00+00:00,,
5735,2025-02-24 23:00:00+00:00,,
5736,2025-02-25 00:00:00+00:00,90.92,
5737,2025-02-25 01:00:00+00:00,,
5738,2025-02-25 02:00:00+00:00,91.3,
5739,2025-02-25 03:00:00+00:00,,
5740,2025-02-25 04:00:00+00:00,,
5741,2025-02-25 05:00:00+00:00,,
5742,2025-02-25 06:00:00+00:00,,
5743,2025-02-25 07:00:00+00:00,171.73,
5744,2025-02-25 08:00:00+00:00,,
5745,2025-02-25 09:00:00+00:00,141.29,
5746,2025-02-25 10:00:00+00:00,,
5747,2025-02-25 11:00:00+00:00,125.73,
5748,2025-02-25 12:00:00+00:00,127.29,
5749,2025-02-25 13:00:00+00:00,136.1,
5750,2025-02-25 14:00:00+00:00,150.32,
5751,2025-02-25 15:00:00+00:00,158.71,
5752,2025-02-25 16:00:00+00:00,185.01,
5753,2025-02-25 17:00:00+00:00,209.81,
5754,2025-02-25 18:00:00+00:00,166.55,
5755,2025-02-25 19:00:00+00:00,145.33,
5756,2025-02-25 20:00:00+00:00,,
5757,2025-02-25 21:00:00+00:00,,
5758,2025-02-25 22:00:00+00:00,,
5759,2025-02-25 23:00:00+00:00,123.65,
5760,2025-02-26 00:00:00+00:00,120.87,
5761,2025-02-26 01:00:00+00:00,,
5762,2025-02-26 02:00:00+00:00,116.92,
5763,2025-02-26 03:00:00+00:00,,
5764,2025-02-26 04:00:00+00:00,,
5765,2025-02-26 05:00:00+00:00,,
5766,2025-02-26 06:00:00+00:00,,
5767,2025-02-26 07:00:00+00:00,178.18,
5768,2025-02-26 08:00:00+00:00,,
5769,2025-02-26 09:00:00+00:00,,
5770,2025-02-26 10:00:00+00:00,,
5771,2025-02-26 11:00:00+00:00,,
5772,2025-02-26 12:00:00+00:00,120.31,
5773,2025-02-26 13:00:00+00:00,126.18,
5774,2025-02-26 14:00:00+00:00,,
5775,2025-02-26 15:00:00+00:00,150.45,
5776,2025-02-26 16:00:00+00:00,157.2,
5777,2025-02-26 17:00:00+00:00,167.87,
5778,2025-02-26 18:00:00+00:00,,
5779,2025-02-26 19:00:00+00:00,144.43,
5780,2025-02-26 20:00:00+00:00,,
5781,2025-02-26 21:00:00+00:00,,
5782,2025-02-26 22:00:00+00:00,,
5783,2025-02-26 23:00:00+00:00,,
5784,2025-02-27 00:00:00+00:00,,
5785,2025-02-27 01:00:00+00:00,,
5786,2025-02-27 02:00:00+00:00,,
5787,2025-02-27 03:00:00+00:00,,
5788,2025-02-27 04:00:00+00:00,,
5789,2025-02-27 05:00:00+00:00,140.99,
5790,2025-02-27 06:00:00+00:00,165.19,
5791,2025-02-27 07:00:00+00:00,158.25,
5792,2025-02-27 08:00:00+00:00,142.35,
5793,2025-02-27 09:00:00+00:00,,
5794,2025-02-27 10:00:00+00:00,,
5795,2025-02-27 11:00:00+00:00,118.33,
5796,2025-02-27 12:00:00+00:00,124.41,
5797,2025-02-27 13:00:00+00:00,,
5798,2025-02-27 14:00:00+00:00,149.73,
5799,2025-02-27 15:00:00+00:00,181.14,
5800,2025-02-27 16:00:00+00:00,192.37,
5801,2025-02-27 17:00:00+00:00,173.96,
5802,2025-02-27 18:00:00+00:00,163.11,
5803,2025-02-27 19:00:00+00:00,,
5804,2025-02-27 20:00:00+00:00,138.96,
5805,2025-02-27 21:00:00+00:00,,
5806,2025-02-27 22:00:00+00:00,,
5807,2025-02-27 23:00:00+00:00,,
5808,2025-02-28 00:00:00+00:00,,
5809,2025-02-28 01:00:00+00:00,109.38,
5810,2025-02-28 02:00:00+00:00,,
5811,2025-02-28 03:00:00+00:00,112.26,
5812,2025-02-28 04:00:00+00:00,,
5813,2025-02-28 05:00:00+00:00,136.38,
5814,2025-02-28 06:00:00+00:00,164.38,
5815,2025-02-28 07:00:00+00:00,162.76,
5816,2025-02-28 08:00:00+00:00,,
5817,2025-02-28 09:00:00+00:00,,
5818,2025-02-28 10:00:00+00:00,,
5819,2025-02-28 11:00:00+00:00,,
5820,2025-02-28 12:00:00+00:00,108.85,
5821,2025-02-28 13:00:00+00:00,,
5822,2025-02-28 14:00:00+00:00,125.66,
5823,2025-02-28 15:00:00+00:00,,
5824,2025-02-28 16:00:00+00:00,164.59,
5825,2025-02-28 17:00:00+00:00,160.17,
5826,2025-02-28 18:00:00+00:00,158.38,
5827,2025-02-28 19:00:00+00:00,136.84,
5828,2025-02-28 20:00:00+00:00,,
5829,2025-02-28 21:00:00+00:00,,
5830,2025-02-28 22:00:00+00:00,118.58,
5831,2025-02-28 23:00:00+00:00,128.34,
5832,2025-03-01 00:00:00+00:00,,
5833,2025-03-01 01:00:00+00:00,117.15,
5834,2025-03-01 02:00:00+00:00,112.42,
5835,2025-03-01 03:00:00+00:00,,
5836,2025-03-01 04:00:00+00:00,,
5837,2025-03-01 05:00:00+00:00,,
5838,2025-03-01 06:00:00+00:00,136.23,
5839,2025-03-01 07:00:00+00:00,139.12,
5840,2025-03-01 08:00:00+00:00,,
5841,2025-03-01 09:00:00+00:00,,
5842,2025-03-01 10:00:00+00:00,119.98,
5843,2025-03-01 11:00:00+00:00,,
5844,2025-03-01 12:00:00+00:00,,
5845,2025-03-01 13:00:00+00:00,128.13,
5846,2025-03-01 14:00:00+00:00,121.52,
5847,2025-03-01 15:00:00+00:00,,
5848,2025-03-01 16:00:00+00:00,138.06,
5849,2025-03-01 17:00:00+00:00,150.14,
5850,2025-03-01 18:00:00+00:00,,
5851,2025-03-01 19:00:00+00:00,134.17,
5852,2025-03-01 20:00:00+00:00,127.42,
5853,2025-03-01 21:00:00+00:00,,
5854,2025-03-01 22:00:00+00:00,119.92,
5855,2025-03-01 23:00:00+00:00,123.55,
5856,2025-03-02 00:00:00+00:00,,
5857,2025-03-02 01:00:00+00:00,,
5858,2025-03-02 02:00:00+00:00,,
5859,2025-03-02 03:00:00+00:00,91.06,
5860,2025-03-02 04:00:00+00:00,,
5861,2025-03-02 05:00:00+00:00,89.43,
5862,2025-03-02 06:00:00+00:00,,
5863,2025-03-02 07:00:00+00:00,,
5864,2025-03-02 08:00:00+00:00,,
5865,2025-03-02 09:00:00+00:00,68.3,
5866,2025-03-02 10:00:00+00:00,,
5867,2025-03-02 11:00:00+00:00,27.5,
5868,2025-03-02 12:00:00+00:00,9.92,
5869,2025-03-02 13:00:00+00:00,24.29,
5870,2025-03-02 14:00:00+00:00,59.37,
5871,2025-03-02 15:00:00+00:00,93.63,
5872,2025-03-02 16:00:00+00:00,,
5873,2025-03-02 17:00:00+00:00,,
5874,2025-03-02 18:00:00+00:00,143.02,
5875,2025-03-02 19:00:00+00:00,128.65,
5876,2025-03-02 20:00:00+00:00,,
5877,2025-03-02 21:00:00+00:00,119.91,
5878,2025-03-02 22:00:00+00:00,109.7,
5879,2025-03-02 23:00:00+00:00,,
5880,2025-03-03 00:00:00+00:00,,
5881,2025-03-03 01:00:00+00:00,87.29,
5882,2025-03-03 02:00:00+00:00,87.42,
5883,2025-03-03 03:00:00+00:00,,
5884,2025-03-03 04:00:00+00:00,,
5885,2025-03-03 05:00:00+00:00,,
5886,2025-03-03 06:00:00+00:00,,
5887,2025-03-03 07:00:00+00:00,147.61,
5888,2025-03-03 08:00:00+00:00,107.66,
5889,2025-03-03 09:00:00+00:00,,
5890,2025-03-03 10:00:00+00:00,13.51,
5891,2025-03-03 11:00:00+00:00,,
5892,2025-03-03 12:00:00+00:00,1.66,
5893,2025-03-03 13:00:00+00:00,,
5894,2025-03-03 14:00:00+00:00,82.24,
5895,2025-03-03 15:00:00+00:00,111.3,
5896,2025-03-03 16:00:00+00:00,143.75,
5897,2025-03-03 17:00:00+00:00,167.03,
5898,2025-03-03 18:00:00+00:00,174.15,
5899,2025-03-03 19:00:00+00:00,148.24,
5900,2025-03-03 20:00:00+00:00,,
5901,2025-03-03 21:00:00+00:00,,
5902,2025-03-03 22:00:00+00:00,,
5903,2025-03-03 23:00:00+00:00,,
5904,2025-03-04 00:00:00+00:00,,
5905,2025-03-04 01:00:00+00:00,,
5906,2025-03-04 02:00:00+00:00,,
5907,2025-03-04 03:00:00+00:00,89.57,
5908,2025-03-04 04:00:00+00:00,,
5909,2025-03-04 05:00:00+00:00,122.13,
5910,2025-03-04 06:00:00+00:00,,
5911,2025-03-04 07:00:00+00:00,,
5912,2025-03-04 08:00:00+00:00,,
5913,2025-03-04 09:00:00+00:00,43.53,
5914,2025-03-04 10:00:00+00:00,,
5915,2025-03-04 11:00:00+00:00,-10.35,
5916,2025-03-04 12:00:00+00:00,-16.8,
5917,2025-03-04 13:00:00+00:00,,
5918,2025-03-04 14:00:00+00:00,73.21,
5919,2025-03-04 15:00:00+00:00,99.76,
5920,2025-03-04 16:00:00+00:00,,
5921,2025-03-04 17:00:00+00:00,168.76,
5922,2025-03-04 18:00:00+00:00,,
5923,2025-03-04 19:00:00+00:00,,
5924,2025-03-04 20:00:00+00:00,,
5925,2025-03-04 21:00:00+00:00,97.09,
5926,2025-03-04 22:00:00+00:00,,
5927,2025-03-04 23:00:00+00:00,,
5928,2025-03-05 00:00:00+00:00,56.37,
5929,2025-03-05 01:00:00+00:00,38.49,
5930,2025-03-05 02:00:00+00:00,39.34,
5931,2025-03-05 03:00:00+00:00,55.75,
5932,2025-03-05 04:00:00+00:00,63.49,
5933,2025-03-05 05:00:00+00:00,,
5934,2025-03-05 06:00:00+00:00,104.38,
5935,2025-03-05 07:00:00+00:00,49.43,
5936,2025-03-05 08:00:00+00:00,-11.94,
5937,2025-03-05 09:00:00+00:00,-12.03,
5938,2025-03-05 10:00:00+00:00,-19.46,
5939,2025-03-05 11:00:00+00:00,-20.15,
5940,2025-03-05 12:00:00+00:00,,
5941,2025-03-05 13:00:00+00:00,,
5942,2025-03-05 14:00:00+00:00,26.59,
5943,2025-03-05 15:00:00+00:00,,
5944,2025-03-05 16:00:00+00:00,,
5945,2025-03-05 17:00:00+00:00,137.59,
5946,2025-03-05 18:00:00+00:00,,
5947,2025-03-05 19:00:00+00:00,,
5948,2025-03-05 20:00:00+00:00,,
5949,2025-03-05 21:00:00+00:00,,
5950,2025-03-05 22:00:00+00:00,,
5951,2025-03-05 23:00:00+00:00,,
5952,2025-03-06 00:00:00+00:00,73.32,
5953,2025-03-06 01:00:00+00:00,,
5954,2025-03-06 02:00:00+00:00,,
5955,2025-03-06 03:00:00+00:00,,
5956,2025-03-06 04:00:00+00:00,89.53,
5957,2025-03-06 05:00:00+00:00,,
5958,2025-03-06 06:00:00+00:00,152.16,
5959,2025-03-06 07:00:00+00:00,108.5,
5960,2025-03-06 08:00:00+00:00,,
5961,2025-03-06 09:00:00+00:00,,
5962,2025-03-06 10:00:00+00:00,2.85,
5963,2025-03-06 11:00:00+00:00,0.59,
5964,2025-03-06 12:00:00+00:00,0.27,
5965,2025-03-06 13:00:00+00:00,13.16,
5966,2025-03-06 14:00:00+00:00,,
5967,2025-03-06 15:00:00+00:00,118.41,
5968,2025-03-06 16:00:00+00:00,,
5969,2025-03-06 17:00:00+00:00,157.35,
5970,2025-03-06 18:00:00+00:00,140.42,
5971,2025-03-06 19:00:00+00:00,,
5972,2025-03-06 20:00:00+00:00,,
5973,2025-03-06 21:00:00+00:00,91.99,
5974,2025-03-06 22:00:00+00:00,,
5975,2025-03-06 23:00:00+00:00,98.22,
5976,2025-03-07 00:00:00+00:00,,
5977,2025-03-07 01:00:00+00:00,,
5978,2025-03-07 02:00:00+00:00,,
5979,2025-03-07 03:00:00+00:00,100.29,
5980,2025-03-07 04:00:00+00:00,116.68,
5981,2025-03-07 05:00:00+00:00,165.83,
5982,2025-03-07 06:00:00+00:00,150.12,
5983,2025-03-07 07:00:00+00:00,,
5984,2025-03-07 08:00:00+00:00,,
5985,2025-03-07 09:00:00+00:00,,
5986,2025-03-07 10:00:00+00:00,31.81,
5987,2025-03-07 11:00:00+00:00,12.79,
5988,2025-03-07 12:00:00+00:00,61.47,
5989,2025-03-07 13:00:00+00:00,,
5990,2025-03-07 14:00:00+00:00,,
5991,2025-03-07 15:00:00+00:00,129.92,
5992,2025-03-07 16:00:00+00:00,177.97,
5993,2025-03-07 17:00:00+00:00,218.0,
5994,2025-03-07 18:00:00+00:00,184.49,
5995,2025-03-07 19:00:00+00:00,154.08,
5996,2025-03-07 20:00:00+00:00,135.03,
5997,2025-03-07 21:00:00+00:00,,
5998,2025-03-07 22:00:00+00:00,,
5999,2025-03-07 23:00:00+00:00,,
6000,2025-03-08 00:00:00+00:00,,
6001,2025-03-08 01:00:00+00:00,119.21,
6002,2025-03-08 02:00:00+00:00,117.85,
6003,2025-03-08 03:00:00+00:00,119.65,
6004,2025-03-08 04:00:00+00:00,122.62,
6005,2025-03-08 05:00:00+00:00,128.78,
6006,2025-03-08 06:00:00+00:00,,
6007,2025-03-08 07:00:00+00:00,,
6008,2025-03-08 08:00:00+00:00,,
6009,2025-03-08 09:00:00+00:00,18.05,
6010,2025-03-08 10:00:00+00:00,2.13,
6011,2025-03-08 11:00:00+00:00,,
6012,2025-03-08 12:00:00+00:00,,
6013,2025-03-08 13:00:00+00:00,,
6014,2025-03-08 14:00:00+00:00,,
6015,2025-03-08 15:00:00+00:00,178.76,
6016,2025-03-08 16:00:00+00:00,,
6017,2025-03-08 17:00:00+00:00,175.56,
6018,2025-03-08 18:00:00+00:00,137.14,
6019,2025-03-08 19:00:00+00:00,,
6020,2025-03-08 20:00:00+00:00,,
6021,2025-03-08 21:00:00+00:00,118.11,
6022,2025-03-08 22:00:00+00:00,,
6023,2025-03-08 23:00:00+00:00,,
6024,2025-03-09 00:00:00+00:00,95.67,
6025,2025-03-09 01:00:00+00:00,,
6026,2025-03-09 02:00:00+00:00,,
6027,2025-03-09 03:00:00+00:00,,
6028,2025-03-09 04:00:00+00:00,103.98,
6029,2025-03-09 05:00:00+00:00,102.76,
6030,2025-03-09 06:00:00+00:00,,
6031,2025-03-09 07:00:00+00:00,66.26,
6032,2025-03-09 08:00:00+00:00,29.27,
6033,2025-03-09 09:00:00+00:00,10.1,
6034,2025-03-09 10:00:00+00:00,0.71,
6035,2025-03-09 11:00:00+00:00,-1.17,
6036,2025-03-09 12:00:00+00:00,-1.4,
6037,2025-03-09 13:00:00+00:00,0.33,
6038,2025-03-09 14:00:00+00:00,64.68,
6039,2025-03-09 15:00:00+00:00,91.85,
6040,2025-03-09 16:00:00+00:00,,
6041,2025-03-09 17:00:00+00:00,135.7,
6042,2025-03-09 18:00:00+00:00,,
6043,2025-03-09 19:00:00+00:00,,
6044,2025-03-09 20:00:00+00:00,,
6045,2025-03-09 21:00:00+00:00,,
6046,2025-03-09 22:00:00+00:00,,
6047,2025-03-09 23:00:00+00:00,97.17,
6048,2025-03-10 00:00:00+00:00,,
6049,2025-03-10 01:00:00+00:00,,
6050,2025-03-10 02:00:00+00:00,,
6051,2025-03-10 03:00:00+00:00,95.45,
6052,2025-03-10 04:00:00+00:00,107.24,
6053,2025-03-10 05:00:00+00:00,,
6054,2025-03-10 06:00:00+00:00,159.8,
6055,2025-03-10 07:00:00+00:00,133.92,
6056,2025-03-10 08:00:00+00:00,,
6057,2025-03-10 09:00:00+00:00,,
6058,2025-03-10 10:00:00+00:00,,
6059,2025-03-10 11:00:00+00:00,,
6060,2025-03-10 12:00:00+00:00,,
6061,2025-03-10 13:00:00+00:00,84.28,
6062,2025-03-10 14:00:00+00:00,,
6063,2025-03-10 15:00:00+00:00,,
6064,2025-03-10 16:00:00+00:00,,
6065,2025-03-10 17:00:00+00:00,180.07,
6066,2025-03-10 18:00:00+00:00,160.08,
6067,2025-03-10 19:00:00+00:00,,
6068,2025-03-10 20:00:00+00:00,127.2,
6069,2025-03-10 21:00:00+00:00,,
6070,2025-03-10 22:00:00+00:00,,
6071,2025-03-10 23:00:00+00:00,,
6072,2025-03-11 00:00:00+00:00,,
6073,2025-03-11 01:00:00+00:00,100.04,
6074,2025-03-11 02:00:00+00:00,,
6075,2025-03-11 03:00:00+00:00,103.32,
6076,2025-03-11 04:00:00+00:00,,
6077,2025-03-11 05:00:00+00:00,147.18,
6078,2025-03-11 06:00:00+00:00,152.03,
6079,2025-03-11 07:00:00+00:00,128.55,
6080,2025-03-11 08:00:00+00:00,,
6081,2025-03-11 09:00:00+00:00,,
6082,2025-03-11 10:00:00+00:00,,
6083,2025-03-11 11:00:00+00:00,,
6084,2025-03-11 12:00:00+00:00,98.96,
6085,2025-03-11 13:00:00+00:00,103.08,
6086,2025-03-11 14:00:00+00:00,113.8,
6087,2025-03-11 15:00:00+00:00,135.01,
6088,2025-03-11 16:00:00+00:00,,
6089,2025-03-11 17:00:00+00:00,202.46,
6090,2025-03-11 18:00:00+00:00,180.25,
6091,2025-03-11 19:00:00+00:00,149.41,
6092,2025-03-11 20:00:00+00:00,133.42,
6093,2025-03-11 21:00:00+00:00,,
6094,2025-03-11 22:00:00+00:00,,
6095,2025-03-11 23:00:00+00:00,,
6096,2025-03-12 00:00:00+00:00,,
6097,2025-03-12 01:00:00+00:00,,
6098,2025-03-12 02:00:00+00:00,,
6099,2025-03-12 03:00:00+00:00,102.36,
6100,2025-03-12 04:00:00+00:00,,
6101,2025-03-12 05:00:00+00:00,143.22,
6102,2025-03-12 06:00:00+00:00,159.68,
6103,2025-03-12 07:00:00+00:00,,
6104,2025-03-12 08:00:00+00:00,,
6105,2025-03-12 09:00:00+00:00,101.99,
6106,2025-03-12 10:00:00+00:00,,
6107,2025-03-12 11:00:00+00:00,,
6108,2025-03-12 12:00:00+00:00,,
6109,2025-03-12 13:00:00+00:00,,
6110,2025-03-12 14:00:00+00:00,114.22,
6111,2025-03-12 15:00:00+00:00,140.1,
6112,2025-03-12 16:00:00+00:00,155.42,
6113,2025-03-12 17:00:00+00:00,204.15,
6114,2025-03-12 18:00:00+00:00,179.94,
6115,2025-03-12 19:00:00+00:00,,
6116,2025-03-12 20:00:00+00:00,131.99,
6117,2025-03-12 21:00:00+00:00,,
6118,2025-03-12 22:00:00+00:00,,
6119,2025-03-12 23:00:00+00:00,108.24,
6120,2025-03-13 00:00:00+00:00,,
6121,2025-03-13 01:00:00+00:00,92.39,
6122,2025-03-13 02:00:00+00:00,,
6123,2025-03-13 03:00:00+00:00,,
6124,2025-03-13 04:00:00+00:00,,
6125,2025-03-13 05:00:00+00:00,133.09,
6126,2025-03-13 06:00:00+00:00,161.3,
6127,2025-03-13 07:00:00+00:00,161.05,
6128,2025-03-13 08:00:00+00:00,163.48,
6129,2025-03-13 09:00:00+00:00,,
6130,2025-03-13 10:00:00+00:00,,
6131,2025-03-13 11:00:00+00:00,,
6132,2025-03-13 12:00:00+00:00,,
6133,2025-03-13 13:00:00+00:00,,
6134,2025-03-13 14:00:00+00:00,,
6135,2025-03-13 15:00:00+00:00,121.67,
6136,2025-03-13 16:00:00+00:00,,
6137,2025-03-13 17:00:00+00:00,159.4,
6138,2025-03-13 18:00:00+00:00,154.64,
6139,2025-03-13 19:00:00+00:00,133.94,
6140,2025-03-13 20:00:00+00:00,,
6141,2025-03-13 21:00:00+00:00,,
6142,2025-03-13 22:00:00+00:00,,
6143,2025-03-13 23:00:00+00:00,,
6144,2025-03-14 00:00:00+00:00,,
6145,2025-03-14 01:00:00+00:00,,
6146,2025-03-14 02:00:00+00:00,,
6147,2025-03-14 03:00:00+00:00,105.3,
6148,2025-03-14 04:00:00+00:00,114.05,
6149,2025-03-14 05:00:00+00:00,,
6150,2025-03-14 06:00:00+00:00,,
6151,2025-03-14 07:00:00+00:00,158.17,
6152,2025-03-14 08:00:00+00:00,,
6153,2025-03-14 09:00:00+00:00,,
6154,2025-03-14 10:00:00+00:00,109.16,
6155,2025-03-14 11:00:00+00:00,,
6156,2025-03-14 12:00:00+00:00,106.62,
6157,2025-03-14 13:00:00+00:00,108.53,
6158,2025-03-14 14:00:00+00:00,109.84,
6159,2025-03-14 15:00:00+00:00,,
6160,2025-03-14 16:00:00+00:00,,
6161,2025-03-14 17:00:00+00:00,154.86,
6162,2025-03-14 18:00:00+00:00,151.25,
6163,2025-03-14 19:00:00+00:00,,
6164,2025-03-14 20:00:00+00:00,111.39,
6165,2025-03-14 21:00:00+00:00,,
6166,2025-03-14 22:00:00+00:00,,
6167,2025-03-14 23:00:00+00:00,,
6168,2025-03-15 00:00:00+00:00,,
6169,2025-03-15 01:00:00+00:00,,
6170,2025-03-15 02:00:00+00:00,115.72,
6171,2025-03-15 03:00:00+00:00,,
6172,2025-03-15 04:00:00+00:00,118.27,
6173,2025-03-15 05:00:00+00:00,,
6174,2025-03-15 06:00:00+00:00,,
6175,2025-03-15 07:00:00+00:00,,
6176,2025-03-15 08:00:00+00:00,,
6177,2025-03-15 09:00:00+00:00,,
6178,2025-03-15 10:00:00+00:00,,
6179,2025-03-15 11:00:00+00:00,56.75,
6180,2025-03-15 12:00:00+00:00,,
6181,2025-03-15 13:00:00+00:00,68.06,
6182,2025-03-15 14:00:00+00:00,98.55,
6183,2025-03-15 15:00:00+00:00,149.34,
6184,2025-03-15 16:00:00+00:00,,
6185,2025-03-15 17:00:00+00:00,158.51,
6186,2025-03-15 18:00:00+00:00,,
6187,2025-03-15 19:00:00+00:00,,
6188,2025-03-15 20:00:00+00:00,111.35,
6189,2025-03-15 21:00:00+00:00,,
6190,2025-03-15 22:00:00+00:00,,
6191,2025-03-15 23:00:00+00:00,102.22,
6192,2025-03-16 00:00:00+00:00,,
6193,2025-03-16 01:00:00+00:00,100.57,
6194,2025-03-16 02:00:00+00:00,,
6195,2025-03-16 03:00:00+00:00,,
6196,2025-03-16 04:00:00+00:00,,
6197,2025-03-16 05:00:00+00:00,,
6198,2025-03-16 06:00:00+00:00,,
6199,2025-03-16 07:00:00+00:00,,
6200,2025-03-16 08:00:00+00:00,16.77,
6201,2025-03-16 09:00:00+00:00,-0.18,
6202,2025-03-16 10:00:00+00:00,-23.95,
6203,2025-03-16 11:00:00+00:00,-11.99,
6204,2025-03-16 12:00:00+00:00,,
6205,2025-03-16 13:00:00+00:00,-17.97,
6206,2025-03-16 14:00:00+00:00,31.0,
6207,2025-03-16 15:00:00+00:00,,
6208,2025-03-16 16:00:00+00:00,137.41,
6209,2025-03-16 17:00:00+00:00,131.73,
6210,2025-03-16 18:00:00+00:00,,
6211,2025-03-16 19:00:00+00:00,,
6212,2025-03-16 20:00:00+00:00,108.16,
6213,2025-03-16 21:00:00+00:00,101.25,
6214,2025-03-16 22:00:00+00:00,80.58,
6215,2025-03-16 23:00:00+00:00,,
6216,2025-03-17 00:00:00+00:00,,
6217,2025-03-17 01:00:00+00:00,79.17,
6218,2025-03-17 02:00:00+00:00,,
6219,2025-03-17 03:00:00+00:00,,
6220,2025-03-17 04:00:00+00:00,,
6221,2025-03-17 05:00:00+00:00,135.18,
6222,2025-03-17 06:00:00+00:00,152.87,
6223,2025-03-17 07:00:00+00:00,135.8,
6224,2025-03-17 08:00:00+00:00,,
6225,2025-03-17 09:00:00+00:00,28.75,
6226,2025-03-17 10:00:00+00:00,-16.71,
6227,2025-03-17 11:00:00+00:00,-3.59,
6228,2025-03-17 12:00:00+00:00,36.35,
6229,2025-03-17 13:00:00+00:00,50.21,
6230,2025-03-17 14:00:00+00:00,,
6231,2025-03-17 15:00:00+00:00,,
6232,2025-03-17 16:00:00+00:00,146.56,
6233,2025-03-17 17:00:00+00:00,,
6234,2025-03-17 18:00:00+00:00,,
6235,2025-03-17 19:00:00+00:00,,
6236,2025-03-17 20:00:00+00:00,119.14,
6237,2025-03-17 21:00:00+00:00,108.07,
6238,2025-03-17 22:00:00+00:00,,
6239,2025-03-17 23:00:00+00:00,,
6240,2025-03-18 00:00:00+00:00,101.07,
6241,2025-03-18 01:00:00+00:00,,
6242,2025-03-18 02:00:00+00:00,89.75,
6243,2025-03-18 03:00:00+00:00,,
6244,2025-03-18 04:00:00+00:00,111.85,
6245,2025-03-18 05:00:00+00:00,,
6246,2025-03-18 06:00:00+00:00,136.68,
6247,2025-03-18 07:00:00+00:00,,
6248,2025-03-18 08:00:00+00:00,62.71,
6249,2025-03-18 09:00:00+00:00,,
6250,2025-03-18 10:00:00+00:00,,
6251,2025-03-18 11:00:00+00:00,-6.78,
6252,2025-03-18 12:00:00+00:00,-8.46,
6253,2025-03-18 13:00:00+00:00,,
6254,2025-03-18 14:00:00+00:00,43.77,
6255,2025-03-18 15:00:00+00:00,97.29,
6256,2025-03-18 16:00:00+00:00,143.83,
6257,2025-03-18 17:00:00+00:00,,
6258,2025-03-18 18:00:00+00:00,,
6259,2025-03-18 19:00:00+00:00,145.17,
6260,2025-03-18 20:00:00+00:00,,
6261,2025-03-18 21:00:00+00:00,,
6262,2025-03-18 22:00:00+00:00,,
6263,2025-03-18 23:00:00+00:00,108.54,
6264,2025-03-19 00:00:00+00:00,,
6265,2025-03-19 01:00:00+00:00,,
6266,2025-03-19 02:00:00+00:00,,
6267,2025-03-19 03:00:00+00:00,,
6268,2025-03-19 04:00:00+00:00,,
6269,2025-03-19 05:00:00+00:00,159.78,
6270,2025-03-19 06:00:00+00:00,148.11,
6271,2025-03-19 07:00:00+00:00,,
6272,2025-03-19 08:00:00+00:00,45.87,
6273,2025-03-19 09:00:00+00:00,-17.18,
6274,2025-03-19 10:00:00+00:00,-4.76,
6275,2025-03-19 11:00:00+00:00,,
6276,2025-03-19 12:00:00+00:00,-4.78,
6277,2025-03-19 13:00:00+00:00,-7.63,
6278,2025-03-19 14:00:00+00:00,66.06,
6279,2025-03-19 15:00:00+00:00,,
6280,2025-03-19 16:00:00+00:00,172.18,
6281,2025-03-19 17:00:00+00:00,254.2,
6282,2025-03-19 18:00:00+00:00,221.63,
6283,2025-03-19 19:00:00+00:00,177.64,
6284,2025-03-19 20:00:00+00:00,141.82,
6285,2025-03-19 21:00:00+00:00,,
6286,2025-03-19 22:00:00+00:00,112.2,
6287,2025-03-19 23:00:00+00:00,,
6288,2025-03-20 00:00:00+00:00,,
6289,2025-03-20 01:00:00+00:00,,
6290,2025-03-20 02:00:00+00:00,,
6291,2025-03-20 03:00:00+00:00,,
6292,2025-03-20 04:00:00+00:00,,
6293,2025-03-20 05:00:00+00:00,,
6294,2025-03-20 06:00:00+00:00,,
6295,2025-03-20 07:00:00+00:00,100.28,
6296,2025-03-20 08:00:00+00:00,,
6297,2025-03-20 09:00:00+00:00,38.56,
6298,2025-03-20 10:00:00+00:00,3.42,
6299,2025-03-20 11:00:00+00:00,0.43,
6300,2025-03-20 12:00:00+00:00,0.65,
6301,2025-03-20 13:00:00+00:00,,
6302,2025-03-20 14:00:00+00:00,,
6303,2025-03-20 15:00:00+00:00,,
6304,2025-03-20 16:00:00+00:00,162.79,
6305,2025-03-20 17:00:00+00:00,280.0,
6306,2025-03-20 18:00:00+00:00,253.77,
6307,2025-03-20 19:00:00+00:00,168.84,
6308,2025-03-20 20:00:00+00:00,,
6309,2025-03-20 21:00:00+00:00,127.12,
6310,2025-03-20 22:00:00+00:00,116.75,
6311,2025-03-20 23:00:00+00:00,,
6312,2025-03-21 00:00:00+00:00,,
6313,2025-03-21 01:00:00+00:00,,
6314,2025-03-21 02:00:00+00:00,117.24,
6315,2025-03-21 03:00:00+00:00,,
6316,2025-03-21 04:00:00+00:00,,
6317,2025-03-21 05:00:00+00:00,165.09,
6318,2025-03-21 06:00:00+00:00,148.46,
6319,2025-03-21 07:00:00+00:00,,
6320,2025-03-21 08:00:00+00:00,,
6321,2025-03-21 09:00:00+00:00,43.74,
6322,2025-03-21 10:00:00+00:00,7.37,
6323,2025-03-21 11:00:00+00:00,,
6324,2025-03-21 12:00:00+00:00,,
6325,2025-03-21 13:00:00+00:00,30.03,
6326,2025-03-21 14:00:00+00:00,98.39,
6327,2025-03-21 15:00:00+00:00,124.88,
6328,2025-03-21 16:00:00+00:00,179.54,
6329,2025-03-21 17:00:00+00:00,195.45,
6330,2025-03-21 18:00:00+00:00,152.01,
6331,2025-03-21 19:00:00+00:00,,
6332,2025-03-21 20:00:00+00:00,,
6333,2025-03-21 21:00:00+00:00,,
6334,2025-03-21 22:00:00+00:00,,
6335,2025-03-21 23:00:00+00:00,102.9,
6336,2025-03-22 00:00:00+00:00,,
6337,2025-03-22 01:00:00+00:00,,
6338,2025-03-22 02:00:00+00:00,,
6339,2025-03-22 03:00:00+00:00,,
6340,2025-03-22 04:00:00+00:00,,
6341,2025-03-22 05:00:00+00:00,,
6342,2025-03-22 06:00:00+00:00,37.18,
6343,2025-03-22 07:00:00+00:00,-8.14,
6344,2025-03-22 08:00:00+00:00,-5.05,
6345,2025-03-22 09:00:00+00:00,-1.61,
6346,2025-03-22 10:00:00+00:00,-19.53,
6347,2025-03-22 11:00:00+00:00,-18.47,
6348,2025-03-22 12:00:00+00:00,-11.92,
6349,2025-03-22 13:00:00+00:00,-27.63,
6350,2025-03-22 14:00:00+00:00,-9.53,
6351,2025-03-22 15:00:00+00:00,20.83,
6352,2025-03-22 16:00:00+00:00,,
6353,2025-03-22 17:00:00+00:00,99.07,
6354,2025-03-22 18:00:00+00:00,98.24,
6355,2025-03-22 19:00:00+00:00,,
6356,2025-03-22 20:00:00+00:00,,
6357,2025-03-22 21:00:00+00:00,,
6358,2025-03-22 22:00:00+00:00,18.59,
6359,2025-03-22 23:00:00+00:00,,
6360,2025-03-23 00:00:00+00:00,4.19,
6361,2025-03-23 01:00:00+00:00,2.98,
6362,2025-03-23 02:00:00+00:00,4.44,
6363,2025-03-23 03:00:00+00:00,9.18,
6364,2025-03-23 04:00:00+00:00,9.03,
6365,2025-03-23 05:00:00+00:00,5.0,
6366,2025-03-23 06:00:00+00:00,3.87,
6367,2025-03-23 07:00:00+00:00,5.81,
6368,2025-03-23 08:00:00+00:00,23.33,
6369,2025-03-23 09:00:00+00:00,13.78,
6370,2025-03-23 10:00:00+00:00,9.6,
6371,2025-03-23 11:00:00+00:00,13.49,
6372,2025-03-23 12:00:00+00:00,5.01,
6373,2025-03-23 13:00:00+00:00,33.73,
6374,2025-03-23 14:00:00+00:00,,
6375,2025-03-23 15:00:00+00:00,,
6376,2025-03-23 16:00:00+00:00,126.31,
6377,2025-03-23 17:00:00+00:00,,
6378,2025-03-23 18:00:00+00:00,142.95,
6379,2025-03-23 19:00:00+00:00,141.46,
6380,2025-03-23 20:00:00+00:00,130.6,
6381,2025-03-23 21:00:00+00:00,,
6382,2025-03-23 22:00:00+00:00,114.24,
6383,2025-03-23 23:00:00+00:00,,
6384,2025-03-24 00:00:00+00:00,107.1,
6385,2025-03-24 01:00:00+00:00,101.78,
6386,2025-03-24 02:00:00+00:00,,
6387,2025-03-24 03:00:00+00:00,,
6388,2025-03-24 04:00:00+00:00,119.6,
6389,2025-03-24 05:00:00+00:00,141.7,
6390,2025-03-24 06:00:00+00:00,164.44,
6391,2025-03-24 07:00:00+00:00,162.16,
6392,2025-03-24 08:00:00+00:00,135.39,
6393,2025-03-24 09:00:00+00:00,,
6394,2025-03-24 10:00:00+00:00,,
6395,2025-03-24 11:00:00+00:00,103.27,
6396,2025-03-24 12:00:00+00:00,104.17,
6397,2025-03-24 13:00:00+00:00,,
6398,2025-03-24 14:00:00+00:00,,
6399,2025-03-24 15:00:00+00:00,132.76,
6400,2025-03-24 16:00:00+00:00,154.98,
6401,2025-03-24 17:00:00+00:00,219.76,
6402,2025-03-24 18:00:00+00:00,193.78,
6403,2025-03-24 19:00:00+00:00,161.92,
6404,2025-03-24 20:00:00+00:00,138.84,
6405,2025-03-24 21:00:00+00:00,125.76,
6406,2025-03-24 22:00:00+00:00,115.17,
6407,2025-03-24 23:00:00+00:00,,
6408,2025-03-25 00:00:00+00:00,101.94,
6409,2025-03-25 01:00:00+00:00,,
6410,2025-03-25 02:00:00+00:00,103.6,
6411,2025-03-25 03:00:00+00:00,,
6412,2025-03-25 04:00:00+00:00,,
6413,2025-03-25 05:00:00+00:00,137.57,
6414,2025-03-25 06:00:00+00:00,142.74,
6415,2025-03-25 07:00:00+00:00,127.41,
6416,2025-03-25 08:00:00+00:00,,
6417,2025-03-25 09:00:00+00:00,,
6418,2025-03-25 10:00:00+00:00,45.39,
6419,2025-03-25 11:00:00+00:00,39.13,
6420,2025-03-25 12:00:00+00:00,40.66,
6421,2025-03-25 13:00:00+00:00,,
6422,2025-03-25 14:00:00+00:00,,
6423,2025-03-25 15:00:00+00:00,,
6424,2025-03-25 16:00:00+00:00,,
6425,2025-03-25 17:00:00+00:00,194.71,
6426,2025-03-25 18:00:00+00:00,182.12,
6427,2025-03-25 19:00:00+00:00,148.6,
6428,2025-03-25 20:00:00+00:00,,
6429,2025-03-25 21:00:00+00:00,115.35,
6430,2025-03-25 22:00:00+00:00,102.05,
6431,2025-03-25 23:00:00+00:00,,
6432,2025-03-26 00:00:00+00:00,,
6433,2025-03-26 01:00:00+00:00,97.72,
6434,2025-03-26 02:00:00+00:00,,
6435,2025-03-26 03:00:00+00:00,,
6436,2025-03-26 04:00:00+00:00,,
6437,2025-03-26 05:00:00+00:00,,
6438,2025-03-26 06:00:00+00:00,142.85,
6439,2025-03-26 07:00:00+00:00,,
6440,2025-03-26 08:00:00+00:00,,
6441,2025-03-26 09:00:00+00:00,99.97,
6442,2025-03-26 10:00:00+00:00,,
6443,2025-03-26 11:00:00+00:00,,
6444,2025-03-26 12:00:00+00:00,,
6445,2025-03-26 13:00:00+00:00,,
6446,2025-03-26 14:00:00+00:00,,
6447,2025-03-26 15:00:00+00:00,,
6448,2025-03-26 16:00:00+00:00,138.4,
6449,2025-03-26 17:00:00+00:00,164.62,
6450,2025-03-26 18:00:00+00:00,170.72,
6451,2025-03-26 19:00:00+00:00,,
6452,2025-03-26 20:00:00+00:00,130.41,
6453,2025-03-26 21:00:00+00:00,122.06,
6454,2025-03-26 22:00:00+00:00,,
6455,2025-03-26 23:00:00+00:00,,
6456,2025-03-27 00:00:00+00:00,,
6457,2025-03-27 01:00:00+00:00,97.77,
6458,2025-03-27 02:00:00+00:00,,
6459,2025-03-27 03:00:00+00:00,,
6460,2025-03-27 04:00:00+00:00,,
6461,2025-03-27 05:00:00+00:00,,
6462,2025-03-27 06:00:00+00:00,,
6463,2025-03-27 07:00:00+00:00,,
6464,2025-03-27 08:00:00+00:00,,
6465,2025-03-27 09:00:00+00:00,,
6466,2025-03-27 10:00:00+00:00,,
6467,2025-03-27 11:00:00+00:00,,
6468,2025-03-27 12:00:00+00:00,,
6469,2025-03-27 13:00:00+00:00,87.43,
6470,2025-03-27 14:00:00+00:00,,
6471,2025-03-27 15:00:00+00:00,95.91,
6472,2025-03-27 16:00:00+00:00,,
6473,2025-03-27 17:00:00+00:00,160.51,
6474,2025-03-27 18:00:00+00:00,,
6475,2025-03-27 19:00:00+00:00,141.9,
6476,2025-03-27 20:00:00+00:00,,
6477,2025-03-27 21:00:00+00:00,,
6478,2025-03-27 22:00:00+00:00,100.93,
6479,2025-03-27 23:00:00+00:00,,
6480,2025-03-28 00:00:00+00:00,112.13,
6481,2025-03-28 01:00:00+00:00,,
6482,2025-03-28 02:00:00+00:00,,
6483,2025-03-28 03:00:00+00:00,113.71,
6484,2025-03-28 04:00:00+00:00,118.7,
6485,2025-03-28 05:00:00+00:00,130.25,
6486,2025-03-28 06:00:00+00:00,,
6487,2025-03-28 07:00:00+00:00,,
6488,2025-03-28 08:00:00+00:00,,
6489,2025-03-28 09:00:00+00:00,-10.96,
6490,2025-03-28 10:00:00+00:00,-32.9,
6491,2025-03-28 11:00:00+00:00,-28.43,
6492,2025-03-28 12:00:00+00:00,-24.88,
6493,2025-03-28 13:00:00+00:00,-22.42,
6494,2025-03-28 14:00:00+00:00,,
6495,2025-03-28 15:00:00+00:00,,
6496,2025-03-28 16:00:00+00:00,,
6497,2025-03-28 17:00:00+00:00,166.77,
6498,2025-03-28 18:00:00+00:00,166.38,
6499,2025-03-28 19:00:00+00:00,149.12,
6500,2025-03-28 20:00:00+00:00,125.96,
6501,2025-03-28 21:00:00+00:00,118.61,
6502,2025-03-28 22:00:00+00:00,,
6503,2025-03-28 23:00:00+00:00,,
6504,2025-03-29 00:00:00+00:00,105.31,
6505,2025-03-29 01:00:00+00:00,97.91,
6506,2025-03-29 02:00:00+00:00,,
6507,2025-03-29 03:00:00+00:00,,
6508,2025-03-29 04:00:00+00:00,,
6509,2025-03-29 05:00:00+00:00,,
6510,2025-03-29 06:00:00+00:00,99.72,
6511,2025-03-29 07:00:00+00:00,,
6512,2025-03-29 08:00:00+00:00,,
6513,2025-03-29 09:00:00+00:00,2.79,
6514,2025-03-29 10:00:00+00:00,1.08,
6515,2025-03-29 11:00:00+00:00,5.24,
6516,2025-03-29 12:00:00+00:00,-19.12,
6517,2025-03-29 13:00:00+00:00,15.5,
6518,2025-03-29 14:00:00+00:00,,
6519,2025-03-29 15:00:00+00:00,,
6520,2025-03-29 16:00:00+00:00,138.31,
6521,2025-03-29 17:00:00+00:00,149.53,
6522,2025-03-29 18:00:00+00:00,,
6523,2025-03-29 19:00:00+00:00,,
6524,2025-03-29 20:00:00+00:00,,
6525,2025-03-29 21:00:00+00:00,,
6526,2025-03-29 22:00:00+00:00,,
6527,2025-03-29 23:00:00+00:00,107.65,
6528,2025-03-30 00:00:00+00:00,,
6529,2025-03-30 01:00:00+00:00,,
6530,2025-03-30 02:00:00+00:00,100.38,
6531,2025-03-30 03:00:00+00:00,,
6532,2025-03-30 04:00:00+00:00,,
6533,2025-03-30 05:00:00+00:00,100.99,
6534,2025-03-30 06:00:00+00:00,,
6535,2025-03-30 07:00:00+00:00,22.29,
6536,2025-03-30 08:00:00+00:00,-2.24,
6537,2025-03-30 09:00:00+00:00,-6.47,
6538,2025-03-30 10:00:00+00:00,-17.29,
6539,2025-03-30 11:00:00+00:00,-24.67,
6540,2025-03-30 12:00:00+00:00,-9.25,
6541,2025-03-30 13:00:00+00:00,31.26,
6542,2025-03-30 14:00:00+00:00,88.49,
6543,2025-03-30 15:00:00+00:00,119.24,
6544,2025-03-30 16:00:00+00:00,136.36,
6545,2025-03-30 17:00:00+00:00,149.5,
6546,2025-03-30 18:00:00+00:00,161.52,
6547,2025-03-30 19:00:00+00:00,149.19,
6548,2025-03-30 20:00:00+00:00,,
6549,2025-03-30 21:00:00+00:00,,
6550,2025-03-30 22:00:00+00:00,,
6551,2025-03-30 23:00:00+00:00,,
6552,2025-03-31 00:00:00+00:00,83.72,
6553,2025-03-31 01:00:00+00:00,,
6554,2025-03-31 02:00:00+00:00,,
6555,2025-03-31 03:00:00+00:00,101.08,
6556,2025-03-31 04:00:00+00:00,154.25,
6557,2025-03-31 05:00:00+00:00,215.52,
6558,2025-03-31 06:00:00+00:00,179.46,
6559,2025-03-31 07:00:00+00:00,135.07,
6560,2025-03-31 08:00:00+00:00,,
6561,2025-03-31 09:00:00+00:00,,
6562,2025-03-31 10:00:00+00:00,,
6563,2025-03-31 11:00:00+00:00,,
6564,2025-03-31 12:00:00+00:00,,
6565,2025-03-31 13:00:00+00:00,79.73,
6566,2025-03-31 14:00:00+00:00,,
6567,2025-03-31 15:00:00+00:00,,
6568,2025-03-31 16:00:00+00:00,,
6569,2025-03-31 17:00:00+00:00,206.68,
6570,2025-03-31 18:00:00+00:00,186.94,
6571,2025-03-31 19:00:00+00:00,135.48,
6572,2025-03-31 20:00:00+00:00,,
6573,2025-03-31 21:00:00+00:00,,
6574,2025-03-31 22:00:00+00:00,,
6575,2025-03-31 23:00:00+00:00,,
6576,2025-04-01 00:00:00+00:00,,
6577,2025-04-01 01:00:00+00:00,97.34,
6578,2025-04-01 02:00:00+00:00,,
6579,2025-04-01 03:00:00+00:00,,
6580,2025-04-01 04:00:00+00:00,130.72,
6581,2025-04-01 05:00:00+00:00,178.89,
6582,2025-04-01 06:00:00+00:00,159.37,
6583,2025-04-01 07:00:00+00:00,142.8,
6584,2025-04-01 08:00:00+00:00,,
6585,2025-04-01 09:00:00+00:00,,
6586,2025-04-01 10:00:00+00:00,,
6587,2025-04-01 11:00:00+00:00,95.58,
6588,2025-04-01 12:00:00+00:00,,
6589,2025-04-01 13:00:00+00:00,,
6590,2025-04-01 14:00:00+00:00,107.54,
6591,2025-04-01 15:00:00+00:00,,
6592,2025-04-01 16:00:00+00:00,,
6593,2025-04-01 17:00:00+00:00,162.6,
6594,2025-04-01 18:00:00+00:00,,
6595,2025-04-01 19:00:00+00:00,112.72,
6596,2025-04-01 20:00:00+00:00,,
6597,2025-04-01 21:00:00+00:00,,
6598,2025-04-01 22:00:00+00:00,,
6599,2025-04-01 23:00:00+00:00,,
6600,2025-04-02 00:00:00+00:00,,
6601,2025-04-02 01:00:00+00:00,101.21,
6602,2025-04-02 02:00:00+00:00,,
6603,2025-04-02 03:00:00+00:00,,
6604,2025-04-02 04:00:00+00:00,,
6605,2025-04-02 05:00:00+00:00,,
6606,2025-04-02 06:00:00+00:00,,
6607,2025-04-02 07:00:00+00:00,,
6608,2025-04-02 08:00:00+00:00,41.89,
6609,2025-04-02 09:00:00+00:00,-33.95,
6610,2025-04-02 10:00:00+00:00,-21.56,
6611,2025-04-02 11:00:00+00:00,-17.43,
6612,2025-04-02 12:00:00+00:00,-7.8,
6613,2025-04-02 13:00:00+00:00,-11.56,
6614,2025-04-02 14:00:00+00:00,16.94,
6615,2025-04-02 15:00:00+00:00,,
6616,2025-04-02 16:00:00+00:00,129.51,
6617,2025-04-02 17:00:00+00:00,166.84,
6618,2025-04-02 18:00:00+00:00,,
6619,2025-04-02 19:00:00+00:00,,
6620,2025-04-02 20:00:00+00:00,,
6621,2025-04-02 21:00:00+00:00,107.25,
6622,2025-04-02 22:00:00+00:00,107.69,
6623,2025-04-02 23:00:00+00:00,,
6624,2025-04-03 00:00:00+00:00,103.78,
6625,2025-04-03 01:00:00+00:00,,
6626,2025-04-03 02:00:00+00:00,,
6627,2025-04-03 03:00:00+00:00,,
6628,2025-04-03 04:00:00+00:00,137.43,
6629,2025-04-03 05:00:00+00:00,164.31,
6630,2025-04-03 06:00:00+00:00,,
6631,2025-04-03 07:00:00+00:00,,
6632,2025-04-03 08:00:00+00:00,40.9,
6633,2025-04-03 09:00:00+00:00,,
6634,2025-04-03 10:00:00+00:00,-1.46,
6635,2025-04-03 11:00:00+00:00,,
6636,2025-04-03 12:00:00+00:00,-5.38,
6637,2025-04-03 13:00:00+00:00,-0.58,
6638,2025-04-03 14:00:00+00:00,89.91,
6639,2025-04-03 15:00:00+00:00,152.59,
6640,2025-04-03 16:00:00+00:00,142.82,
6641,2025-04-03 17:00:00+00:00,225.11,
6642,2025-04-03 18:00:00+00:00,211.26,
6643,2025-04-03 19:00:00+00:00,141.41,
6644,2025-04-03 20:00:00+00:00,,
6645,2025-04-03 21:00:00+00:00,,
6646,2025-04-03 22:00:00+00:00,,
6647,2025-04-03 23:00:00+00:00,104.58,
6648,2025-04-04 00:00:00+00:00,,
6649,2025-04-04 01:00:00+00:00,,
6650,2025-04-04 02:00:00+00:00,,
6651,2025-04-04 03:00:00+00:00,,
6652,2025-04-04 04:00:00+00:00,154.02,
6653,2025-04-04 05:00:00+00:00,181.59,
6654,2025-04-04 06:00:00+00:00,,
6655,2025-04-04 07:00:00+00:00,,
6656,2025-04-04 08:00:00+00:00,,
6657,2025-04-04 09:00:00+00:00,7.82,
6658,2025-04-04 10:00:00+00:00,,
6659,2025-04-04 11:00:00+00:00,,
6660,2025-04-04 12:00:00+00:00,-1.14,
6661,2025-04-04 13:00:00+00:00,,
6662,2025-04-04 14:00:00+00:00,70.62,
6663,2025-04-04 15:00:00+00:00,112.93,
6664,2025-04-04 16:00:00+00:00,,
6665,2025-04-04 17:00:00+00:00,172.74,
6666,2025-04-04 18:00:00+00:00,161.0,
6667,2025-04-04 19:00:00+00:00,,
6668,2025-04-04 20:00:00+00:00,,
6669,2025-04-04 21:00:00+00:00,97.11,
6670,2025-04-04 22:00:00+00:00,,
6671,2025-04-04 23:00:00+00:00,,
6672,2025-04-05 00:00:00+00:00,100.67,
6673,2025-04-05 01:00:00+00:00,,
6674,2025-04-05 02:00:00+00:00,,
6675,2025-04-05 03:00:00+00:00,,
6676,2025-04-05 04:00:00+00:00,,
6677,2025-04-05 05:00:00+00:00,,
6678,2025-04-05 06:00:00+00:00,100.17,
6679,2025-04-05 07:00:00+00:00,57.39,
6680,2025-04-05 08:00:00+00:00,0.66,
6681,2025-04-05 09:00:00+00:00,-0.87,
6682,2025-04-05 10:00:00+00:00,-21.66,
6683,2025-04-05 11:00:00+00:00,-49.02,
6684,2025-04-05 12:00:00+00:00,-51.49,
6685,2025-04-05 13:00:00+00:00,-29.19,
6686,2025-04-05 14:00:00+00:00,-0.73,
6687,2025-04-05 15:00:00+00:00,18.2,
6688,2025-04-05 16:00:00+00:00,,
6689,2025-04-05 17:00:00+00:00,109.45,
6690,2025-04-05 18:00:00+00:00,,
6691,2025-04-05 19:00:00+00:00,,
6692,2025-04-05 20:00:00+00:00,78.99,
6693,2025-04-05 21:00:00+00:00,,
6694,2025-04-05 22:00:00+00:00,,
6695,2025-04-05 23:00:00+00:00,61.37,
6696,2025-04-06 00:00:00+00:00,62.5,
6697,2025-04-06 01:00:00+00:00,,
6698,2025-04-06 02:00:00+00:00,,
6699,2025-04-06 03:00:00+00:00,,
6700,2025-04-06 04:00:00+00:00,,
6701,2025-04-06 05:00:00+00:00,,
6702,2025-04-06 06:00:00+00:00,,
6703,2025-04-06 07:00:00+00:00,,
6704,2025-04-06 08:00:00+00:00,-2.0,
6705,2025-04-06 09:00:00+00:00,-27.58,
6706,2025-04-06 10:00:00+00:00,-59.97,
6707,2025-04-06 11:00:00+00:00,-92.6,
6708,2025-04-06 12:00:00+00:00,-80.65,
6709,2025-04-06 13:00:00+00:00,-46.05,
6710,2025-04-06 14:00:00+00:00,,
6711,2025-04-06 15:00:00+00:00,32.76,
6712,2025-04-06 16:00:00+00:00,,
6713,2025-04-06 17:00:00+00:00,159.97,
6714,2025-04-06 18:00:00+00:00,,
6715,2025-04-06 19:00:00+00:00,,
6716,2025-04-06 20:00:00+00:00,,
6717,2025-04-06 21:00:00+00:00,,
6718,2025-04-06 22:00:00+00:00,,
6719,2025-04-06 23:00:00+00:00,,
6720,2025-04-07 00:00:00+00:00,,
6721,2025-04-07 01:00:00+00:00,,
6722,2025-04-07 02:00:00+00:00,,
6723,2025-04-07 03:00:00+00:00,100.19,
6724,2025-04-07 04:00:00+00:00,,
6725,2025-04-07 05:00:00+00:00,182.83,
6726,2025-04-07 06:00:00+00:00,144.53,
6727,2025-04-07 07:00:00+00:00,,
6728,2025-04-07 08:00:00+00:00,,
6729,2025-04-07 09:00:00+00:00,65.14,
6730,2025-04-07 10:00:00+00:00,62.53,
6731,2025-04-07 11:00:00+00:00,69.3,
6732,2025-04-07 12:00:00+00:00,79.1,
6733,2025-04-07 13:00:00+00:00,72.62,
6734,2025-04-07 14:00:00+00:00,83.44,
6735,2025-04-07 15:00:00+00:00,,
6736,2025-04-07 16:00:00+00:00,143.56,
6737,2025-04-07 17:00:00+00:00,179.0,
6738,2025-04-07 18:00:00+00:00,177.99,
6739,2025-04-07 19:00:00+00:00,,
6740,2025-04-07 20:00:00+00:00,,
6741,2025-04-07 21:00:00+00:00,,
6742,2025-04-07 22:00:00+00:00,,
6743,2025-04-07 23:00:00+00:00,,
6744,2025-04-08 00:00:00+00:00,,
6745,2025-04-08 01:00:00+00:00,,
6746,2025-04-08 02:00:00+00:00,,
6747,2025-04-08 03:00:00+00:00,,
6748,2025-04-08 04:00:00+00:00,147.16,
6749,2025-04-08 05:00:00+00:00,181.54,
6750,2025-04-08 06:00:00+00:00,,
6751,2025-04-08 07:00:00+00:00,,
6752,2025-04-08 08:00:00+00:00,,
6753,2025-04-08 09:00:00+00:00,34.5,
6754,2025-04-08 10:00:00+00:00,-6.82,
6755,2025-04-08 11:00:00+00:00,,
6756,2025-04-08 12:00:00+00:00,1.98,
6757,2025-04-08 13:00:00+00:00,44.66,
6758,2025-04-08 14:00:00+00:00,,
6759,2025-04-08 15:00:00+00:00,,
6760,2025-04-08 16:00:00+00:00,125.59,
6761,2025-04-08 17:00:00+00:00,,
6762,2025-04-08 18:00:00+00:00,227.44,
6763,2025-04-08 19:00:00+00:00,,
6764,2025-04-08 20:00:00+00:00,,
6765,2025-04-08 21:00:00+00:00,107.6,
6766,2025-04-08 22:00:00+00:00,,
6767,2025-04-08 23:00:00+00:00,,
6768,2025-04-09 00:00:00+00:00,97.22,
6769,2025-04-09 01:00:00+00:00,,
6770,2025-04-09 02:00:00+00:00,,
6771,2025-04-09 03:00:00+00:00,114.47,
6772,2025-04-09 04:00:00+00:00,157.54,
6773,2025-04-09 05:00:00+00:00,177.66,
6774,2025-04-09 06:00:00+00:00,131.3,
6775,2025-04-09 07:00:00+00:00,98.35,
6776,2025-04-09 08:00:00+00:00,,
6777,2025-04-09 09:00:00+00:00,53.24,
6778,2025-04-09 10:00:00+00:00,11.97,
6779,2025-04-09 11:00:00+00:00,11.81,
6780,2025-04-09 12:00:00+00:00,36.45,
6781,2025-04-09 13:00:00+00:00,65.62,
6782,2025-04-09 14:00:00+00:00,,
6783,2025-04-09 15:00:00+00:00,92.77,
6784,2025-04-09 16:00:00+00:00,,
6785,2025-04-09 17:00:00+00:00,133.31,
6786,2025-04-09 18:00:00+00:00,147.32,
6787,2025-04-09 19:00:00+00:00,,
6788,2025-04-09 20:00:00+00:00,,
6789,2025-04-09 21:00:00+00:00,,
6790,2025-04-09 22:00:00+00:00,,
6791,2025-04-09 23:00:00+00:00,,
6792,2025-04-10 00:00:00+00:00,90.53,
6793,2025-04-10 01:00:00+00:00,,
6794,2025-04-10 02:00:00+00:00,,
6795,2025-04-10 03:00:00+00:00,,
6796,2025-04-10 04:00:00+00:00,139.05,
6797,2025-04-10 05:00:00+00:00,173.14,
6798,2025-04-10 06:00:00+00:00,136.58,
6799,2025-04-10 07:00:00+00:00,,
6800,2025-04-10 08:00:00+00:00,,
6801,2025-04-10 09:00:00+00:00,67.94,
6802,2025-04-10 10:00:00+00:00,34.47,
6803,2025-04-10 11:00:00+00:00,2.07,
6804,2025-04-10 12:00:00+00:00,,
6805,2025-04-10 13:00:00+00:00,1.57,
6806,2025-04-10 14:00:00+00:00,55.2,
6807,2025-04-10 15:00:00+00:00,,
6808,2025-04-10 16:00:00+00:00,113.16,
6809,2025-04-10 17:00:00+00:00,179.43,
6810,2025-04-10 18:00:00+00:00,206.05,
6811,2025-04-10 19:00:00+00:00,,
6812,2025-04-10 20:00:00+00:00,,
6813,2025-04-10 21:00:00+00:00,,
6814,2025-04-10 22:00:00+00:00,,
6815,2025-04-10 23:00:00+00:00,,
6816,2025-04-11 00:00:00+00:00,61.78,
6817,2025-04-11 01:00:00+00:00,,
6818,2025-04-11 02:00:00+00:00,62.58,
6819,2025-04-11 03:00:00+00:00,,
6820,2025-04-11 04:00:00+00:00,,
6821,2025-04-11 05:00:00+00:00,,
6822,2025-04-11 06:00:00+00:00,,
6823,2025-04-11 07:00:00+00:00,90.91,
6824,2025-04-11 08:00:00+00:00,,
6825,2025-04-11 09:00:00+00:00,,
6826,2025-04-11 10:00:00+00:00,,
6827,2025-04-11 11:00:00+00:00,,
6828,2025-04-11 12:00:00+00:00,,
6829,2025-04-11 13:00:00+00:00,,
6830,2025-04-11 14:00:00+00:00,,
6831,2025-04-11 15:00:00+00:00,156.41,
6832,2025-04-11 16:00:00+00:00,,
6833,2025-04-11 17:00:00+00:00,165.93,
6834,2025-04-11 18:00:00+00:00,176.85,
6835,2025-04-11 19:00:00+00:00,,
6836,2025-04-11 20:00:00+00:00,,
6837,2025-04-11 21:00:00+00:00,,
6838,2025-04-11 22:00:00+00:00,108.76,
6839,2025-04-11 23:00:00+00:00,105.39,
6840,2025-04-12 00:00:00+00:00,,
6841,2025-04-12 01:00:00+00:00,,
6842,2025-04-12 02:00:00+00:00,,
6843,2025-04-12 03:00:00+00:00,,
6844,2025-04-12 04:00:00+00:00,,
6845,2025-04-12 05:00:00+00:00,101.5,
6846,2025-04-12 06:00:00+00:00,96.54,
6847,2025-04-12 07:00:00+00:00,,
6848,2025-04-12 08:00:00+00:00,51.0,
6849,2025-04-12 09:00:00+00:00,,
6850,2025-04-12 10:00:00+00:00,,
6851,2025-04-12 11:00:00+00:00,-32.66,
6852,2025-04-12 12:00:00+00:00,-24.07,
6853,2025-04-12 13:00:00+00:00,4.04,
6854,2025-04-12 14:00:00+00:00,64.18,
6855,2025-04-12 15:00:00+00:00,109.15,
6856,2025-04-12 16:00:00+00:00,116.3,
6857,2025-04-12 17:00:00+00:00,162.18,
6858,2025-04-12 18:00:00+00:00,209.38,
6859,2025-04-12 19:00:00+00:00,140.17,
6860,2025-04-12 20:00:00+00:00,,
6861,2025-04-12 21:00:00+00:00,,
6862,2025-04-12 22:00:00+00:00,,
6863,2025-04-12 23:00:00+00:00,76.36,
6864,2025-04-13 00:00:00+00:00,,
6865,2025-04-13 01:00:00+00:00,,
6866,2025-04-13 02:00:00+00:00,69.87,
6867,2025-04-13 03:00:00+00:00,73.86,
6868,2025-04-13 04:00:00+00:00,,
6869,2025-04-13 05:00:00+00:00,53.74,
6870,2025-04-13 06:00:00+00:00,12.71,
6871,2025-04-13 07:00:00+00:00,8.43,
6872,2025-04-13 08:00:00+00:00,,
6873,2025-04-13 09:00:00+00:00,,
6874,2025-04-13 10:00:00+00:00,-3.17,
6875,2025-04-13 11:00:00+00:00,-18.84,
6876,2025-04-13 12:00:00+00:00,-25.38,
6877,2025-04-13 13:00:00+00:00,-9.93,
6878,2025-04-13 14:00:00+00:00,,
6879,2025-04-13 15:00:00+00:00,52.2,
6880,2025-04-13 16:00:00+00:00,,
6881,2025-04-13 17:00:00+00:00,133.96,
6882,2025-04-13 18:00:00+00:00,,
6883,2025-04-13 19:00:00+00:00,,
6884,2025-04-13 20:00:00+00:00,104.55,
6885,2025-04-13 21:00:00+00:00,,
6886,2025-04-13 22:00:00+00:00,,
6887,2025-04-13 23:00:00+00:00,,
6888,2025-04-14 00:00:00+00:00,,
6889,2025-04-14 01:00:00+00:00,,
6890,2025-04-14 02:00:00+00:00,90.33,
6891,2025-04-14 03:00:00+00:00,,
6892,2025-04-14 04:00:00+00:00,,
6893,2025-04-14 05:00:00+00:00,152.68,
6894,2025-04-14 06:00:00+00:00,,
6895,2025-04-14 07:00:00+00:00,,
6896,2025-04-14 08:00:00+00:00,,
6897,2025-04-14 09:00:00+00:00,67.23,
6898,2025-04-14 10:00:00+00:00,55.19,
6899,2025-04-14 11:00:00+00:00,54.99,
6900,2025-04-14 12:00:00+00:00,62.02,
6901,2025-04-14 13:00:00+00:00,,
6902,2025-04-14 14:00:00+00:00,92.43,
6903,2025-04-14 15:00:00+00:00,,
6904,2025-04-14 16:00:00+00:00,,
6905,2025-04-14 17:00:00+00:00,229.5,
6906,2025-04-14 18:00:00+00:00,,
6907,2025-04-14 19:00:00+00:00,,
6908,2025-04-14 20:00:00+00:00,,
6909,2025-04-14 21:00:00+00:00,79.46,
6910,2025-04-14 22:00:00+00:00,,
6911,2025-04-14 23:00:00+00:00,,
6912,2025-04-15 00:00:00+00:00,,
6913,2025-04-15 01:00:00+00:00,,
6914,2025-04-15 02:00:00+00:00,,
6915,2025-04-15 03:00:00+00:00,,
6916,2025-04-15 04:00:00+00:00,,
6917,2025-04-15 05:00:00+00:00,114.82,
6918,2025-04-15 06:00:00+00:00,102.73,
6919,2025-04-15 07:00:00+00:00,,
6920,2025-04-15 08:00:00+00:00,,
6921,2025-04-15 09:00:00+00:00,9.69,
6922,2025-04-15 10:00:00+00:00,1.17,
6923,2025-04-15 11:00:00+00:00,2.38,
6924,2025-04-15 12:00:00+00:00,34.74,
6925,2025-04-15 13:00:00+00:00,,
6926,2025-04-15 14:00:00+00:00,93.0,
6927,2025-04-15 15:00:00+00:00,,
6928,2025-04-15 16:00:00+00:00,,
6929,2025-04-15 17:00:00+00:00,138.04,
6930,2025-04-15 18:00:00+00:00,,
6931,2025-04-15 19:00:00+00:00,,
6932,2025-04-15 20:00:00+00:00,,
6933,2025-04-15 21:00:00+00:00,,
6934,2025-04-15 22:00:00+00:00,,
6935,2025-04-15 23:00:00+00:00,,
6936,2025-04-16 00:00:00+00:00,,
6937,2025-04-16 01:00:00+00:00,,
6938,2025-04-16 02:00:00+00:00,94.32,
6939,2025-04-16 03:00:00+00:00,102.49,
6940,2025-04-16 04:00:00+00:00,,
6941,2025-04-16 05:00:00+00:00,,
6942,2025-04-16 06:00:00+00:00,140.59,
6943,2025-04-16 07:00:00+00:00,,
6944,2025-04-16 08:00:00+00:00,,
6945,2025-04-16 09:00:00+00:00,32.82,
6946,2025-04-16 10:00:00+00:00,17.4,
6947,2025-04-16 11:00:00+00:00,,
6948,2025-04-16 12:00:00+00:00,11.59,
6949,2025-04-16 13:00:00+00:00,46.41,
6950,2025-04-16 14:00:00+00:00,,
6951,2025-04-16 15:00:00+00:00,134.44,
6952,2025-04-16 16:00:00+00:00,118.88,
6953,2025-04-16 17:00:00+00:00,,
6954,2025-04-16 18:00:00+00:00,204.59,
6955,2025-04-16 19:00:00+00:00,121.72,
6956,2025-04-16 20:00:00+00:00,109.99,
6957,2025-04-16 21:00:00+00:00,,
6958,2025-04-16 22:00:00+00:00,,
6959,2025-04-16 23:00:00+00:00,,
6960,2025-04-17 00:00:00+00:00,,
6961,2025-04-17 01:00:00+00:00,,
6962,2025-04-17 02:00:00+00:00,95.68,
6963,2025-04-17 03:00:00+00:00,92.46,
6964,2025-04-17 04:00:00+00:00,136.74,
6965,2025-04-17 05:00:00+00:00,124.08,
6966,2025-04-17 06:00:00+00:00,,
6967,2025-04-17 07:00:00+00:00,,
6968,2025-04-17 08:00:00+00:00,,
6969,2025-04-17 09:00:00+00:00,11.58,
6970,2025-04-17 10:00:00+00:00,,
6971,2025-04-17 11:00:00+00:00,-18.16,
6972,2025-04-17 12:00:00+00:00,10.3,
6973,2025-04-17 13:00:00+00:00,,
6974,2025-04-17 14:00:00+00:00,,
6975,2025-04-17 15:00:00+00:00,,
6976,2025-04-17 16:00:00+00:00,,
6977,2025-04-17 17:00:00+00:00,131.11,
6978,2025-04-17 18:00:00+00:00,124.05,
6979,2025-04-17 19:00:00+00:00,,
6980,2025-04-17 20:00:00+00:00,104.11,
6981,2025-04-17 21:00:00+00:00,,
6982,2025-04-17 22:00:00+00:00,,
6983,2025-04-17 23:00:00+00:00,,
6984,2025-04-18 00:00:00+00:00,78.72,
6985,2025-04-18 01:00:00+00:00,,
6986,2025-04-18 02:00:00+00:00,,
6987,2025-04-18 03:00:00+00:00,,
6988,2025-04-18 04:00:00+00:00,,
6989,2025-04-18 05:00:00+00:00,,
6990,2025-04-18 06:00:00+00:00,,
6991,2025-04-18 07:00:00+00:00,,
6992,2025-04-18 08:00:00+00:00,89.34,
6993,2025-04-18 09:00:00+00:00,,
6994,2025-04-18 10:00:00+00:00,77.62,
6995,2025-04-18 11:00:00+00:00,,
6996,2025-04-18 12:00:00+00:00,,
6997,2025-04-18 13:00:00+00:00,,
6998,2025-04-18 14:00:00+00:00,,
6999,2025-04-18 15:00:00+00:00,,
7000,2025-04-18 16:00:00+00:00,,
7001,2025-04-18 17:00:00+00:00,,
7002,2025-04-18 18:00:00+00:00,,
7003,2025-04-18 19:00:00+00:00,118.37,
7004,2025-04-18 20:00:00+00:00,108.43,
7005,2025-04-18 21:00:00+00:00,101.29,
7006,2025-04-18 22:00:00+00:00,,
7007,2025-04-18 23:00:00+00:00,103.92,
7008,2025-04-19 00:00:00+00:00,,
7009,2025-04-19 01:00:00+00:00,94.73,
7010,2025-04-19 02:00:00+00:00,98.09,
7011,2025-04-19 03:00:00+00:00,,
7012,2025-04-19 04:00:00+00:00,,
7013,2025-04-19 05:00:00+00:00,106.86,
7014,2025-04-19 06:00:00+00:00,,
7015,2025-04-19 07:00:00+00:00,,
7016,2025-04-19 08:00:00+00:00,,
7017,2025-04-19 09:00:00+00:00,35.51,
7018,2025-04-19 10:00:00+00:00,,
7019,2025-04-19 11:00:00+00:00,-2.79,
7020,2025-04-19 12:00:00+00:00,,
7021,2025-04-19 13:00:00+00:00,44.1,
7022,2025-04-19 14:00:00+00:00,,
7023,2025-04-19 15:00:00+00:00,128.47,
7024,2025-04-19 16:00:00+00:00,146.08,
7025,2025-04-19 17:00:00+00:00,130.74,
7026,2025-04-19 18:00:00+00:00,154.53,
7027,2025-04-19 19:00:00+00:00,,
7028,2025-04-19 20:00:00+00:00,112.45,
7029,2025-04-19 21:00:00+00:00,105.1,
7030,2025-04-19 22:00:00+00:00,,
7031,2025-04-19 23:00:00+00:00,101.32,
7032,2025-04-20 00:00:00+00:00,98.07,
7033,2025-04-20 01:00:00+00:00,,
7034,2025-04-20 02:00:00+00:00,,
7035,2025-04-20 03:00:00+00:00,,
7036,2025-04-20 04:00:00+00:00,,
7037,2025-04-20 05:00:00+00:00,,
7038,2025-04-20 06:00:00+00:00,,
7039,2025-04-20 07:00:00+00:00,6.86,
7040,2025-04-20 08:00:00+00:00,-0.67,
7041,2025-04-20 09:00:00+00:00,-28.58,
7042,2025-04-20 10:00:00+00:00,-75.74,
7043,2025-04-20 11:00:00+00:00,-80.58,
7044,2025-04-20 12:00:00+00:00,-51.39,
7045,2025-04-20 13:00:00+00:00,-7.32,
7046,2025-04-20 14:00:00+00:00,,
7047,2025-04-20 15:00:00+00:00,,
7048,2025-04-20 16:00:00+00:00,,
7049,2025-04-20 17:00:00+00:00,,
7050,2025-04-20 18:00:00+00:00,,
7051,2025-04-20 19:00:00+00:00,134.93,
7052,2025-04-20 20:00:00+00:00,,
7053,2025-04-20 21:00:00+00:00,110.89,
7054,2025-04-20 22:00:00+00:00,108.22,
7055,2025-04-20 23:00:00+00:00,,
7056,2025-04-21 00:00:00+00:00,,
7057,2025-04-21 01:00:00+00:00,96.35,
7058,2025-04-21 02:00:00+00:00,,
7059,2025-04-21 03:00:00+00:00,,
7060,2025-04-21 04:00:00+00:00,,
7061,2025-04-21 05:00:00+00:00,,
7062,2025-04-21 06:00:00+00:00,,
7063,2025-04-21 07:00:00+00:00,49.92,
7064,2025-04-21 08:00:00+00:00,22.12,
7065,2025-04-21 09:00:00+00:00,10.9,
7066,2025-04-21 10:00:00+00:00,-13.39,
7067,2025-04-21 11:00:00+00:00,-21.27,
7068,2025-04-21 12:00:00+00:00,,
7069,2025-04-21 13:00:00+00:00,9.57,
7070,2025-04-21 14:00:00+00:00,48.11,
7071,2025-04-21 15:00:00+00:00,85.27,
7072,2025-04-21 16:00:00+00:00,,
7073,2025-04-21 17:00:00+00:00,121.65,
7074,2025-04-21 18:00:00+00:00,,
7075,2025-04-21 19:00:00+00:00,132.1,
7076,2025-04-21 20:00:00+00:00,122.77,
7077,2025-04-21 21:00:00+00:00,106.51,
7078,2025-04-21 22:00:00+00:00,,
7079,2025-04-21 23:00:00+00:00,,
7080,2025-04-22 00:00:00+00:00,,
7081,2025-04-22 01:00:00+00:00,,
7082,2025-04-22 02:00:00+00:00,,
7083,2025-04-22 03:00:00+00:00,,
7084,2025-04-22 04:00:00+00:00,122.23,
7085,2025-04-22 05:00:00+00:00,151.8,
7086,2025-04-22 06:00:00+00:00,,
7087,2025-04-22 07:00:00+00:00,,
7088,2025-04-22 08:00:00+00:00,,
7089,2025-04-22 09:00:00+00:00,,
7090,2025-04-22 10:00:00+00:00,,
7091,2025-04-22 11:00:00+00:00,67.04,
7092,2025-04-22 12:00:00+00:00,,
7093,2025-04-22 13:00:00+00:00,,
7094,2025-04-22 14:00:00+00:00,,
7095,2025-04-22 15:00:00+00:00,,
7096,2025-04-22 16:00:00+00:00,146.48,
7097,2025-04-22 17:00:00+00:00,224.12,
7098,2025-04-22 18:00:00+00:00,275.17,
7099,2025-04-22 19:00:00+00:00,,
7100,2025-04-22 20:00:00+00:00,,
7101,2025-04-22 21:00:00+00:00,,
7102,2025-04-22 22:00:00+00:00,,
7103,2025-04-22 23:00:00+00:00,,
7104,2025-04-23 00:00:00+00:00,98.97,
7105,2025-04-23 01:00:00+00:00,98.86,
7106,2025-04-23 02:00:00+00:00,,
7107,2025-04-23 03:00:00+00:00,111.72,
7108,2025-04-23 04:00:00+00:00,137.58,
7109,2025-04-23 05:00:00+00:00,,
7110,2025-04-23 06:00:00+00:00,,
7111,2025-04-23 07:00:00+00:00,,
7112,2025-04-23 08:00:00+00:00,,
7113,2025-04-23 09:00:00+00:00,,
7114,2025-04-23 10:00:00+00:00,,
7115,2025-04-23 11:00:00+00:00,,
7116,2025-04-23 12:00:00+00:00,,
7117,2025-04-23 13:00:00+00:00,94.36,
7118,2025-04-23 14:00:00+00:00,,
7119,2025-04-23 15:00:00+00:00,,
7120,2025-04-23 16:00:00+00:00,,
7121,2025-04-23 17:00:00+00:00,171.19,
7122,2025-04-23 18:00:00+00:00,215.03,
7123,2025-04-23 19:00:00+00:00,126.89,
7124,2025-04-23 20:00:00+00:00,,
7125,2025-04-23 21:00:00+00:00,,
7126,2025-04-23 22:00:00+00:00,95.61,
7127,2025-04-23 23:00:00+00:00,,
7128,2025-04-24 00:00:00+00:00,,
7129,2025-04-24 01:00:00+00:00,,
7130,2025-04-24 02:00:00+00:00,,
7131,2025-04-24 03:00:00+00:00,,
7132,2025-04-24 04:00:00+00:00,110.78,
7133,2025-04-24 05:00:00+00:00,119.19,
7134,2025-04-24 06:00:00+00:00,,
7135,2025-04-24 07:00:00+00:00,,
7136,2025-04-24 08:00:00+00:00,,
7137,2025-04-24 09:00:00+00:00,,
7138,2025-04-24 10:00:00+00:00,,
7139,2025-04-24 11:00:00+00:00,,
7140,2025-04-24 12:00:00+00:00,,
7141,2025-04-24 13:00:00+00:00,,
7142,2025-04-24 14:00:00+00:00,,
7143,2025-04-24 15:00:00+00:00,,
7144,2025-04-24 16:00:00+00:00,,
7145,2025-04-24 17:00:00+00:00,,
7146,2025-04-24 18:00:00+00:00,130.96,
7147,2025-04-24 19:00:00+00:00,,
7148,2025-04-24 20:00:00+00:00,106.53,
7149,2025-04-24 21:00:00+00:00,,
7150,2025-04-24 22:00:00+00:00,,
7151,2025-04-24 23:00:00+00:00,,
7152,2025-04-25 00:00:00+00:00,,
7153,2025-04-25 01:00:00+00:00,,
7154,2025-04-25 02:00:00+00:00,,
7155,2025-04-25 03:00:00+00:00,95.88,
7156,2025-04-25 04:00:00+00:00,,
7157,2025-04-25 05:00:00+00:00,113.39,
7158,2025-04-25 06:00:00+00:00,,
7159,2025-04-25 07:00:00+00:00,,
7160,2025-04-25 08:00:00+00:00,95.66,
7161,2025-04-25 09:00:00+00:00,,
7162,2025-04-25 10:00:00+00:00,,
7163,2025-04-25 11:00:00+00:00,,
7164,2025-04-25 12:00:00+00:00,,
7165,2025-04-25 13:00:00+00:00,86.16,
7166,2025-04-25 14:00:00+00:00,,
7167,2025-04-25 15:00:00+00:00,,
7168,2025-04-25 16:00:00+00:00,,
7169,2025-04-25 17:00:00+00:00,116.23,
7170,2025-04-25 18:00:00+00:00,,
7171,2025-04-25 19:00:00+00:00,109.63,
7172,2025-04-25 20:00:00+00:00,,
7173,2025-04-25 21:00:00+00:00,,
7174,2025-04-25 22:00:00+00:00,,
7175,2025-04-25 23:00:00+00:00,,
7176,2025-04-26 00:00:00+00:00,,
7177,2025-04-26 01:00:00+00:00,,
7178,2025-04-26 02:00:00+00:00,,
7179,2025-04-26 03:00:00+00:00,,
7180,2025-04-26 04:00:00+00:00,95.27,
7181,2025-04-26 05:00:00+00:00,,
7182,2025-04-26 06:00:00+00:00,,
7183,2025-04-26 07:00:00+00:00,,
7184,2025-04-26 08:00:00+00:00,2.55,
7185,2025-04-26 09:00:00+00:00,,
7186,2025-04-26 10:00:00+00:00,-15.79,
7187,2025-04-26 11:00:00+00:00,-23.45,
7188,2025-04-26 12:00:00+00:00,-13.04,
7189,2025-04-26 13:00:00+00:00,-3.3,
7190,2025-04-26 14:00:00+00:00,,
7191,2025-04-26 15:00:00+00:00,,
7192,2025-04-26 16:00:00+00:00,,
7193,2025-04-26 17:00:00+00:00,,
7194,2025-04-26 18:00:00+00:00,,
7195,2025-04-26 19:00:00+00:00,,
7196,2025-04-26 20:00:00+00:00,,
7197,2025-04-26 21:00:00+00:00,,
7198,2025-04-26 22:00:00+00:00,,
7199,2025-04-26 23:00:00+00:00,99.59,
7200,2025-04-27 00:00:00+00:00,99.45,
7201,2025-04-27 01:00:00+00:00,,
7202,2025-04-27 02:00:00+00:00,103.1,
7203,2025-04-27 03:00:00+00:00,,
7204,2025-04-27 04:00:00+00:00,,
7205,2025-04-27 05:00:00+00:00,63.28,
7206,2025-04-27 06:00:00+00:00,34.93,
7207,2025-04-27 07:00:00+00:00,,
7208,2025-04-27 08:00:00+00:00,-3.0,
7209,2025-04-27 09:00:00+00:00,-32.71,
7210,2025-04-27 10:00:00+00:00,-96.3,
7211,2025-04-27 11:00:00+00:00,-124.58,
7212,2025-04-27 12:00:00+00:00,-113.93,
7213,2025-04-27 13:00:00+00:00,-50.17,
7214,2025-04-27 14:00:00+00:00,-5.17,
7215,2025-04-27 15:00:00+00:00,,
7216,2025-04-27 16:00:00+00:00,115.79,
7217,2025-04-27 17:00:00+00:00,110.81,
7218,2025-04-27 18:00:00+00:00,,
7219,2025-04-27 19:00:00+00:00,,
7220,2025-04-27 20:00:00+00:00,,
7221,2025-04-27 21:00:00+00:00,,
7222,2025-04-27 22:00:00+00:00,,
7223,2025-04-27 23:00:00+00:00,,
7224,2025-04-28 00:00:00+00:00,,
7225,2025-04-28 01:00:00+00:00,,
7226,2025-04-28 02:00:00+00:00,,
7227,2025-04-28 03:00:00+00:00,99.77,
7228,2025-04-28 04:00:00+00:00,,
7229,2025-04-28 05:00:00+00:00,131.09,
7230,2025-04-28 06:00:00+00:00,94.68,
7231,2025-04-28 07:00:00+00:00,,
7232,2025-04-28 08:00:00+00:00,9.74,
7233,2025-04-28 09:00:00+00:00,,
7234,2025-04-28 10:00:00+00:00,-3.74,
7235,2025-04-28 11:00:00+00:00,-5.9,
7236,2025-04-28 12:00:00+00:00,-6.18,
7237,2025-04-28 13:00:00+00:00,-1.54,
7238,2025-04-28 14:00:00+00:00,42.18,
7239,2025-04-28 15:00:00+00:00,72.22,
7240,2025-04-28 16:00:00+00:00,104.94,
7241,2025-04-28 17:00:00+00:00,,
7242,2025-04-28 18:00:00+00:00,215.63,
7243,2025-04-28 19:00:00+00:00,,
7244,2025-04-28 20:00:00+00:00,,
7245,2025-04-28 21:00:00+00:00,96.82,
7246,2025-04-28 22:00:00+00:00,91.09,
7247,2025-04-28 23:00:00+00:00,,
7248,2025-04-29 00:00:00+00:00,,
7249,2025-04-29 01:00:00+00:00,,
7250,2025-04-29 02:00:00+00:00,,
7251,2025-04-29 03:00:00+00:00,,
7252,2025-04-29 04:00:00+00:00,106.6,
7253,2025-04-29 05:00:00+00:00,,
7254,2025-04-29 06:00:00+00:00,,
7255,2025-04-29 07:00:00+00:00,,
7256,2025-04-29 08:00:00+00:00,4.87,
7257,2025-04-29 09:00:00+00:00,,
7258,2025-04-29 10:00:00+00:00,,
7259,2025-04-29 11:00:00+00:00,-1.9,
7260,2025-04-29 12:00:00+00:00,-1.68,
7261,2025-04-29 13:00:00+00:00,,
7262,2025-04-29 14:00:00+00:00,30.59,
7263,2025-04-29 15:00:00+00:00,,
7264,2025-04-29 16:00:00+00:00,,
7265,2025-04-29 17:00:00+00:00,143.98,
7266,2025-04-29 18:00:00+00:00,186.42,
7267,2025-04-29 19:00:00+00:00,133.27,
7268,2025-04-29 20:00:00+00:00,,
7269,2025-04-29 21:00:00+00:00,,
7270,2025-04-29 22:00:00+00:00,,
7271,2025-04-29 23:00:00+00:00,,
7272,2025-04-30 00:00:00+00:00,88.05,
7273,2025-04-30 01:00:00+00:00,,
7274,2025-04-30 02:00:00+00:00,,
7275,2025-04-30 03:00:00+00:00,,
7276,2025-04-30 04:00:00+00:00,,
7277,2025-04-30 05:00:00+00:00,120.28,
7278,2025-04-30 06:00:00+00:00,,
7279,2025-04-30 07:00:00+00:00,,
7280,2025-04-30 08:00:00+00:00,,
7281,2025-04-30 09:00:00+00:00,,
7282,2025-04-30 10:00:00+00:00,-1.0,
7283,2025-04-30 11:00:00+00:00,-6.21,
7284,2025-04-30 12:00:00+00:00,,
7285,2025-04-30 13:00:00+00:00,,
7286,2025-04-30 14:00:00+00:00,19.82,
7287,2025-04-30 15:00:00+00:00,87.67,
7288,2025-04-30 16:00:00+00:00,,
7289,2025-04-30 17:00:00+00:00,,
7290,2025-04-30 18:00:00+00:00,178.08,
7291,2025-04-30 19:00:00+00:00,,
7292,2025-04-30 20:00:00+00:00,,
7293,2025-04-30 21:00:00+00:00,,
7294,2025-04-30 22:00:00+00:00,109.49,
7295,2025-04-30 23:00:00+00:00,,
7296,2025-05-01 00:00:00+00:00,,
7297,2025-05-01 01:00:00+00:00,93.91,
7298,2025-05-01 02:00:00+00:00,,
7299,2025-05-01 03:00:00+00:00,,
7300,2025-05-01 04:00:00+00:00,,
7301,2025-05-01 05:00:00+00:00,,
7302,2025-05-01 06:00:00+00:00,59.57,
7303,2025-05-01 07:00:00+00:00,,
7304,2025-05-01 08:00:00+00:00,,
7305,2025-05-01 09:00:00+00:00,-40.1,
7306,2025-05-01 10:00:00+00:00,-82.38,
7307,2025-05-01 11:00:00+00:00,-128.74,
7308,2025-05-01 12:00:00+00:00,-118.22,
7309,2025-05-01 13:00:00+00:00,-49.99,
7310,2025-05-01 14:00:00+00:00,,
7311,2025-05-01 15:00:00+00:00,,
7312,2025-05-01 16:00:00+00:00,,
7313,2025-05-01 17:00:00+00:00,,
7314,2025-05-01 18:00:00+00:00,164.6,
7315,2025-05-01 19:00:00+00:00,,
7316,2025-05-01 20:00:00+00:00,,
7317,2025-05-01 21:00:00+00:00,,
7318,2025-05-01 22:00:00+00:00,,
7319,2025-05-01 23:00:00+00:00,,
7320,2025-05-02 00:00:00+00:00,68.73,
7321,2025-05-02 01:00:00+00:00,67.16,
7322,2025-05-02 02:00:00+00:00,66.57,
7323,2025-05-02 03:00:00+00:00,,
7324,2025-05-02 04:00:00+00:00,,
7325,2025-05-02 05:00:00+00:00,87.28,
7326,2025-05-02 06:00:00+00:00,77.64,
7327,2025-05-02 07:00:00+00:00,11.46,
7328,2025-05-02 08:00:00+00:00,,
7329,2025-05-02 09:00:00+00:00,,
7330,2025-05-02 10:00:00+00:00,,
7331,2025-05-02 11:00:00+00:00,,
7332,2025-05-02 12:00:00+00:00,-4.0,
7333,2025-05-02 13:00:00+00:00,,
7334,2025-05-02 14:00:00+00:00,6.22,
7335,2025-05-02 15:00:00+00:00,,
7336,2025-05-02 16:00:00+00:00,154.79,
7337,2025-05-02 17:00:00+00:00,,
7338,2025-05-02 18:00:00+00:00,151.82,
7339,2025-05-02 19:00:00+00:00,,
7340,2025-05-02 20:00:00+00:00,,
7341,2025-05-02 21:00:00+00:00,,
7342,2025-05-02 22:00:00+00:00,,
7343,2025-05-02 23:00:00+00:00,,
7344,2025-05-03 00:00:00+00:00,,
7345,2025-05-03 01:00:00+00:00,,
7346,2025-05-03 02:00:00+00:00,,
7347,2025-05-03 03:00:00+00:00,,
7348,2025-05-03 04:00:00+00:00,,
7349,2025-05-03 05:00:00+00:00,90.78,
7350,2025-05-03 06:00:00+00:00,71.46,
7351,2025-05-03 07:00:00+00:00,13.53,
7352,2025-05-03 08:00:00+00:00,,
7353,2025-05-03 09:00:00+00:00,,
7354,2025-05-03 10:00:00+00:00,,
7355,2025-05-03 11:00:00+00:00,-3.04,
7356,2025-05-03 12:00:00+00:00,-2.69,
7357,2025-05-03 13:00:00+00:00,,
7358,2025-05-03 14:00:00+00:00,,
7359,2025-05-03 15:00:00+00:00,77.75,
7360,2025-05-03 16:00:00+00:00,144.37,
7361,2025-05-03 17:00:00+00:00,,
7362,2025-05-03 18:00:00+00:00,,
7363,2025-05-03 19:00:00+00:00,116.99,
7364,2025-05-03 20:00:00+00:00,,
7365,2025-05-03 21:00:00+00:00,,
7366,2025-05-03 22:00:00+00:00,,
7367,2025-05-03 23:00:00+00:00,113.43,
7368,2025-05-04 00:00:00+00:00,,
7369,2025-05-04 01:00:00+00:00,95.84,
7370,2025-05-04 02:00:00+00:00,,
7371,2025-05-04 03:00:00+00:00,78.68,
7372,2025-05-04 04:00:00+00:00,64.94,
7373,2025-05-04 05:00:00+00:00,53.35,
7374,2025-05-04 06:00:00+00:00,2.93,
7375,2025-05-04 07:00:00+00:00,,
7376,2025-05-04 08:00:00+00:00,,
7377,2025-05-04 09:00:00+00:00,,
7378,2025-05-04 10:00:00+00:00,,
7379,2025-05-04 11:00:00+00:00,,
7380,2025-05-04 12:00:00+00:00,-5.01,
7381,2025-05-04 13:00:00+00:00,-1.59,
7382,2025-05-04 14:00:00+00:00,,
7383,2025-05-04 15:00:00+00:00,,
7384,2025-05-04 16:00:00+00:00,,
7385,2025-05-04 17:00:00+00:00,,
7386,2025-05-04 18:00:00+00:00,,
7387,2025-05-04 19:00:00+00:00,111.17,
7388,2025-05-04 20:00:00+00:00,,
7389,2025-05-04 21:00:00+00:00,,
7390,2025-05-04 22:00:00+00:00,73.63,
7391,2025-05-04 23:00:00+00:00,,
7392,2025-05-05 00:00:00+00:00,,
7393,2025-05-05 01:00:00+00:00,,
7394,2025-05-05 02:00:00+00:00,,
7395,2025-05-05 03:00:00+00:00,,
7396,2025-05-05 04:00:00+00:00,,
7397,2025-05-05 05:00:00+00:00,124.57,
7398,2025-05-05 06:00:00+00:00,108.88,
7399,2025-05-05 07:00:00+00:00,93.61,
7400,2025-05-05 08:00:00+00:00,53.27,
7401,2025-05-05 09:00:00+00:00,29.69,
7402,2025-05-05 10:00:00+00:00,28.43,
7403,2025-05-05 11:00:00+00:00,23.38,
7404,2025-05-05 12:00:00+00:00,59.11,
7405,2025-05-05 13:00:00+00:00,70.13,
7406,2025-05-05 14:00:00+00:00,,
7407,2025-05-05 15:00:00+00:00,105.04,
7408,2025-05-05 16:00:00+00:00,,
7409,2025-05-05 17:00:00+00:00,,
7410,2025-05-05 18:00:00+00:00,288.63,
7411,2025-05-05 19:00:00+00:00,159.0,
7412,2025-05-05 20:00:00+00:00,,
7413,2025-05-05 21:00:00+00:00,,
7414,2025-05-05 22:00:00+00:00,,
7415,2025-05-05 23:00:00+00:00,81.67,
7416,2025-05-06 00:00:00+00:00,,
7417,2025-05-06 01:00:00+00:00,,
7418,2025-05-06 02:00:00+00:00,,
7419,2025-05-06 03:00:00+00:00,,
7420,2025-05-06 04:00:00+00:00,,
7421,2025-05-06 05:00:00+00:00,,
7422,2025-05-06 06:00:00+00:00,,
7423,2025-05-06 07:00:00+00:00,,
7424,2025-05-06 08:00:00+00:00,58.19,
7425,2025-05-06 09:00:00+00:00,37.93,
7426,2025-05-06 10:00:00+00:00,38.24,
7427,2025-05-06 11:00:00+00:00,31.65,
7428,2025-05-06 12:00:00+00:00,44.08,
7429,2025-05-06 13:00:00+00:00,,
7430,2025-05-06 14:00:00+00:00,,
7431,2025-05-06 15:00:00+00:00,,
7432,2025-05-06 16:00:00+00:00,,
7433,2025-05-06 17:00:00+00:00,140.72,
7434,2025-05-06 18:00:00+00:00,170.02,
7435,2025-05-06 19:00:00+00:00,135.3,
7436,2025-05-06 20:00:00+00:00,116.51,
7437,2025-05-06 21:00:00+00:00,101.17,
7438,2025-05-06 22:00:00+00:00,,
7439,2025-05-06 23:00:00+00:00,,
7440,2025-05-07 00:00:00+00:00,,
7441,2025-05-07 01:00:00+00:00,93.79,
7442,2025-05-07 02:00:00+00:00,,
7443,2025-05-07 03:00:00+00:00,,
7444,2025-05-07 04:00:00+00:00,,
7445,2025-05-07 05:00:00+00:00,143.05,
7446,2025-05-07 06:00:00+00:00,123.36,
7447,2025-05-07 07:00:00+00:00,,
7448,2025-05-07 08:00:00+00:00,,
7449,2025-05-07 09:00:00+00:00,,
7450,2025-05-07 10:00:00+00:00,61.95,
7451,2025-05-07 11:00:00+00:00,,
7452,2025-05-07 12:00:00+00:00,,
7453,2025-05-07 13:00:00+00:00,,
7454,2025-05-07 14:00:00+00:00,85.05,
7455,2025-05-07 15:00:00+00:00,,
7456,2025-05-07 16:00:00+00:00,,
7457,2025-05-07 17:00:00+00:00,,
7458,2025-05-07 18:00:00+00:00,158.78,
7459,2025-05-07 19:00:00+00:00,124.94,
7460,2025-05-07 20:00:00+00:00,109.42,
7461,2025-05-07 21:00:00+00:00,,
7462,2025-05-07 22:00:00+00:00,,
7463,2025-05-07 23:00:00+00:00,95.12,
7464,2025-05-08 00:00:00+00:00,,
7465,2025-05-08 01:00:00+00:00,,
7466,2025-05-08 02:00:00+00:00,,
7467,2025-05-08 03:00:00+00:00,,
7468,2025-05-08 04:00:00+00:00,,
7469,2025-05-08 05:00:00+00:00,137.85,
7470,2025-05-08 06:00:00+00:00,,
7471,2025-05-08 07:00:00+00:00,,
7472,2025-05-08 08:00:00+00:00,,
7473,2025-05-08 09:00:00+00:00,77.93,
7474,2025-05-08 10:00:00+00:00,,
7475,2025-05-08 11:00:00+00:00,65.56,
7476,2025-05-08 12:00:00+00:00,,
7477,2025-05-08 13:00:00+00:00,81.47,
7478,2025-05-08 14:00:00+00:00,,
7479,2025-05-08 15:00:00+00:00,123.13,
7480,2025-05-08 16:00:00+00:00,,
7481,2025-05-08 17:00:00+00:00,145.87,
7482,2025-05-08 18:00:00+00:00,194.83,
7483,2025-05-08 19:00:00+00:00,147.57,
7484,2025-05-08 20:00:00+00:00,,
7485,2025-05-08 21:00:00+00:00,,
7486,2025-05-08 22:00:00+00:00,,
7487,2025-05-08 23:00:00+00:00,97.48,
7488,2025-05-09 00:00:00+00:00,,
7489,2025-05-09 01:00:00+00:00,,
7490,2025-05-09 02:00:00+00:00,,
7491,2025-05-09 03:00:00+00:00,,
7492,2025-05-09 04:00:00+00:00,,
7493,2025-05-09 05:00:00+00:00,133.99,
7494,2025-05-09 06:00:00+00:00,97.96,
7495,2025-05-09 07:00:00+00:00,83.38,
7496,2025-05-09 08:00:00+00:00,,
7497,2025-05-09 09:00:00+00:00,,
7498,2025-05-09 10:00:00+00:00,,
7499,2025-05-09 11:00:00+00:00,,
7500,2025-05-09 12:00:00+00:00,,
7501,2025-05-09 13:00:00+00:00,,
7502,2025-05-09 14:00:00+00:00,,
7503,2025-05-09 15:00:00+00:00,102.24,
7504,2025-05-09 16:00:00+00:00,,
7505,2025-05-09 17:00:00+00:00,150.59,
7506,2025-05-09 18:00:00+00:00,196.34,
7507,2025-05-09 19:00:00+00:00,140.6,
7508,2025-05-09 20:00:00+00:00,119.12,
7509,2025-05-09 21:00:00+00:00,,
7510,2025-05-09 22:00:00+00:00,,
7511,2025-05-09 23:00:00+00:00,,
7512,2025-05-10 00:00:00+00:00,,
7513,2025-05-10 01:00:00+00:00,,
7514,2025-05-10 02:00:00+00:00,,
7515,2025-05-10 03:00:00+00:00,100.8,
7516,2025-05-10 04:00:00+00:00,,
7517,2025-05-10 05:00:00+00:00,,
7518,2025-05-10 06:00:00+00:00,,
7519,2025-05-10 07:00:00+00:00,,
7520,2025-05-10 08:00:00+00:00,,
7521,2025-05-10 09:00:00+00:00,,
7522,2025-05-10 10:00:00+00:00,,
7523,2025-05-10 11:00:00+00:00,,
7524,2025-05-10 12:00:00+00:00,,
7525,2025-05-10 13:00:00+00:00,,
7526,2025-05-10 14:00:00+00:00,,
7527,2025-05-10 15:00:00+00:00,105.53,
7528,2025-05-10 16:00:00+00:00,141.54,
7529,2025-05-10 17:00:00+00:00,125.05,
7530,2025-05-10 18:00:00+00:00,,
7531,2025-05-10 19:00:00+00:00,,
7532,2025-05-10 20:00:00+00:00,,
7533,2025-05-10 21:00:00+00:00,,
7534,2025-05-10 22:00:00+00:00,98.14,
7535,2025-05-10 23:00:00+00:00,,
7536,2025-05-11 00:00:00+00:00,,
7537,2025-05-11 01:00:00+00:00,,
7538,2025-05-11 02:00:00+00:00,,
7539,2025-05-11 03:00:00+00:00,,
7540,2025-05-11 04:00:00+00:00,,
7541,2025-05-11 05:00:00+00:00,,
7542,2025-05-11 06:00:00+00:00,4.96,
7543,2025-05-11 07:00:00+00:00,,
7544,2025-05-11 08:00:00+00:00,-11.36,
7545,2025-05-11 09:00:00+00:00,-46.45,
7546,2025-05-11 10:00:00+00:00,-35.36,
7547,2025-05-11 11:00:00+00:00,-22.46,
7548,2025-05-11 12:00:00+00:00,-20.01,
7549,2025-05-11 13:00:00+00:00,-15.93,
7550,2025-05-11 14:00:00+00:00,27.63,
7551,2025-05-11 15:00:00+00:00,,
7552,2025-05-11 16:00:00+00:00,,
7553,2025-05-11 17:00:00+00:00,131.22,
7554,2025-05-11 18:00:00+00:00,167.32,
7555,2025-05-11 19:00:00+00:00,,
7556,2025-05-11 20:00:00+00:00,,
7557,2025-05-11 21:00:00+00:00,,
7558,2025-05-11 22:00:00+00:00,,
7559,2025-05-11 23:00:00+00:00,,
7560,2025-05-12 00:00:00+00:00,82.02,
7561,2025-05-12 01:00:00+00:00,,
7562,2025-05-12 02:00:00+00:00,,
7563,2025-05-12 03:00:00+00:00,,
7564,2025-05-12 04:00:00+00:00,143.01,
7565,2025-05-12 05:00:00+00:00,,
7566,2025-05-12 06:00:00+00:00,,
7567,2025-05-12 07:00:00+00:00,,
7568,2025-05-12 08:00:00+00:00,17.59,
7569,2025-05-12 09:00:00+00:00,9.59,
7570,2025-05-12 10:00:00+00:00,10.37,
7571,2025-05-12 11:00:00+00:00,,
7572,2025-05-12 12:00:00+00:00,63.65,
7573,2025-05-12 13:00:00+00:00,,
7574,2025-05-12 14:00:00+00:00,,
7575,2025-05-12 15:00:00+00:00,,
7576,2025-05-12 16:00:00+00:00,,
7577,2025-05-12 17:00:00+00:00,164.41,
7578,2025-05-12 18:00:00+00:00,282.92,
7579,2025-05-12 19:00:00+00:00,,
7580,2025-05-12 20:00:00+00:00,107.96,
7581,2025-05-12 21:00:00+00:00,,
7582,2025-05-12 22:00:00+00:00,,
7583,2025-05-12 23:00:00+00:00,,
7584,2025-05-13 00:00:00+00:00,,
7585,2025-05-13 01:00:00+00:00,,
7586,2025-05-13 02:00:00+00:00,,
7587,2025-05-13 03:00:00+00:00,112.52,
7588,2025-05-13 04:00:00+00:00,137.61,
7589,2025-05-13 05:00:00+00:00,128.58,
7590,2025-05-13 06:00:00+00:00,,
7591,2025-05-13 07:00:00+00:00,,
7592,2025-05-13 08:00:00+00:00,20.72,
7593,2025-05-13 09:00:00+00:00,2.52,
7594,2025-05-13 10:00:00+00:00,5.82,
7595,2025-05-13 11:00:00+00:00,3.31,
7596,2025-05-13 12:00:00+00:00,8.3,
7597,2025-05-13 13:00:00+00:00,51.69,
7598,2025-05-13 14:00:00+00:00,,
7599,2025-05-13 15:00:00+00:00,,
7600,2025-05-13 16:00:00+00:00,,
7601,2025-05-13 17:00:00+00:00,165.3,
7602,2025-05-13 18:00:00+00:00,354.28,
7603,2025-05-13 19:00:00+00:00,163.33,
7604,2025-05-13 20:00:00+00:00,,
7605,2025-05-13 21:00:00+00:00,,
7606,2025-05-13 22:00:00+00:00,103.23,
7607,2025-05-13 23:00:00+00:00,,
7608,2025-05-14 00:00:00+00:00,,
7609,2025-05-14 01:00:00+00:00,,
7610,2025-05-14 02:00:00+00:00,,
7611,2025-05-14 03:00:00+00:00,103.87,
7612,2025-05-14 04:00:00+00:00,,
7613,2025-05-14 05:00:00+00:00,,
7614,2025-05-14 06:00:00+00:00,,
7615,2025-05-14 07:00:00+00:00,,
7616,2025-05-14 08:00:00+00:00,,
7617,2025-05-14 09:00:00+00:00,3.56,
7618,2025-05-14 10:00:00+00:00,-5.87,
7619,2025-05-14 11:00:00+00:00,-8.73,
7620,2025-05-14 12:00:00+00:00,10.8,
7621,2025-05-14 13:00:00+00:00,,
7622,2025-05-14 14:00:00+00:00,,
7623,2025-05-14 15:00:00+00:00,,
7624,2025-05-14 16:00:00+00:00,155.31,
7625,2025-05-14 17:00:00+00:00,,
7626,2025-05-14 18:00:00+00:00,178.71,
7627,2025-05-14 19:00:00+00:00,,
7628,2025-05-14 20:00:00+00:00,115.19,
7629,2025-05-14 21:00:00+00:00,103.51,
7630,2025-05-14 22:00:00+00:00,,
7631,2025-05-14 23:00:00+00:00,98.43,
7632,2025-05-15 00:00:00+00:00,,
7633,2025-05-15 01:00:00+00:00,,
7634,2025-05-15 02:00:00+00:00,,
7635,2025-05-15 03:00:00+00:00,,
7636,2025-05-15 04:00:00+00:00,129.45,
7637,2025-05-15 05:00:00+00:00,139.27,
7638,2025-05-15 06:00:00+00:00,121.15,
7639,2025-05-15 07:00:00+00:00,106.12,
7640,2025-05-15 08:00:00+00:00,72.86,
7641,2025-05-15 09:00:00+00:00,,
7642,2025-05-15 10:00:00+00:00,49.7,
7643,2025-05-15 11:00:00+00:00,35.8,
7644,2025-05-15 12:00:00+00:00,,
7645,2025-05-15 13:00:00+00:00,54.05,
7646,2025-05-15 14:00:00+00:00,68.65,
7647,2025-05-15 15:00:00+00:00,,
7648,2025-05-15 16:00:00+00:00,,
7649,2025-05-15 17:00:00+00:00,132.26,
7650,2025-05-15 18:00:00+00:00,184.84,
7651,2025-05-15 19:00:00+00:00,,
7652,2025-05-15 20:00:00+00:00,,
7653,2025-05-15 21:00:00+00:00,,
7654,2025-05-15 22:00:00+00:00,,
7655,2025-05-15 23:00:00+00:00,,
7656,2025-05-16 00:00:00+00:00,,
7657,2025-05-16 01:00:00+00:00,,
7658,2025-05-16 02:00:00+00:00,,
7659,2025-05-16 03:00:00+00:00,,
7660,2025-05-16 04:00:00+00:00,,
7661,2025-05-16 05:00:00+00:00,117.58,
7662,2025-05-16 06:00:00+00:00,,
7663,2025-05-16 07:00:00+00:00,,
7664,2025-05-16 08:00:00+00:00,77.03,
7665,2025-05-16 09:00:00+00:00,75.51,
7666,2025-05-16 10:00:00+00:00,,
7667,2025-05-16 11:00:00+00:00,,
7668,2025-05-16 12:00:00+00:00,,
7669,2025-05-16 13:00:00+00:00,,
7670,2025-05-16 14:00:00+00:00,,
7671,2025-05-16 15:00:00+00:00,,
7672,2025-05-16 16:00:00+00:00,,
7673,2025-05-16 17:00:00+00:00,141.71,
7674,2025-05-16 18:00:00+00:00,167.6,
7675,2025-05-16 19:00:00+00:00,,
7676,2025-05-16 20:00:00+00:00,116.08,
7677,2025-05-16 21:00:00+00:00,105.88,
7678,2025-05-16 22:00:00+00:00,,
7679,2025-05-16 23:00:00+00:00,93.41,
7680,2025-05-17 00:00:00+00:00,,
7681,2025-05-17 01:00:00+00:00,,
7682,2025-05-17 02:00:00+00:00,,
7683,2025-05-17 03:00:00+00:00,,
7684,2025-05-17 04:00:00+00:00,,
7685,2025-05-17 05:00:00+00:00,,
7686,2025-05-17 06:00:00+00:00,,
7687,2025-05-17 07:00:00+00:00,,
7688,2025-05-17 08:00:00+00:00,,
7689,2025-05-17 09:00:00+00:00,,
7690,2025-05-17 10:00:00+00:00,,
7691,2025-05-17 11:00:00+00:00,84.4,
7692,2025-05-17 12:00:00+00:00,100.35,
7693,2025-05-17 13:00:00+00:00,,
7694,2025-05-17 14:00:00+00:00,,
7695,2025-05-17 15:00:00+00:00,,
7696,2025-05-17 16:00:00+00:00,,
7697,2025-05-17 17:00:00+00:00,,
7698,2025-05-17 18:00:00+00:00,147.56,
7699,2025-05-17 19:00:00+00:00,138.75,
7700,2025-05-17 20:00:00+00:00,,
7701,2025-05-17 21:00:00+00:00,,
7702,2025-05-17 22:00:00+00:00,,
7703,2025-05-17 23:00:00+00:00,101.47,
7704,2025-05-18 00:00:00+00:00,,
7705,2025-05-18 01:00:00+00:00,,
7706,2025-05-18 02:00:00+00:00,98.34,
7707,2025-05-18 03:00:00+00:00,,
7708,2025-05-18 04:00:00+00:00,91.24,
7709,2025-05-18 05:00:00+00:00,96.05,
7710,2025-05-18 06:00:00+00:00,,
7711,2025-05-18 07:00:00+00:00,,
7712,2025-05-18 08:00:00+00:00,,
7713,2025-05-18 09:00:00+00:00,,
7714,2025-05-18 10:00:00+00:00,89.14,
7715,2025-05-18 11:00:00+00:00,,
7716,2025-05-18 12:00:00+00:00,,
7717,2025-05-18 13:00:00+00:00,,
7718,2025-05-18 14:00:00+00:00,,
7719,2025-05-18 15:00:00+00:00,120.32,
7720,2025-05-18 16:00:00+00:00,126.79,
7721,2025-05-18 17:00:00+00:00,113.88,
7722,2025-05-18 18:00:00+00:00,131.75,
7723,2025-05-18 19:00:00+00:00,130.76,
7724,2025-05-18 20:00:00+00:00,118.65,
7725,2025-05-18 21:00:00+00:00,,
7726,2025-05-18 22:00:00+00:00,,
7727,2025-05-18 23:00:00+00:00,,
7728,2025-05-19 00:00:00+00:00,,
7729,2025-05-19 01:00:00+00:00,94.08,
7730,2025-05-19 02:00:00+00:00,,
7731,2025-05-19 03:00:00+00:00,,
7732,2025-05-19 04:00:00+00:00,,
7733,2025-05-19 05:00:00+00:00,136.87,
7734,2025-05-19 06:00:00+00:00,,
7735,2025-05-19 07:00:00+00:00,,
7736,2025-05-19 08:00:00+00:00,,
7737,2025-05-19 09:00:00+00:00,,
7738,2025-05-19 10:00:00+00:00,,
7739,2025-05-19 11:00:00+00:00,96.13,
7740,2025-05-19 12:00:00+00:00,,
7741,2025-05-19 13:00:00+00:00,,
7742,2025-05-19 14:00:00+00:00,,
7743,2025-05-19 15:00:00+00:00,,
7744,2025-05-19 16:00:00+00:00,117.21,
7745,2025-05-19 17:00:00+00:00,149.95,
7746,2025-05-19 18:00:00+00:00,239.96,
7747,2025-05-19 19:00:00+00:00,155.36,
7748,2025-05-19 20:00:00+00:00,,
7749,2025-05-19 21:00:00+00:00,,
7750,2025-05-19 22:00:00+00:00,117.05,
7751,2025-05-19 23:00:00+00:00,,
7752,2025-05-20 00:00:00+00:00,,
7753,2025-05-20 01:00:00+00:00,,
7754,2025-05-20 02:00:00+00:00,,
7755,2025-05-20 03:00:00+00:00,,
7756,2025-05-20 04:00:00+00:00,144.23,
7757,2025-05-20 05:00:00+00:00,132.2,
7758,2025-05-20 06:00:00+00:00,128.43,
7759,2025-05-20 07:00:00+00:00,,
7760,2025-05-20 08:00:00+00:00,62.75,
7761,2025-05-20 09:00:00+00:00,15.89,
7762,2025-05-20 10:00:00+00:00,,
7763,2025-05-20 11:00:00+00:00,0.14,
7764,2025-05-20 12:00:00+00:00,3.84,
7765,2025-05-20 13:00:00+00:00,4.32,
7766,2025-05-20 14:00:00+00:00,,
7767,2025-05-20 15:00:00+00:00,,
7768,2025-05-20 16:00:00+00:00,,
7769,2025-05-20 17:00:00+00:00,,
7770,2025-05-20 18:00:00+00:00,217.14,
7771,2025-05-20 19:00:00+00:00,155.09,
7772,2025-05-20 20:00:00+00:00,,
7773,2025-05-20 21:00:00+00:00,,
7774,2025-05-20 22:00:00+00:00,110.77,
7775,2025-05-20 23:00:00+00:00,,
7776,2025-05-21 00:00:00+00:00,,
7777,2025-05-21 01:00:00+00:00,,
7778,2025-05-21 02:00:00+00:00,,
7779,2025-05-21 03:00:00+00:00,,
7780,2025-05-21 04:00:00+00:00,,
7781,2025-05-21 05:00:00+00:00,,
7782,2025-05-21 06:00:00+00:00,,
7783,2025-05-21 07:00:00+00:00,26.18,
7784,2025-05-21 08:00:00+00:00,-39.68,
7785,2025-05-21 09:00:00+00:00,-28.75,
7786,2025-05-21 10:00:00+00:00,,
7787,2025-05-21 11:00:00+00:00,,
7788,2025-05-21 12:00:00+00:00,,
7789,2025-05-21 13:00:00+00:00,-8.24,
7790,2025-05-21 14:00:00+00:00,67.09,
7791,2025-05-21 15:00:00+00:00,,
7792,2025-05-21 16:00:00+00:00,,
7793,2025-05-21 17:00:00+00:00,211.78,
7794,2025-05-21 18:00:00+00:00,306.24,
7795,2025-05-21 19:00:00+00:00,,
7796,2025-05-21 20:00:00+00:00,,
7797,2025-05-21 21:00:00+00:00,,
7798,2025-05-21 22:00:00+00:00,,
7799,2025-05-21 23:00:00+00:00,,
7800,2025-05-22 00:00:00+00:00,,
7801,2025-05-22 01:00:00+00:00,,
7802,2025-05-22 02:00:00+00:00,,
7803,2025-05-22 03:00:00+00:00,,
7804,2025-05-22 04:00:00+00:00,,
7805,2025-05-22 05:00:00+00:00,114.71,
7806,2025-05-22 06:00:00+00:00,,
7807,2025-05-22 07:00:00+00:00,,
7808,2025-05-22 08:00:00+00:00,,
7809,2025-05-22 09:00:00+00:00,,
7810,2025-05-22 10:00:00+00:00,103.59,
7811,2025-05-22 11:00:00+00:00,103.58,
7812,2025-05-22 12:00:00+00:00,,
7813,2025-05-22 13:00:00+00:00,,
7814,2025-05-22 14:00:00+00:00,,
7815,2025-05-22 15:00:00+00:00,129.73,
7816,2025-05-22 16:00:00+00:00,160.28,
7817,2025-05-22 17:00:00+00:00,151.46,
7818,2025-05-22 18:00:00+00:00,226.1,
7819,2025-05-22 19:00:00+00:00,,
7820,2025-05-22 20:00:00+00:00,,
7821,2025-05-22 21:00:00+00:00,,
7822,2025-05-22 22:00:00+00:00,119.74,
7823,2025-05-22 23:00:00+00:00,,
7824,2025-05-23 00:00:00+00:00,,
7825,2025-05-23 01:00:00+00:00,,
7826,2025-05-23 02:00:00+00:00,,
7827,2025-05-23 03:00:00+00:00,,
7828,2025-05-23 04:00:00+00:00,132.05,
7829,2025-05-23 05:00:00+00:00,158.89,
7830,2025-05-23 06:00:00+00:00,,
7831,2025-05-23 07:00:00+00:00,,
7832,2025-05-23 08:00:00+00:00,75.56,
7833,2025-05-23 09:00:00+00:00,,
7834,2025-05-23 10:00:00+00:00,30.84,
7835,2025-05-23 11:00:00+00:00,55.21,
7836,2025-05-23 12:00:00+00:00,75.29,
7837,2025-05-23 13:00:00+00:00,,
7838,2025-05-23 14:00:00+00:00,,
7839,2025-05-23 15:00:00+00:00,,
7840,2025-05-23 16:00:00+00:00,144.04,
7841,2025-05-23 17:00:00+00:00,177.59,
7842,2025-05-23 18:00:00+00:00,276.92,
7843,2025-05-23 19:00:00+00:00,,
7844,2025-05-23 20:00:00+00:00,127.97,
7845,2025-05-23 21:00:00+00:00,112.77,
7846,2025-05-23 22:00:00+00:00,,
7847,2025-05-23 23:00:00+00:00,,
7848,2025-05-24 00:00:00+00:00,,
7849,2025-05-24 01:00:00+00:00,,
7850,2025-05-24 02:00:00+00:00,,
7851,2025-05-24 03:00:00+00:00,124.7,
7852,2025-05-24 04:00:00+00:00,,
7853,2025-05-24 05:00:00+00:00,,
7854,2025-05-24 06:00:00+00:00,102.02,
7855,2025-05-24 07:00:00+00:00,71.93,
7856,2025-05-24 08:00:00+00:00,21.54,
7857,2025-05-24 09:00:00+00:00,1.35,
7858,2025-05-24 10:00:00+00:00,,
7859,2025-05-24 11:00:00+00:00,18.36,
7860,2025-05-24 12:00:00+00:00,47.46,
7861,2025-05-24 13:00:00+00:00,,
7862,2025-05-24 14:00:00+00:00,,
7863,2025-05-24 15:00:00+00:00,,
7864,2025-05-24 16:00:00+00:00,140.94,
7865,2025-05-24 17:00:00+00:00,,
7866,2025-05-24 18:00:00+00:00,193.74,
7867,2025-05-24 19:00:00+00:00,,
7868,2025-05-24 20:00:00+00:00,131.46,
7869,2025-05-24 21:00:00+00:00,116.26,
7870,2025-05-24 22:00:00+00:00,,
7871,2025-05-24 23:00:00+00:00,105.86,
7872,2025-05-25 00:00:00+00:00,,
7873,2025-05-25 01:00:00+00:00,,
7874,2025-05-25 02:00:00+00:00,,
7875,2025-05-25 03:00:00+00:00,90.15,
7876,2025-05-25 04:00:00+00:00,71.49,
7877,2025-05-25 05:00:00+00:00,1.24,
7878,2025-05-25 06:00:00+00:00,,
7879,2025-05-25 07:00:00+00:00,,
7880,2025-05-25 08:00:00+00:00,,
7881,2025-05-25 09:00:00+00:00,-0.26,
7882,2025-05-25 10:00:00+00:00,,
7883,2025-05-25 11:00:00+00:00,-5.94,
7884,2025-05-25 12:00:00+00:00,-6.91,
7885,2025-05-25 13:00:00+00:00,-5.57,
7886,2025-05-25 14:00:00+00:00,-2.21,
7887,2025-05-25 15:00:00+00:00,100.39,
7888,2025-05-25 16:00:00+00:00,,
7889,2025-05-25 17:00:00+00:00,,
7890,2025-05-25 18:00:00+00:00,,
7891,2025-05-25 19:00:00+00:00,114.92,
7892,2025-05-25 20:00:00+00:00,103.18,
7893,2025-05-25 21:00:00+00:00,,
7894,2025-05-25 22:00:00+00:00,,
7895,2025-05-25 23:00:00+00:00,,
7896,2025-05-26 00:00:00+00:00,,
7897,2025-05-26 01:00:00+00:00,78.64,
7898,2025-05-26 02:00:00+00:00,,
7899,2025-05-26 03:00:00+00:00,,
7900,2025-05-26 04:00:00+00:00,,
7901,2025-05-26 05:00:00+00:00,146.9,
7902,2025-05-26 06:00:00+00:00,131.61,
7903,2025-05-26 07:00:00+00:00,94.54,
7904,2025-05-26 08:00:00+00:00,,
7905,2025-05-26 09:00:00+00:00,,
7906,2025-05-26 10:00:00+00:00,,
7907,2025-05-26 11:00:00+00:00,,
7908,2025-05-26 12:00:00+00:00,,
7909,2025-05-26 13:00:00+00:00,,
7910,2025-05-26 14:00:00+00:00,,
7911,2025-05-26 15:00:00+00:00,,
7912,2025-05-26 16:00:00+00:00,,
7913,2025-05-26 17:00:00+00:00,211.08,
7914,2025-05-26 18:00:00+00:00,315.22,
7915,2025-05-26 19:00:00+00:00,195.83,
7916,2025-05-26 20:00:00+00:00,146.86,
7917,2025-05-26 21:00:00+00:00,,
7918,2025-05-26 22:00:00+00:00,,
7919,2025-05-26 23:00:00+00:00,,
7920,2025-05-27 00:00:00+00:00,,
7921,2025-05-27 01:00:00+00:00,,
7922,2025-05-27 02:00:00+00:00,,
7923,2025-05-27 03:00:00+00:00,123.78,
7924,2025-05-27 04:00:00+00:00,,
7925,2025-05-27 05:00:00+00:00,108.26,
7926,2025-05-27 06:00:00+00:00,,
7927,2025-05-27 07:00:00+00:00,,
7928,2025-05-27 08:00:00+00:00,4.4,
7929,2025-05-27 09:00:00+00:00,2.82,
7930,2025-05-27 10:00:00+00:00,,
7931,2025-05-27 11:00:00+00:00,0.96,
7932,2025-05-27 12:00:00+00:00,2.6,
7933,2025-05-27 13:00:00+00:00,69.84,
7934,2025-05-27 14:00:00+00:00,,
7935,2025-05-27 15:00:00+00:00,,
7936,2025-05-27 16:00:00+00:00,124.78,
7937,2025-05-27 17:00:00+00:00,,
7938,2025-05-27 18:00:00+00:00,277.68,
7939,2025-05-27 19:00:00+00:00,183.27,
7940,2025-05-27 20:00:00+00:00,136.37,
7941,2025-05-27 21:00:00+00:00,,
7942,2025-05-27 22:00:00+00:00,,
7943,2025-05-27 23:00:00+00:00,,
7944,2025-05-28 00:00:00+00:00,,
7945,2025-05-28 01:00:00+00:00,95.01,
7946,2025-05-28 02:00:00+00:00,,
7947,2025-05-28 03:00:00+00:00,103.24,
7948,2025-05-28 04:00:00+00:00,,
7949,2025-05-28 05:00:00+00:00,,
7950,2025-05-28 06:00:00+00:00,116.19,
7951,2025-05-28 07:00:00+00:00,,
7952,2025-05-28 08:00:00+00:00,,
7953,2025-05-28 09:00:00+00:00,,
7954,2025-05-28 10:00:00+00:00,,
7955,2025-05-28 11:00:00+00:00,,
7956,2025-05-28 12:00:00+00:00,,
7957,2025-05-28 13:00:00+00:00,,
7958,2025-05-28 14:00:00+00:00,,
7959,2025-05-28 15:00:00+00:00,,
7960,2025-05-28 16:00:00+00:00,,
7961,2025-05-28 17:00:00+00:00,,
7962,2025-05-28 18:00:00+00:00,204.71,
7963,2025-05-28 19:00:00+00:00,139.86,
7964,2025-05-28 20:00:00+00:00,,
7965,2025-05-28 21:00:00+00:00,105.48,
7966,2025-05-28 22:00:00+00:00,120.88,
7967,2025-05-28 23:00:00+00:00,109.92,
7968,2025-05-29 00:00:00+00:00,103.21,
7969,2025-05-29 01:00:00+00:00,,
7970,2025-05-29 02:00:00+00:00,,
7971,2025-05-29 03:00:00+00:00,97.24,
7972,2025-05-29 04:00:00+00:00,122.91,
7973,2025-05-29 05:00:00+00:00,,
7974,2025-05-29 06:00:00+00:00,112.74,
7975,2025-05-29 07:00:00+00:00,,
7976,2025-05-29 08:00:00+00:00,18.95,
7977,2025-05-29 09:00:00+00:00,6.15,
7978,2025-05-29 10:00:00+00:00,0.57,
7979,2025-05-29 11:00:00+00:00,3.65,
7980,2025-05-29 12:00:00+00:00,1.72,
7981,2025-05-29 13:00:00+00:00,7.46,
7982,2025-05-29 14:00:00+00:00,10.52,
7983,2025-05-29 15:00:00+00:00,80.06,
7984,2025-05-29 16:00:00+00:00,,
7985,2025-05-29 17:00:00+00:00,129.55,
7986,2025-05-29 18:00:00+00:00,206.21,
7987,2025-05-29 19:00:00+00:00,170.83,
7988,2025-05-29 20:00:00+00:00,125.94,
7989,2025-05-29 21:00:00+00:00,112.84,
7990,2025-05-29 22:00:00+00:00,,
7991,2025-05-29 23:00:00+00:00,,
7992,2025-05-30 00:00:00+00:00,,
7993,2025-05-30 01:00:00+00:00,106.17,
7994,2025-05-30 02:00:00+00:00,,
7995,2025-05-30 03:00:00+00:00,,
7996,2025-05-30 04:00:00+00:00,106.13,
7997,2025-05-30 05:00:00+00:00,120.24,
7998,2025-05-30 06:00:00+00:00,122.92,
7999,2025-05-30 07:00:00+00:00,,
8000,2025-05-30 08:00:00+00:00,,
8001,2025-05-30 09:00:00+00:00,,
8002,2025-05-30 10:00:00+00:00,,
8003,2025-05-30 11:00:00+00:00,,
8004,2025-05-30 12:00:00+00:00,,
8005,2025-05-30 13:00:00+00:00,,
8006,2025-05-30 14:00:00+00:00,,
8007,2025-05-30 15:00:00+00:00,,
8008,2025-05-30 16:00:00+00:00,,
8009,2025-05-30 17:00:00+00:00,146.96,
8010,2025-05-30 18:00:00+00:00,181.32,
8011,2025-05-30 19:00:00+00:00,146.8,
8012,2025-05-30 20:00:00+00:00,130.19,
8013,2025-05-30 21:00:00+00:00,108.2,
8014,2025-05-30 22:00:00+00:00,,
8015,2025-05-30 23:00:00+00:00,,
8016,2025-05-31 00:00:00+00:00,,
8017,2025-05-31 01:00:00+00:00,,
8018,2025-05-31 02:00:00+00:00,,
8019,2025-05-31 03:00:00+00:00,122.56,
8020,2025-05-31 04:00:00+00:00,120.29,
8021,2025-05-31 05:00:00+00:00,,
8022,2025-05-31 06:00:00+00:00,,
8023,2025-05-31 07:00:00+00:00,3.45,
8024,2025-05-31 08:00:00+00:00,,
8025,2025-05-31 09:00:00+00:00,,
8026,2025-05-31 10:00:00+00:00,-3.07,
8027,2025-05-31 11:00:00+00:00,-13.17,
8028,2025-05-31 12:00:00+00:00,-7.75,
8029,2025-05-31 13:00:00+00:00,-0.57,
8030,2025-05-31 14:00:00+00:00,,
8031,2025-05-31 15:00:00+00:00,,
8032,2025-05-31 16:00:00+00:00,160.45,
8033,2025-05-31 17:00:00+00:00,,
8034,2025-05-31 18:00:00+00:00,215.97,
8035,2025-05-31 19:00:00+00:00,201.34,
8036,2025-05-31 20:00:00+00:00,133.33,
8037,2025-05-31 21:00:00+00:00,,
8038,2025-05-31 22:00:00+00:00,,
8039,2025-05-31 23:00:00+00:00,,
8040,2025-06-01 00:00:00+00:00,,
8041,2025-06-01 01:00:00+00:00,,
8042,2025-06-01 02:00:00+00:00,,
8043,2025-06-01 03:00:00+00:00,,
8044,2025-06-01 04:00:00+00:00,,
8045,2025-06-01 05:00:00+00:00,,
8046,2025-06-01 06:00:00+00:00,28.36,
8047,2025-06-01 07:00:00+00:00,,
8048,2025-06-01 08:00:00+00:00,-0.6,
8049,2025-06-01 09:00:00+00:00,-2.11,
8050,2025-06-01 10:00:00+00:00,-5.48,
8051,2025-06-01 11:00:00+00:00,,
8052,2025-06-01 12:00:00+00:00,,
8053,2025-06-01 13:00:00+00:00,,
8054,2025-06-01 14:00:00+00:00,,
8055,2025-06-01 15:00:00+00:00,,
8056,2025-06-01 16:00:00+00:00,119.11,
8057,2025-06-01 17:00:00+00:00,,
8058,2025-06-01 18:00:00+00:00,,
8059,2025-06-01 19:00:00+00:00,,
8060,2025-06-01 20:00:00+00:00,,
8061,2025-06-01 21:00:00+00:00,120.22,
8062,2025-06-01 22:00:00+00:00,,
8063,2025-06-01 23:00:00+00:00,,
8064,2025-06-02 00:00:00+00:00,,
8065,2025-06-02 01:00:00+00:00,,
8066,2025-06-02 02:00:00+00:00,,
8067,2025-06-02 03:00:00+00:00,,
8068,2025-06-02 04:00:00+00:00,109.26,
8069,2025-06-02 05:00:00+00:00,,
8070,2025-06-02 06:00:00+00:00,,
8071,2025-06-02 07:00:00+00:00,,
8072,2025-06-02 08:00:00+00:00,58.4,
8073,2025-06-02 09:00:00+00:00,33.21,
8074,2025-06-02 10:00:00+00:00,,
8075,2025-06-02 11:00:00+00:00,15.02,
8076,2025-06-02 12:00:00+00:00,,
8077,2025-06-02 13:00:00+00:00,,
8078,2025-06-02 14:00:00+00:00,,
8079,2025-06-02 15:00:00+00:00,,
8080,2025-06-02 16:00:00+00:00,172.94,
8081,2025-06-02 17:00:00+00:00,265.41,
8082,2025-06-02 18:00:00+00:00,427.76,
8083,2025-06-02 19:00:00+00:00,256.99,
8084,2025-06-02 20:00:00+00:00,142.98,
8085,2025-06-02 21:00:00+00:00,,
8086,2025-06-02 22:00:00+00:00,114.14,
8087,2025-06-02 23:00:00+00:00,,
8088,2025-06-03 00:00:00+00:00,103.85,
8089,2025-06-03 01:00:00+00:00,,
8090,2025-06-03 02:00:00+00:00,,
8091,2025-06-03 03:00:00+00:00,,
8092,2025-06-03 04:00:00+00:00,,
8093,2025-06-03 05:00:00+00:00,120.25,
8094,2025-06-03 06:00:00+00:00,,
8095,2025-06-03 07:00:00+00:00,,
8096,2025-06-03 08:00:00+00:00,,
8097,2025-06-03 09:00:00+00:00,75.77,
8098,2025-06-03 10:00:00+00:00,65.86,
8099,2025-06-03 11:00:00+00:00,,
8100,2025-06-03 12:00:00+00:00,60.54,
8101,2025-06-03 13:00:00+00:00,75.8,
8102,2025-06-03 14:00:00+00:00,,
8103,2025-06-03 15:00:00+00:00,,
8104,2025-06-03 16:00:00+00:00,,
8105,2025-06-03 17:00:00+00:00,199.49,
8106,2025-06-03 18:00:00+00:00,343.66,
8107,2025-06-03 19:00:00+00:00,187.76,
8108,2025-06-03 20:00:00+00:00,,
8109,2025-06-03 21:00:00+00:00,,
8110,2025-06-03 22:00:00+00:00,107.46,
8111,2025-06-03 23:00:00+00:00,100.27,
8112,2025-06-04 00:00:00+00:00,101.68,
8113,2025-06-04 01:00:00+00:00,,
8114,2025-06-04 02:00:00+00:00,97.93,
8115,2025-06-04 03:00:00+00:00,90.23,
8116,2025-06-04 04:00:00+00:00,,
8117,2025-06-04 05:00:00+00:00,113.57,
8118,2025-06-04 06:00:00+00:00,,
8119,2025-06-04 07:00:00+00:00,,
8120,2025-06-04 08:00:00+00:00,-2.35,
8121,2025-06-04 09:00:00+00:00,-15.97,
8122,2025-06-04 10:00:00+00:00,-1.23,
8123,2025-06-04 11:00:00+00:00,,
8124,2025-06-04 12:00:00+00:00,17.72,
8125,2025-06-04 13:00:00+00:00,46.86,
8126,2025-06-04 14:00:00+00:00,,
8127,2025-06-04 15:00:00+00:00,,
8128,2025-06-04 16:00:00+00:00,,
8129,2025-06-04 17:00:00+00:00,161.47,
8130,2025-06-04 18:00:00+00:00,223.09,
8131,2025-06-04 19:00:00+00:00,,
8132,2025-06-04 20:00:00+00:00,117.8,
8133,2025-06-04 21:00:00+00:00,,
8134,2025-06-04 22:00:00+00:00,,
8135,2025-06-04 23:00:00+00:00,,
8136,2025-06-05 00:00:00+00:00,101.4,
8137,2025-06-05 01:00:00+00:00,,
8138,2025-06-05 02:00:00+00:00,,
8139,2025-06-05 03:00:00+00:00,,
8140,2025-06-05 04:00:00+00:00,114.03,
8141,2025-06-05 05:00:00+00:00,,
8142,2025-06-05 06:00:00+00:00,113.58,
8143,2025-06-05 07:00:00+00:00,,
8144,2025-06-05 08:00:00+00:00,,
8145,2025-06-05 09:00:00+00:00,63.1,
8146,2025-06-05 10:00:00+00:00,61.04,
8147,2025-06-05 11:00:00+00:00,61.13,
8148,2025-06-05 12:00:00+00:00,,
8149,2025-06-05 13:00:00+00:00,,
8150,2025-06-05 14:00:00+00:00,,
8151,2025-06-05 15:00:00+00:00,,
8152,2025-06-05 16:00:00+00:00,116.86,
8153,2025-06-05 17:00:00+00:00,,
8154,2025-06-05 18:00:00+00:00,218.03,
8155,2025-06-05 19:00:00+00:00,161.32,
8156,2025-06-05 20:00:00+00:00,110.99,
8157,2025-06-05 21:00:00+00:00,,
8158,2025-06-05 22:00:00+00:00,,
8159,2025-06-05 23:00:00+00:00,,
8160,2025-06-06 00:00:00+00:00,,
8161,2025-06-06 01:00:00+00:00,104.7,
8162,2025-06-06 02:00:00+00:00,,
8163,2025-06-06 03:00:00+00:00,,
8164,2025-06-06 04:00:00+00:00,98.6,
8165,2025-06-06 05:00:00+00:00,,
8166,2025-06-06 06:00:00+00:00,,
8167,2025-06-06 07:00:00+00:00,,
8168,2025-06-06 08:00:00+00:00,,
8169,2025-06-06 09:00:00+00:00,0.5,
8170,2025-06-06 10:00:00+00:00,2.99,
8171,2025-06-06 11:00:00+00:00,1.06,
8172,2025-06-06 12:00:00+00:00,,
8173,2025-06-06 13:00:00+00:00,,
8174,2025-06-06 14:00:00+00:00,14.0,
8175,2025-06-06 15:00:00+00:00,,
8176,2025-06-06 16:00:00+00:00,147.92,
8177,2025-06-06 17:00:00+00:00,,
8178,2025-06-06 18:00:00+00:00,196.07,
8179,2025-06-06 19:00:00+00:00,144.08,
8180,2025-06-06 20:00:00+00:00,125.46,
8181,2025-06-06 21:00:00+00:00,,
8182,2025-06-06 22:00:00+00:00,,
8183,2025-06-06 23:00:00+00:00,112.34,
8184,2025-06-07 00:00:00+00:00,,
8185,2025-06-07 01:00:00+00:00,,
8186,2025-06-07 02:00:00+00:00,,
8187,2025-06-07 03:00:00+00:00,94.07,
8188,2025-06-07 04:00:00+00:00,104.33,
8189,2025-06-07 05:00:00+00:00,,
8190,2025-06-07 06:00:00+00:00,,
8191,2025-06-07 07:00:00+00:00,63.85,
8192,2025-06-07 08:00:00+00:00,29.48,
8193,2025-06-07 09:00:00+00:00,9.44,
8194,2025-06-07 10:00:00+00:00,,
8195,2025-06-07 11:00:00+00:00,24.16,
8196,2025-06-07 12:00:00+00:00,,
8197,2025-06-07 13:00:00+00:00,,
8198,2025-06-07 14:00:00+00:00,,
8199,2025-06-07 15:00:00+00:00,,
8200,2025-06-07 16:00:00+00:00,87.14,
8201,2025-06-07 17:00:00+00:00,,
8202,2025-06-07 18:00:00+00:00,140.27,
8203,2025-06-07 19:00:00+00:00,123.82,
8204,2025-06-07 20:00:00+00:00,106.85,
8205,2025-06-07 21:00:00+00:00,,
8206,2025-06-07 22:00:00+00:00,,
8207,2025-06-07 23:00:00+00:00,,
8208,2025-06-08 00:00:00+00:00,84.84,
8209,2025-06-08 01:00:00+00:00,,
8210,2025-06-08 02:00:00+00:00,,
8211,2025-06-08 03:00:00+00:00,,
8212,2025-06-08 04:00:00+00:00,,
8213,2025-06-08 05:00:00+00:00,65.5,
8214,2025-06-08 06:00:00+00:00,,
8215,2025-06-08 07:00:00+00:00,,
8216,2025-06-08 08:00:00+00:00,,
8217,2025-06-08 09:00:00+00:00,-5.58,
8218,2025-06-08 10:00:00+00:00,-18.42,
8219,2025-06-08 11:00:00+00:00,-18.76,
8220,2025-06-08 12:00:00+00:00,-11.77,
8221,2025-06-08 13:00:00+00:00,-22.66,
8222,2025-06-08 14:00:00+00:00,-15.44,
8223,2025-06-08 15:00:00+00:00,41.66,
8224,2025-06-08 16:00:00+00:00,,
8225,2025-06-08 17:00:00+00:00,,
8226,2025-06-08 18:00:00+00:00,,
8227,2025-06-08 19:00:00+00:00,,
8228,2025-06-08 20:00:00+00:00,,
8229,2025-06-08 21:00:00+00:00,64.29,
8230,2025-06-08 22:00:00+00:00,4.75,
8231,2025-06-08 23:00:00+00:00,8.14,
8232,2025-06-09 00:00:00+00:00,,
8233,2025-06-09 01:00:00+00:00,0.23,
8234,2025-06-09 02:00:00+00:00,6.66,
8235,2025-06-09 03:00:00+00:00,,
8236,2025-06-09 04:00:00+00:00,,
8237,2025-06-09 05:00:00+00:00,58.48,
8238,2025-06-09 06:00:00+00:00,24.59,
8239,2025-06-09 07:00:00+00:00,,
8240,2025-06-09 08:00:00+00:00,,
8241,2025-06-09 09:00:00+00:00,,
8242,2025-06-09 10:00:00+00:00,-2.31,
8243,2025-06-09 11:00:00+00:00,-9.58,
8244,2025-06-09 12:00:00+00:00,-11.11,
8245,2025-06-09 13:00:00+00:00,-1.6,
8246,2025-06-09 14:00:00+00:00,-4.01,
8247,2025-06-09 15:00:00+00:00,32.96,
8248,2025-06-09 16:00:00+00:00,,
8249,2025-06-09 17:00:00+00:00,,
8250,2025-06-09 18:00:00+00:00,,
8251,2025-06-09 19:00:00+00:00,153.17,
8252,2025-06-09 20:00:00+00:00,,
8253,2025-06-09 21:00:00+00:00,,
8254,2025-06-09 22:00:00+00:00,102.58,
8255,2025-06-09 23:00:00+00:00,,
8256,2025-06-10 00:00:00+00:00,94.01,
8257,2025-06-10 01:00:00+00:00,,
8258,2025-06-10 02:00:00+00:00,,
8259,2025-06-10 03:00:00+00:00,,
8260,2025-06-10 04:00:00+00:00,,
8261,2025-06-10 05:00:00+00:00,,
8262,2025-06-10 06:00:00+00:00,,
8263,2025-06-10 07:00:00+00:00,90.47,
8264,2025-06-10 08:00:00+00:00,50.67,
8265,2025-06-10 09:00:00+00:00,,
8266,2025-06-10 10:00:00+00:00,,
8267,2025-06-10 11:00:00+00:00,,
8268,2025-06-10 12:00:00+00:00,,
8269,2025-06-10 13:00:00+00:00,,
8270,2025-06-10 14:00:00+00:00,,
8271,2025-06-10 15:00:00+00:00,,
8272,2025-06-10 16:00:00+00:00,,
8273,2025-06-10 17:00:00+00:00,192.11,
8274,2025-06-10 18:00:00+00:00,225.37,
8275,2025-06-10 19:00:00+00:00,149.58,
8276,2025-06-10 20:00:00+00:00,,
8277,2025-06-10 21:00:00+00:00,,
8278,2025-06-10 22:00:00+00:00,,
8279,2025-06-10 23:00:00+00:00,108.57,
8280,2025-06-11 00:00:00+00:00,103.76,
8281,2025-06-11 01:00:00+00:00,,
8282,2025-06-11 02:00:00+00:00,,
8283,2025-06-11 03:00:00+00:00,93.9,
8284,2025-06-11 04:00:00+00:00,120.11,
8285,2025-06-11 05:00:00+00:00,,
8286,2025-06-11 06:00:00+00:00,,
8287,2025-06-11 07:00:00+00:00,106.45,
8288,2025-06-11 08:00:00+00:00,70.61,
8289,2025-06-11 09:00:00+00:00,,
8290,2025-06-11 10:00:00+00:00,7.61,
8291,2025-06-11 11:00:00+00:00,3.63,
8292,2025-06-11 12:00:00+00:00,4.29,
8293,2025-06-11 13:00:00+00:00,12.29,
8294,2025-06-11 14:00:00+00:00,,
8295,2025-06-11 15:00:00+00:00,,
8296,2025-06-11 16:00:00+00:00,,
8297,2025-06-11 17:00:00+00:00,141.35,
8298,2025-06-11 18:00:00+00:00,219.9,
8299,2025-06-11 19:00:00+00:00,180.72,
8300,2025-06-11 20:00:00+00:00,121.61,
8301,2025-06-11 21:00:00+00:00,109.34,
8302,2025-06-11 22:00:00+00:00,,
8303,2025-06-11 23:00:00+00:00,,
8304,2025-06-12 00:00:00+00:00,104.21,
8305,2025-06-12 01:00:00+00:00,,
8306,2025-06-12 02:00:00+00:00,94.43,
8307,2025-06-12 03:00:00+00:00,95.04,
8308,2025-06-12 04:00:00+00:00,,
8309,2025-06-12 05:00:00+00:00,,
8310,2025-06-12 06:00:00+00:00,,
8311,2025-06-12 07:00:00+00:00,36.33,
8312,2025-06-12 08:00:00+00:00,,
8313,2025-06-12 09:00:00+00:00,,
8314,2025-06-12 10:00:00+00:00,-2.72,
8315,2025-06-12 11:00:00+00:00,-8.75,
8316,2025-06-12 12:00:00+00:00,,
8317,2025-06-12 13:00:00+00:00,5.25,
8318,2025-06-12 14:00:00+00:00,,
8319,2025-06-12 15:00:00+00:00,,
8320,2025-06-12 16:00:00+00:00,,
8321,2025-06-12 17:00:00+00:00,146.6,
8322,2025-06-12 18:00:00+00:00,232.91,
8323,2025-06-12 19:00:00+00:00,,
8324,2025-06-12 20:00:00+00:00,123.04,
8325,2025-06-12 21:00:00+00:00,104.47,
8326,2025-06-12 22:00:00+00:00,105.63,
8327,2025-06-12 23:00:00+00:00,,
8328,2025-06-13 00:00:00+00:00,,
8329,2025-06-13 01:00:00+00:00,,
8330,2025-06-13 02:00:00+00:00,,
8331,2025-06-13 03:00:00+00:00,,
8332,2025-06-13 04:00:00+00:00,,
8333,2025-06-13 05:00:00+00:00,104.88,
8334,2025-06-13 06:00:00+00:00,,
8335,2025-06-13 07:00:00+00:00,58.64,
8336,2025-06-13 08:00:00+00:00,4.27,
8337,2025-06-13 09:00:00+00:00,0.32,
8338,2025-06-13 10:00:00+00:00,,
8339,2025-06-13 11:00:00+00:00,,
8340,2025-06-13 12:00:00+00:00,,
8341,2025-06-13 13:00:00+00:00,,
8342,2025-06-13 14:00:00+00:00,82.1,
8343,2025-06-13 15:00:00+00:00,,
8344,2025-06-13 16:00:00+00:00,,
8345,2025-06-13 17:00:00+00:00,152.9,
8346,2025-06-13 18:00:00+00:00,244.9,
8347,2025-06-13 19:00:00+00:00,197.19,
8348,2025-06-13 20:00:00+00:00,124.01,
8349,2025-06-13 21:00:00+00:00,,
8350,2025-06-13 22:00:00+00:00,,
8351,2025-06-13 23:00:00+00:00,,
8352,2025-06-14 00:00:00+00:00,,
8353,2025-06-14 01:00:00+00:00,,
8354,2025-06-14 02:00:00+00:00,,
8355,2025-06-14 03:00:00+00:00,,
8356,2025-06-14 04:00:00+00:00,,
8357,2025-06-14 05:00:00+00:00,,
8358,2025-06-14 06:00:00+00:00,44.46,
8359,2025-06-14 07:00:00+00:00,,
8360,2025-06-14 08:00:00+00:00,-2.05,
8361,2025-06-14 09:00:00+00:00,-9.47,
8362,2025-06-14 10:00:00+00:00,-26.55,
8363,2025-06-14 11:00:00+00:00,-28.84,
8364,2025-06-14 12:00:00+00:00,-24.34,
8365,2025-06-14 13:00:00+00:00,,
8366,2025-06-14 14:00:00+00:00,,
8367,2025-06-14 15:00:00+00:00,,
8368,2025-06-14 16:00:00+00:00,,
8369,2025-06-14 17:00:00+00:00,134.89,
8370,2025-06-14 18:00:00+00:00,190.63,
8371,2025-06-14 19:00:00+00:00,179.93,
8372,2025-06-14 20:00:00+00:00,,
8373,2025-06-14 21:00:00+00:00,,
8374,2025-06-14 22:00:00+00:00,,
8375,2025-06-14 23:00:00+00:00,,
8376,2025-06-15 00:00:00+00:00,,
8377,2025-06-15 01:00:00+00:00,,
8378,2025-06-15 02:00:00+00:00,,
8379,2025-06-15 03:00:00+00:00,,
8380,2025-06-15 04:00:00+00:00,85.59,
8381,2025-06-15 05:00:00+00:00,,
8382,2025-06-15 06:00:00+00:00,,
8383,2025-06-15 07:00:00+00:00,,
8384,2025-06-15 08:00:00+00:00,,
8385,2025-06-15 09:00:00+00:00,,
8386,2025-06-15 10:00:00+00:00,-1.39,
8387,2025-06-15 11:00:00+00:00,-5.74,
8388,2025-06-15 12:00:00+00:00,-5.0,
8389,2025-06-15 13:00:00+00:00,,
8390,2025-06-15 14:00:00+00:00,,
8391,2025-06-15 15:00:00+00:00,,
8392,2025-06-15 16:00:00+00:00,,
8393,2025-06-15 17:00:00+00:00,,
8394,2025-06-15 18:00:00+00:00,192.26,
8395,2025-06-15 19:00:00+00:00,153.83,
8396,2025-06-15 20:00:00+00:00,132.42,
8397,2025-06-15 21:00:00+00:00,108.58,
8398,2025-06-15 22:00:00+00:00,,
8399,2025-06-15 23:00:00+00:00,,
8400,2025-06-16 00:00:00+00:00,87.36,
8401,2025-06-16 01:00:00+00:00,,
8402,2025-06-16 02:00:00+00:00,,
8403,2025-06-16 03:00:00+00:00,,
8404,2025-06-16 04:00:00+00:00,,
8405,2025-06-16 05:00:00+00:00,,
8406,2025-06-16 06:00:00+00:00,133.49,
8407,2025-06-16 07:00:00+00:00,,
8408,2025-06-16 08:00:00+00:00,62.06,
8409,2025-06-16 09:00:00+00:00,36.4,
8410,2025-06-16 10:00:00+00:00,48.17,
8411,2025-06-16 11:00:00+00:00,35.1,
8412,2025-06-16 12:00:00+00:00,28.39,
8413,2025-06-16 13:00:00+00:00,,
8414,2025-06-16 14:00:00+00:00,,
8415,2025-06-16 15:00:00+00:00,87.6,
8416,2025-06-16 16:00:00+00:00,,
8417,2025-06-16 17:00:00+00:00,121.51,
8418,2025-06-16 18:00:00+00:00,,
8419,2025-06-16 19:00:00+00:00,190.47,
8420,2025-06-16 20:00:00+00:00,126.73,
8421,2025-06-16 21:00:00+00:00,,
8422,2025-06-16 22:00:00+00:00,,
8423,2025-06-16 23:00:00+00:00,,
8424,2025-06-17 00:00:00+00:00,,
8425,2025-06-17 01:00:00+00:00,,
8426,2025-06-17 02:00:00+00:00,,
8427,2025-06-17 03:00:00+00:00,,
8428,2025-06-17 04:00:00+00:00,127.04,
8429,2025-06-17 05:00:00+00:00,,
8430,2025-06-17 06:00:00+00:00,,
8431,2025-06-17 07:00:00+00:00,59.81,
8432,2025-06-17 08:00:00+00:00,3.26,
8433,2025-06-17 09:00:00+00:00,2.37,
8434,2025-06-17 10:00:00+00:00,,
8435,2025-06-17 11:00:00+00:00,2.09,
8436,2025-06-17 12:00:00+00:00,,
8437,2025-06-17 13:00:00+00:00,,
8438,2025-06-17 14:00:00+00:00,14.6,
8439,2025-06-17 15:00:00+00:00,,
8440,2025-06-17 16:00:00+00:00,202.18,
8441,2025-06-17 17:00:00+00:00,187.56,
8442,2025-06-17 18:00:00+00:00,268.22,
8443,2025-06-17 19:00:00+00:00,258.43,
8444,2025-06-17 20:00:00+00:00,,
8445,2025-06-17 21:00:00+00:00,,
8446,2025-06-17 22:00:00+00:00,,
8447,2025-06-17 23:00:00+00:00,,
8448,2025-06-18 00:00:00+00:00,,
8449,2025-06-18 01:00:00+00:00,,
8450,2025-06-18 02:00:00+00:00,,
8451,2025-06-18 03:00:00+00:00,,
8452,2025-06-18 04:00:00+00:00,,
8453,2025-06-18 05:00:00+00:00,131.08,
8454,2025-06-18 06:00:00+00:00,121.09,
8455,2025-06-18 07:00:00+00:00,,
8456,2025-06-18 08:00:00+00:00,21.16,
8457,2025-06-18 09:00:00+00:00,,
8458,2025-06-18 10:00:00+00:00,0.16,
8459,2025-06-18 11:00:00+00:00,,
8460,2025-06-18 12:00:00+00:00,,
8461,2025-06-18 13:00:00+00:00,0.83,
8462,2025-06-18 14:00:00+00:00,,
8463,2025-06-18 15:00:00+00:00,,
8464,2025-06-18 16:00:00+00:00,,
8465,2025-06-18 17:00:00+00:00,156.19,
8466,2025-06-18 18:00:00+00:00,219.82,
8467,2025-06-18 19:00:00+00:00,179.74,
8468,2025-06-18 20:00:00+00:00,133.52,
8469,2025-06-18 21:00:00+00:00,115.03,
8470,2025-06-18 22:00:00+00:00,,
8471,2025-06-18 23:00:00+00:00,,
8472,2025-06-19 00:00:00+00:00,,
8473,2025-06-19 01:00:00+00:00,,
8474,2025-06-19 02:00:00+00:00,,
8475,2025-06-19 03:00:00+00:00,,
8476,2025-06-19 04:00:00+00:00,100.47,
8477,2025-06-19 05:00:00+00:00,,
8478,2025-06-19 06:00:00+00:00,36.3,
8479,2025-06-19 07:00:00+00:00,2.83,
8480,2025-06-19 08:00:00+00:00,,
8481,2025-06-19 09:00:00+00:00,-49.08,
8482,2025-06-19 10:00:00+00:00,-93.88,
8483,2025-06-19 11:00:00+00:00,-92.56,
8484,2025-06-19 12:00:00+00:00,-132.95,
8485,2025-06-19 13:00:00+00:00,-103.67,
8486,2025-06-19 14:00:00+00:00,-79.85,
8487,2025-06-19 15:00:00+00:00,,
8488,2025-06-19 16:00:00+00:00,,
8489,2025-06-19 17:00:00+00:00,,
8490,2025-06-19 18:00:00+00:00,135.69,
8491,2025-06-19 19:00:00+00:00,139.29,
8492,2025-06-19 20:00:00+00:00,,
8493,2025-06-19 21:00:00+00:00,,
8494,2025-06-19 22:00:00+00:00,,
8495,2025-06-19 23:00:00+00:00,103.34,
8496,2025-06-20 00:00:00+00:00,104.43,
8497,2025-06-20 01:00:00+00:00,,
8498,2025-06-20 02:00:00+00:00,104.67,
8499,2025-06-20 03:00:00+00:00,,
8500,2025-06-20 04:00:00+00:00,,
8501,2025-06-20 05:00:00+00:00,,
8502,2025-06-20 06:00:00+00:00,102.06,
8503,2025-06-20 07:00:00+00:00,15.1,
8504,2025-06-20 08:00:00+00:00,3.51,
8505,2025-06-20 09:00:00+00:00,,
8506,2025-06-20 10:00:00+00:00,-1.76,
8507,2025-06-20 11:00:00+00:00,,
8508,2025-06-20 12:00:00+00:00,,
8509,2025-06-20 13:00:00+00:00,,
8510,2025-06-20 14:00:00+00:00,11.82,
8511,2025-06-20 15:00:00+00:00,,
8512,2025-06-20 16:00:00+00:00,123.56,
8513,2025-06-20 17:00:00+00:00,138.01,
8514,2025-06-20 18:00:00+00:00,211.82,
8515,2025-06-20 19:00:00+00:00,185.91,
8516,2025-06-20 20:00:00+00:00,,
8517,2025-06-20 21:00:00+00:00,121.38,
8518,2025-06-20 22:00:00+00:00,,
8519,2025-06-20 23:00:00+00:00,,
8520,2025-06-21 00:00:00+00:00,,
8521,2025-06-21 01:00:00+00:00,,
8522,2025-06-21 02:00:00+00:00,,
8523,2025-06-21 03:00:00+00:00,,
8524,2025-06-21 04:00:00+00:00,100.71,
8525,2025-06-21 05:00:00+00:00,,
8526,2025-06-21 06:00:00+00:00,,
8527,2025-06-21 07:00:00+00:00,23.4,
8528,2025-06-21 08:00:00+00:00,,
8529,2025-06-21 09:00:00+00:00,-2.38,
8530,2025-06-21 10:00:00+00:00,-15.52,
8531,2025-06-21 11:00:00+00:00,-22.65,
8532,2025-06-21 12:00:00+00:00,-17.71,
8533,2025-06-21 13:00:00+00:00,-1.97,
8534,2025-06-21 14:00:00+00:00,,
8535,2025-06-21 15:00:00+00:00,,
8536,2025-06-21 16:00:00+00:00,161.86,
8537,2025-06-21 17:00:00+00:00,,
8538,2025-06-21 18:00:00+00:00,,
8539,2025-06-21 19:00:00+00:00,170.38,
8540,2025-06-21 20:00:00+00:00,140.87,
8541,2025-06-21 21:00:00+00:00,120.37,
8542,2025-06-21 22:00:00+00:00,108.52,
8543,2025-06-21 23:00:00+00:00,,
8544,2025-06-22 00:00:00+00:00,,
8545,2025-06-22 01:00:00+00:00,92.58,
8546,2025-06-22 02:00:00+00:00,,
8547,2025-06-22 03:00:00+00:00,,
8548,2025-06-22 04:00:00+00:00,72.47,
8549,2025-06-22 05:00:00+00:00,26.44,
8550,2025-06-22 06:00:00+00:00,,
8551,2025-06-22 07:00:00+00:00,,
8552,2025-06-22 08:00:00+00:00,,
8553,2025-06-22 09:00:00+00:00,-37.7,
8554,2025-06-22 10:00:00+00:00,-64.26,
8555,2025-06-22 11:00:00+00:00,-91.69,
8556,2025-06-22 12:00:00+00:00,-73.84,
8557,2025-06-22 13:00:00+00:00,-35.73,
8558,2025-06-22 14:00:00+00:00,-5.2,
8559,2025-06-22 15:00:00+00:00,10.61,
8560,2025-06-22 16:00:00+00:00,,
8561,2025-06-22 17:00:00+00:00,,
8562,2025-06-22 18:00:00+00:00,156.5,
8563,2025-06-22 19:00:00+00:00,144.55,
8564,2025-06-22 20:00:00+00:00,126.51,
8565,2025-06-22 21:00:00+00:00,,
8566,2025-06-22 22:00:00+00:00,,
8567,2025-06-22 23:00:00+00:00,,
8568,2025-06-23 00:00:00+00:00,,
8569,2025-06-23 01:00:00+00:00,,
8570,2025-06-23 02:00:00+00:00,,
8571,2025-06-23 03:00:00+00:00,89.94,
8572,2025-06-23 04:00:00+00:00,,
8573,2025-06-23 05:00:00+00:00,,
8574,2025-06-23 06:00:00+00:00,,
8575,2025-06-23 07:00:00+00:00,,
8576,2025-06-23 08:00:00+00:00,8.81,
8577,2025-06-23 09:00:00+00:00,5.9,
8578,2025-06-23 10:00:00+00:00,10.42,
8579,2025-06-23 11:00:00+00:00,4.43,
8580,2025-06-23 12:00:00+00:00,,
8581,2025-06-23 13:00:00+00:00,9.5,
8582,2025-06-23 14:00:00+00:00,75.54,
8583,2025-06-23 15:00:00+00:00,,
8584,2025-06-23 16:00:00+00:00,114.97,
8585,2025-06-23 17:00:00+00:00,,
8586,2025-06-23 18:00:00+00:00,113.67,
8587,2025-06-23 19:00:00+00:00,,
8588,2025-06-23 20:00:00+00:00,,
8589,2025-06-23 21:00:00+00:00,,
8590,2025-06-23 22:00:00+00:00,77.86,
8591,2025-06-23 23:00:00+00:00,69.4,
8592,2025-06-24 00:00:00+00:00,,
8593,2025-06-24 01:00:00+00:00,63.52,
8594,2025-06-24 02:00:00+00:00,66.09,
8595,2025-06-24 03:00:00+00:00,,
8596,2025-06-24 04:00:00+00:00,,
8597,2025-06-24 05:00:00+00:00,,
8598,2025-06-24 06:00:00+00:00,17.54,
8599,2025-06-24 07:00:00+00:00,-0.82,
8600,2025-06-24 08:00:00+00:00,,
8601,2025-06-24 09:00:00+00:00,,
8602,2025-06-24 10:00:00+00:00,,
8603,2025-06-24 11:00:00+00:00,,
8604,2025-06-24 12:00:00+00:00,1.18,
8605,2025-06-24 13:00:00+00:00,,
8606,2025-06-24 14:00:00+00:00,8.44,
8607,2025-06-24 15:00:00+00:00,,
8608,2025-06-24 16:00:00+00:00,100.85,
8609,2025-06-24 17:00:00+00:00,,
8610,2025-06-24 18:00:00+00:00,152.02,
8611,2025-06-24 19:00:00+00:00,127.15,
8612,2025-06-24 20:00:00+00:00,,
8613,2025-06-24 21:00:00+00:00,,
8614,2025-06-24 22:00:00+00:00,,
8615,2025-06-24 23:00:00+00:00,,
8616,2025-06-25 00:00:00+00:00,54.53,
8617,2025-06-25 01:00:00+00:00,41.03,
8618,2025-06-25 02:00:00+00:00,38.9,
8619,2025-06-25 03:00:00+00:00,,
8620,2025-06-25 04:00:00+00:00,105.97,
8621,2025-06-25 05:00:00+00:00,,
8622,2025-06-25 06:00:00+00:00,,
8623,2025-06-25 07:00:00+00:00,,
8624,2025-06-25 08:00:00+00:00,,
8625,2025-06-25 09:00:00+00:00,4.26,
8626,2025-06-25 10:00:00+00:00,9.25,
8627,2025-06-25 11:00:00+00:00,5.46,
8628,2025-06-25 12:00:00+00:00,,
8629,2025-06-25 13:00:00+00:00,,
8630,2025-06-25 14:00:00+00:00,12.5,
8631,2025-06-25 15:00:00+00:00,,
8632,2025-06-25 16:00:00+00:00,102.8,
8633,2025-06-25 17:00:00+00:00,,
8634,2025-06-25 18:00:00+00:00,200.91,
8635,2025-06-25 19:00:00+00:00,243.5,
8636,2025-06-25 20:00:00+00:00,173.7,
8637,2025-06-25 21:00:00+00:00,128.03,
8638,2025-06-25 22:00:00+00:00,,
8639,2025-06-25 23:00:00+00:00,108.14,
8640,2025-06-26 00:00:00+00:00,,
8641,2025-06-26 01:00:00+00:00,,
8642,2025-06-26 02:00:00+00:00,100.18,
8643,2025-06-26 03:00:00+00:00,104.68,
8644,2025-06-26 04:00:00+00:00,120.51,
8645,2025-06-26 05:00:00+00:00,121.0,
8646,2025-06-26 06:00:00+00:00,,
8647,2025-06-26 07:00:00+00:00,,
8648,2025-06-26 08:00:00+00:00,,
8649,2025-06-26 09:00:00+00:00,,
8650,2025-06-26 10:00:00+00:00,70.47,
8651,2025-06-26 11:00:00+00:00,47.68,
8652,2025-06-26 12:00:00+00:00,,
8653,2025-06-26 13:00:00+00:00,,
8654,2025-06-26 14:00:00+00:00,,
8655,2025-06-26 15:00:00+00:00,117.3,
8656,2025-06-26 16:00:00+00:00,,
8657,2025-06-26 17:00:00+00:00,305.83,
8658,2025-06-26 18:00:00+00:00,352.96,
8659,2025-06-26 19:00:00+00:00,270.53,
8660,2025-06-26 20:00:00+00:00,,
8661,2025-06-26 21:00:00+00:00,,
8662,2025-06-26 22:00:00+00:00,,
8663,2025-06-26 23:00:00+00:00,,
8664,2025-06-27 00:00:00+00:00,,
8665,2025-06-27 01:00:00+00:00,,
8666,2025-06-27 02:00:00+00:00,,
8667,2025-06-27 03:00:00+00:00,,
8668,2025-06-27 04:00:00+00:00,,
8669,2025-06-27 05:00:00+00:00,113.2,
8670,2025-06-27 06:00:00+00:00,,
8671,2025-06-27 07:00:00+00:00,,
8672,2025-06-27 08:00:00+00:00,79.14,
8673,2025-06-27 09:00:00+00:00,,
8674,2025-06-27 10:00:00+00:00,54.03,
8675,2025-06-27 11:00:00+00:00,16.05,
8676,2025-06-27 12:00:00+00:00,3.33,
8677,2025-06-27 13:00:00+00:00,10.86,
8678,2025-06-27 14:00:00+00:00,44.57,
8679,2025-06-27 15:00:00+00:00,,
8680,2025-06-27 16:00:00+00:00,100.36,
8681,2025-06-27 17:00:00+00:00,,
8682,2025-06-27 18:00:00+00:00,,
8683,2025-06-27 19:00:00+00:00,,
8684,2025-06-27 20:00:00+00:00,,
8685,2025-06-27 21:00:00+00:00,,
8686,2025-06-27 22:00:00+00:00,,
8687,2025-06-27 23:00:00+00:00,,
8688,2025-06-28 00:00:00+00:00,,
8689,2025-06-28 01:00:00+00:00,,
8690,2025-06-28 02:00:00+00:00,89.65,
8691,2025-06-28 03:00:00+00:00,,
8692,2025-06-28 04:00:00+00:00,82.7,
8693,2025-06-28 05:00:00+00:00,80.24,
8694,2025-06-28 06:00:00+00:00,27.8,
8695,2025-06-28 07:00:00+00:00,,
8696,2025-06-28 08:00:00+00:00,,
8697,2025-06-28 09:00:00+00:00,,
8698,2025-06-28 10:00:00+00:00,-0.54,
8699,2025-06-28 11:00:00+00:00,,
8700,2025-06-28 12:00:00+00:00,4.73,
8701,2025-06-28 13:00:00+00:00,31.47,
8702,2025-06-28 14:00:00+00:00,83.51,
8703,2025-06-28 15:00:00+00:00,,
8704,2025-06-28 16:00:00+00:00,162.59,
8705,2025-06-28 17:00:00+00:00,,
8706,2025-06-28 18:00:00+00:00,,
8707,2025-06-28 19:00:00+00:00,,
8708,2025-06-28 20:00:00+00:00,119.88,
8709,2025-06-28 21:00:00+00:00,,
8710,2025-06-28 22:00:00+00:00,,
8711,2025-06-28 23:00:00+00:00,,
8712,2025-06-29 00:00:00+00:00,,
8713,2025-06-29 01:00:00+00:00,,
8714,2025-06-29 02:00:00+00:00,,
8715,2025-06-29 03:00:00+00:00,,
8716,2025-06-29 04:00:00+00:00,,
8717,2025-06-29 05:00:00+00:00,,
8718,2025-06-29 06:00:00+00:00,47.91,
8719,2025-06-29 07:00:00+00:00,2.06,
8720,2025-06-29 08:00:00+00:00,,
8721,2025-06-29 09:00:00+00:00,-0.25,
8722,2025-06-29 10:00:00+00:00,-5.06,
8723,2025-06-29 11:00:00+00:00,-19.79,
8724,2025-06-29 12:00:00+00:00,-23.56,
8725,2025-06-29 13:00:00+00:00,-13.05,
8726,2025-06-29 14:00:00+00:00,,
8727,2025-06-29 15:00:00+00:00,,
8728,2025-06-29 16:00:00+00:00,73.72,
8729,2025-06-29 17:00:00+00:00,102.14,
8730,2025-06-29 18:00:00+00:00,,
8731,2025-06-29 19:00:00+00:00,,
8732,2025-06-29 20:00:00+00:00,113.73,
8733,2025-06-29 21:00:00+00:00,101.0,
8734,2025-06-29 22:00:00+00:00,98.73,
8735,2025-06-29 23:00:00+00:00,,
8736,2025-06-30 00:00:00+00:00,,
8737,2025-06-30 01:00:00+00:00,,
8738,2025-06-30 02:00:00+00:00,86.46,
8739,2025-06-30 03:00:00+00:00,,
8740,2025-06-30 04:00:00+00:00,,
8741,2025-06-30 05:00:00+00:00,,
8742,2025-06-30 06:00:00+00:00,,
8743,2025-06-30 07:00:00+00:00,,
8744,2025-06-30 08:00:00+00:00,50.96,
8745,2025-06-30 09:00:00+00:00,,
8746,2025-06-30 10:00:00+00:00,,
8747,2025-06-30 11:00:00+00:00,,
8748,2025-06-30 12:00:00+00:00,-2.4,
8749,2025-06-30 13:00:00+00:00,21.21,
8750,2025-06-30 14:00:00+00:00,68.1,
8751,2025-06-30 15:00:00+00:00,96.62,
8752,2025-06-30 16:00:00+00:00,,
8753,2025-06-30 17:00:00+00:00,178.94,
8754,2025-06-30 18:00:00+00:00,284.7,
8755,2025-06-30 19:00:00+00:00,238.79,
8756,2025-06-30 20:00:00+00:00,157.0,
8757,2025-06-30 21:00:00+00:00,,
8758,2025-06-30 22:00:00+00:00,,
8759,2025-06-30 23:00:00+00:00,,
8760,2025-07-01 00:00:00+00:00,,
8761,2025-07-01 01:00:00+00:00,,
8762,2025-07-01 02:00:00+00:00,,
8763,2025-07-01 03:00:00+00:00,,
8764,2025-07-01 04:00:00+00:00,,
8765,2025-07-01 05:00:00+00:00,,
8766,2025-07-01 06:00:00+00:00,,
8767,2025-07-01 07:00:00+00:00,,
8768,2025-07-01 08:00:00+00:00,42.07,
8769,2025-07-01 09:00:00+00:00,16.32,
8770,2025-07-01 10:00:00+00:00,,
8771,2025-07-01 11:00:00+00:00,7.3,
8772,2025-07-01 12:00:00+00:00,29.09,
8773,2025-07-01 13:00:00+00:00,,
8774,2025-07-01 14:00:00+00:00,,
8775,2025-07-01 15:00:00+00:00,,
8776,2025-07-01 16:00:00+00:00,152.12,
8777,2025-07-01 17:00:00+00:00,304.85,
8778,2025-07-01 18:00:00+00:00,471.29,
8779,2025-07-01 19:00:00+00:00,399.83,
8780,2025-07-01 20:00:00+00:00,243.83,
8781,2025-07-01 21:00:00+00:00,145.91,
8782,2025-07-01 22:00:00+00:00,,
8783,2025-07-01 23:00:00+00:00,,
8784,2025-07-02 00:00:00+00:00,,
8785,2025-07-02 01:00:00+00:00,,
8786,2025-07-02 02:00:00+00:00,,
8787,2025-07-02 03:00:00+00:00,,
8788,2025-07-02 04:00:00+00:00,,
8789,2025-07-02 05:00:00+00:00,110.16,
8790,2025-07-02 06:00:00+00:00,,
8791,2025-07-02 07:00:00+00:00,,
8792,2025-07-02 08:00:00+00:00,,
8793,2025-07-02 09:00:00+00:00,,
8794,2025-07-02 10:00:00+00:00,7.35,
8795,2025-07-02 11:00:00+00:00,20.29,
8796,2025-07-02 12:00:00+00:00,26.76,
8797,2025-07-02 13:00:00+00:00,69.5,
8798,2025-07-02 14:00:00+00:00,,
8799,2025-07-02 15:00:00+00:00,,
8800,2025-07-02 16:00:00+00:00,193.93,
8801,2025-07-02 17:00:00+00:00,303.29,
8802,2025-07-02 18:00:00+00:00,374.73,
8803,2025-07-02 19:00:00+00:00,197.2,
8804,2025-07-02 20:00:00+00:00,135.66,
8805,2025-07-02 21:00:00+00:00,,
8806,2025-07-02 22:00:00+00:00,,
8807,2025-07-02 23:00:00+00:00,,
8808,2025-07-03 00:00:00+00:00,,
8809,2025-07-03 01:00:00+00:00,,
8810,2025-07-03 02:00:00+00:00,,
8811,2025-07-03 03:00:00+00:00,,
8812,2025-07-03 04:00:00+00:00,,
8813,2025-07-03 05:00:00+00:00,,
8814,2025-07-03 06:00:00+00:00,104.9,
8815,2025-07-03 07:00:00+00:00,,
8816,2025-07-03 08:00:00+00:00,,
8817,2025-07-03 09:00:00+00:00,,
8818,2025-07-03 10:00:00+00:00,42.16,
8819,2025-07-03 11:00:00+00:00,27.04,
8820,2025-07-03 12:00:00+00:00,22.76,
8821,2025-07-03 13:00:00+00:00,,
8822,2025-07-03 14:00:00+00:00,,
8823,2025-07-03 15:00:00+00:00,,
8824,2025-07-03 16:00:00+00:00,,
8825,2025-07-03 17:00:00+00:00,154.39,
8826,2025-07-03 18:00:00+00:00,202.25,
8827,2025-07-03 19:00:00+00:00,168.43,
8828,2025-07-03 20:00:00+00:00,,
8829,2025-07-03 21:00:00+00:00,,
8830,2025-07-03 22:00:00+00:00,,
8831,2025-07-03 23:00:00+00:00,104.83,
8832,2025-07-04 00:00:00+00:00,102.26,
8833,2025-07-04 01:00:00+00:00,,
8834,2025-07-04 02:00:00+00:00,,
8835,2025-07-04 03:00:00+00:00,107.63,
8836,2025-07-04 04:00:00+00:00,,
8837,2025-07-04 05:00:00+00:00,116.65,
8838,2025-07-04 06:00:00+00:00,,
8839,2025-07-04 07:00:00+00:00,,
8840,2025-07-04 08:00:00+00:00,,
8841,2025-07-04 09:00:00+00:00,,
8842,2025-07-04 10:00:00+00:00,,
8843,2025-07-04 11:00:00+00:00,22.99,
8844,2025-07-04 12:00:00+00:00,26.28,
8845,2025-07-04 13:00:00+00:00,31.38,
8846,2025-07-04 14:00:00+00:00,63.53,
8847,2025-07-04 15:00:00+00:00,,
8848,2025-07-04 16:00:00+00:00,,
8849,2025-07-04 17:00:00+00:00,167.0,
8850,2025-07-04 18:00:00+00:00,220.79,
8851,2025-07-04 19:00:00+00:00,164.02,
8852,2025-07-04 20:00:00+00:00,,
8853,2025-07-04 21:00:00+00:00,,
8854,2025-07-04 22:00:00+00:00,,
8855,2025-07-04 23:00:00+00:00,,
8856,2025-07-05 00:00:00+00:00,,
8857,2025-07-05 01:00:00+00:00,,
8858,2025-07-05 02:00:00+00:00,96.23,
8859,2025-07-05 03:00:00+00:00,,
8860,2025-07-05 04:00:00+00:00,,
8861,2025-07-05 05:00:00+00:00,,
8862,2025-07-05 06:00:00+00:00,,
8863,2025-07-05 07:00:00+00:00,3.34,
8864,2025-07-05 08:00:00+00:00,,
8865,2025-07-05 09:00:00+00:00,,
8866,2025-07-05 10:00:00+00:00,,
8867,2025-07-05 11:00:00+00:00,,
8868,2025-07-05 12:00:00+00:00,-2.16,
8869,2025-07-05 13:00:00+00:00,3.76,
8870,2025-07-05 14:00:00+00:00,,
8871,2025-07-05 15:00:00+00:00,,
8872,2025-07-05 16:00:00+00:00,,
8873,2025-07-05 17:00:00+00:00,158.04,
8874,2025-07-05 18:00:00+00:00,186.54,
8875,2025-07-05 19:00:00+00:00,146.24,
8876,2025-07-05 20:00:00+00:00,115.67,
8877,2025-07-05 21:00:00+00:00,,
8878,2025-07-05 22:00:00+00:00,,
8879,2025-07-05 23:00:00+00:00,,
8880,2025-07-06 00:00:00+00:00,,
8881,2025-07-06 01:00:00+00:00,,
8882,2025-07-06 02:00:00+00:00,,
8883,2025-07-06 03:00:00+00:00,,
8884,2025-07-06 04:00:00+00:00,,
8885,2025-07-06 05:00:00+00:00,,
8886,2025-07-06 06:00:00+00:00,69.55,
8887,2025-07-06 07:00:00+00:00,36.85,
8888,2025-07-06 08:00:00+00:00,,
8889,2025-07-06 09:00:00+00:00,10.12,
8890,2025-07-06 10:00:00+00:00,6.08,
8891,2025-07-06 11:00:00+00:00,5.69,
8892,2025-07-06 12:00:00+00:00,8.24,
8893,2025-07-06 13:00:00+00:00,28.53,
8894,2025-07-06 14:00:00+00:00,75.18,
8895,2025-07-06 15:00:00+00:00,,
8896,2025-07-06 16:00:00+00:00,,
8897,2025-07-06 17:00:00+00:00,,
8898,2025-07-06 18:00:00+00:00,177.24,
8899,2025-07-06 19:00:00+00:00,,
8900,2025-07-06 20:00:00+00:00,131.9,
8901,2025-07-06 21:00:00+00:00,,
8902,2025-07-06 22:00:00+00:00,,
8903,2025-07-06 23:00:00+00:00,107.02,
8904,2025-07-07 00:00:00+00:00,,
8905,2025-07-07 01:00:00+00:00,,
8906,2025-07-07 02:00:00+00:00,,
8907,2025-07-07 03:00:00+00:00,,
8908,2025-07-07 04:00:00+00:00,,
8909,2025-07-07 05:00:00+00:00,,
8910,2025-07-07 06:00:00+00:00,149.78,
8911,2025-07-07 07:00:00+00:00,132.64,
8912,2025-07-07 08:00:00+00:00,110.09,
8913,2025-07-07 09:00:00+00:00,,
8914,2025-07-07 10:00:00+00:00,,
8915,2025-07-07 11:00:00+00:00,,
8916,2025-07-07 12:00:00+00:00,90.73,
8917,2025-07-07 13:00:00+00:00,,
8918,2025-07-07 14:00:00+00:00,125.02,
8919,2025-07-07 15:00:00+00:00,148.78,
8920,2025-07-07 16:00:00+00:00,176.66,
8921,2025-07-07 17:00:00+00:00,261.33,
8922,2025-07-07 18:00:00+00:00,282.9,
8923,2025-07-07 19:00:00+00:00,193.89,
8924,2025-07-07 20:00:00+00:00,,
8925,2025-07-07 21:00:00+00:00,,
8926,2025-07-07 22:00:00+00:00,,
8927,2025-07-07 23:00:00+00:00,103.13,
8928,2025-07-08 00:00:00+00:00,,
8929,2025-07-08 01:00:00+00:00,,
8930,2025-07-08 02:00:00+00:00,101.6,
8931,2025-07-08 03:00:00+00:00,,
8932,2025-07-08 04:00:00+00:00,122.31,
8933,2025-07-08 05:00:00+00:00,,
8934,2025-07-08 06:00:00+00:00,,
8935,2025-07-08 07:00:00+00:00,,
8936,2025-07-08 08:00:00+00:00,,
8937,2025-07-08 09:00:00+00:00,,
8938,2025-07-08 10:00:00+00:00,,
8939,2025-07-08 11:00:00+00:00,,
8940,2025-07-08 12:00:00+00:00,96.84,
8941,2025-07-08 13:00:00+00:00,101.3,
8942,2025-07-08 14:00:00+00:00,110.55,
8943,2025-07-08 15:00:00+00:00,,
8944,2025-07-08 16:00:00+00:00,,
8945,2025-07-08 17:00:00+00:00,154.17,
8946,2025-07-08 18:00:00+00:00,,
8947,2025-07-08 19:00:00+00:00,,
8948,2025-07-08 20:00:00+00:00,118.22,
8949,2025-07-08 21:00:00+00:00,100.64,
8950,2025-07-08 22:00:00+00:00,,
8951,2025-07-08 23:00:00+00:00,,
8952,2025-07-09 00:00:00+00:00,,
8953,2025-07-09 01:00:00+00:00,,
8954,2025-07-09 02:00:00+00:00,,
8955,2025-07-09 03:00:00+00:00,,
8956,2025-07-09 04:00:00+00:00,,
8957,2025-07-09 05:00:00+00:00,122.19,
8958,2025-07-09 06:00:00+00:00,,
8959,2025-07-09 07:00:00+00:00,105.99,
8960,2025-07-09 08:00:00+00:00,,
8961,2025-07-09 09:00:00+00:00,105.73,
8962,2025-07-09 10:00:00+00:00,,
8963,2025-07-09 11:00:00+00:00,,
8964,2025-07-09 12:00:00+00:00,,
8965,2025-07-09 13:00:00+00:00,120.12,
8966,2025-07-09 14:00:00+00:00,,
8967,2025-07-09 15:00:00+00:00,,
8968,2025-07-09 16:00:00+00:00,,
8969,2025-07-09 17:00:00+00:00,123.96,
8970,2025-07-09 18:00:00+00:00,150.28,
8971,2025-07-09 19:00:00+00:00,143.74,
8972,2025-07-09 20:00:00+00:00,,
8973,2025-07-09 21:00:00+00:00,,
8974,2025-07-09 22:00:00+00:00,,
8975,2025-07-09 23:00:00+00:00,,
8976,2025-07-10 00:00:00+00:00,,
8977,2025-07-10 01:00:00+00:00,96.66,
8978,2025-07-10 02:00:00+00:00,,
8979,2025-07-10 03:00:00+00:00,,
8980,2025-07-10 04:00:00+00:00,107.5,
8981,2025-07-10 05:00:00+00:00,108.01,
8982,2025-07-10 06:00:00+00:00,,
8983,2025-07-10 07:00:00+00:00,,
8984,2025-07-10 08:00:00+00:00,,
8985,2025-07-10 09:00:00+00:00,,
8986,2025-07-10 10:00:00+00:00,45.1,
8987,2025-07-10 11:00:00+00:00,38.97,
8988,2025-07-10 12:00:00+00:00,39.3,
8989,2025-07-10 13:00:00+00:00,,
8990,2025-07-10 14:00:00+00:00,76.59,
8991,2025-07-10 15:00:00+00:00,,
8992,2025-07-10 16:00:00+00:00,,
8993,2025-07-10 17:00:00+00:00,118.94,
8994,2025-07-10 18:00:00+00:00,141.49,
8995,2025-07-10 19:00:00+00:00,139.04,
8996,2025-07-10 20:00:00+00:00,,
8997,2025-07-10 21:00:00+00:00,,
8998,2025-07-10 22:00:00+00:00,101.31,
8999,2025-07-10 23:00:00+00:00,96.63,
9000,2025-07-11 00:00:00+00:00,,
9001,2025-07-11 01:00:00+00:00,,
9002,2025-07-11 02:00:00+00:00,,
9003,2025-07-11 03:00:00+00:00,,
9004,2025-07-11 04:00:00+00:00,,
9005,2025-07-11 05:00:00+00:00,,
9006,2025-07-11 06:00:00+00:00,101.9,
9007,2025-07-11 07:00:00+00:00,,
9008,2025-07-11 08:00:00+00:00,,
9009,2025-07-11 09:00:00+00:00,,
9010,2025-07-11 10:00:00+00:00,,
9011,2025-07-11 11:00:00+00:00,,
9012,2025-07-11 12:00:00+00:00,,
9013,2025-07-11 13:00:00+00:00,,
9014,2025-07-11 14:00:00+00:00,,
9015,2025-07-11 15:00:00+00:00,,
9016,2025-07-11 16:00:00+00:00,,
9017,2025-07-11 17:00:00+00:00,,
9018,2025-07-11 18:00:00+00:00,,
9019,2025-07-11 19:00:00+00:00,,
9020,2025-07-11 20:00:00+00:00,118.18,
9021,2025-07-11 21:00:00+00:00,,
9022,2025-07-11 22:00:00+00:00,,
9023,2025-07-11 23:00:00+00:00,,
9024,2025-07-12 00:00:00+00:00,,
9025,2025-07-12 01:00:00+00:00,,
9026,2025-07-12 02:00:00+00:00,101.33,
9027,2025-07-12 03:00:00+00:00,,
9028,2025-07-12 04:00:00+00:00,109.5,
9029,2025-07-12 05:00:00+00:00,,
9030,2025-07-12 06:00:00+00:00,,
9031,2025-07-12 07:00:00+00:00,,
9032,2025-07-12 08:00:00+00:00,,
9033,2025-07-12 09:00:00+00:00,93.99,
9034,2025-07-12 10:00:00+00:00,,
9035,2025-07-12 11:00:00+00:00,,
9036,2025-07-12 12:00:00+00:00,,
9037,2025-07-12 13:00:00+00:00,,
9038,2025-07-12 14:00:00+00:00,99.39,
9039,2025-07-12 15:00:00+00:00,,
9040,2025-07-12 16:00:00+00:00,119.51,
9041,2025-07-12 17:00:00+00:00,,
9042,2025-07-12 18:00:00+00:00,,
9043,2025-07-12 19:00:00+00:00,,
9044,2025-07-12 20:00:00+00:00,,
9045,2025-07-12 21:00:00+00:00,,
9046,2025-07-12 22:00:00+00:00,,
9047,2025-07-12 23:00:00+00:00,108.79,
9048,2025-07-13 00:00:00+00:00,,
9049,2025-07-13 01:00:00+00:00,107.31,
9050,2025-07-13 02:00:00+00:00,,
9051,2025-07-13 03:00:00+00:00,,
9052,2025-07-13 04:00:00+00:00,95.52,
9053,2025-07-13 05:00:00+00:00,,
9054,2025-07-13 06:00:00+00:00,,
9055,2025-07-13 07:00:00+00:00,38.98,
9056,2025-07-13 08:00:00+00:00,,
9057,2025-07-13 09:00:00+00:00,,
9058,2025-07-13 10:00:00+00:00,,
9059,2025-07-13 11:00:00+00:00,,
9060,2025-07-13 12:00:00+00:00,,
9061,2025-07-13 13:00:00+00:00,11.74,
9062,2025-07-13 14:00:00+00:00,,
9063,2025-07-13 15:00:00+00:00,,
9064,2025-07-13 16:00:00+00:00,,
9065,2025-07-13 17:00:00+00:00,,
9066,2025-07-13 18:00:00+00:00,,
9067,2025-07-13 19:00:00+00:00,,
9068,2025-07-13 20:00:00+00:00,,
9069,2025-07-13 21:00:00+00:00,,
9070,2025-07-13 22:00:00+00:00,,
9071,2025-07-13 23:00:00+00:00,,
9072,2025-07-14 00:00:00+00:00,,
9073,2025-07-14 01:00:00+00:00,,
9074,2025-07-14 02:00:00+00:00,,
9075,2025-07-14 03:00:00+00:00,,
9076,2025-07-14 04:00:00+00:00,,
9077,2025-07-14 05:00:00+00:00,,
9078,2025-07-14 06:00:00+00:00,,
9079,2025-07-14 07:00:00+00:00,,
9080,2025-07-14 08:00:00+00:00,81.45,
9081,2025-07-14 09:00:00+00:00,,
9082,2025-07-14 10:00:00+00:00,,
9083,2025-07-14 11:00:00+00:00,,
9084,2025-07-14 12:00:00+00:00,,
9085,2025-07-14 13:00:00+00:00,,
9086,2025-07-14 14:00:00+00:00,,
9087,2025-07-14 15:00:00+00:00,,
9088,2025-07-14 16:00:00+00:00,,
9089,2025-07-14 17:00:00+00:00,242.42,
9090,2025-07-14 18:00:00+00:00,296.45,
9091,2025-07-14 19:00:00+00:00,220.33,
9092,2025-07-14 20:00:00+00:00,135.28,
9093,2025-07-14 21:00:00+00:00,,
9094,2025-07-14 22:00:00+00:00,,
9095,2025-07-14 23:00:00+00:00,105.64,
9096,2025-07-15 00:00:00+00:00,,
9097,2025-07-15 01:00:00+00:00,,
9098,2025-07-15 02:00:00+00:00,,
9099,2025-07-15 03:00:00+00:00,94.21,
9100,2025-07-15 04:00:00+00:00,,
9101,2025-07-15 05:00:00+00:00,113.28,
9102,2025-07-15 06:00:00+00:00,,
9103,2025-07-15 07:00:00+00:00,,
9104,2025-07-15 08:00:00+00:00,,
9105,2025-07-15 09:00:00+00:00,64.27,
9106,2025-07-15 10:00:00+00:00,61.14,
9107,2025-07-15 11:00:00+00:00,,
9108,2025-07-15 12:00:00+00:00,,
9109,2025-07-15 13:00:00+00:00,,
9110,2025-07-15 14:00:00+00:00,,
9111,2025-07-15 15:00:00+00:00,,
9112,2025-07-15 16:00:00+00:00,152.27,
9113,2025-07-15 17:00:00+00:00,201.84,
9114,2025-07-15 18:00:00+00:00,210.72,
9115,2025-07-15 19:00:00+00:00,158.32,
9116,2025-07-15 20:00:00+00:00,,
9117,2025-07-15 21:00:00+00:00,,
9118,2025-07-15 22:00:00+00:00,,
9119,2025-07-15 23:00:00+00:00,94.04,
9120,2025-07-16 00:00:00+00:00,,
9121,2025-07-16 01:00:00+00:00,,
9122,2025-07-16 02:00:00+00:00,93.14,
9123,2025-07-16 03:00:00+00:00,92.25,
9124,2025-07-16 04:00:00+00:00,,
9125,2025-07-16 05:00:00+00:00,,
9126,2025-07-16 06:00:00+00:00,,
9127,2025-07-16 07:00:00+00:00,103.22,
9128,2025-07-16 08:00:00+00:00,,
9129,2025-07-16 09:00:00+00:00,,
9130,2025-07-16 10:00:00+00:00,,
9131,2025-07-16 11:00:00+00:00,64.62,
9132,2025-07-16 12:00:00+00:00,64.33,
9133,2025-07-16 13:00:00+00:00,,
9134,2025-07-16 14:00:00+00:00,,
9135,2025-07-16 15:00:00+00:00,,
9136,2025-07-16 16:00:00+00:00,,
9137,2025-07-16 17:00:00+00:00,,
9138,2025-07-16 18:00:00+00:00,192.54,
9139,2025-07-16 19:00:00+00:00,,
9140,2025-07-16 20:00:00+00:00,125.21,
9141,2025-07-16 21:00:00+00:00,,
9142,2025-07-16 22:00:00+00:00,,
9143,2025-07-16 23:00:00+00:00,104.04,
9144,2025-07-17 00:00:00+00:00,,
9145,2025-07-17 01:00:00+00:00,,
9146,2025-07-17 02:00:00+00:00,,
9147,2025-07-17 03:00:00+00:00,,
9148,2025-07-17 04:00:00+00:00,121.7,
9149,2025-07-17 05:00:00+00:00,,
9150,2025-07-17 06:00:00+00:00,,
9151,2025-07-17 07:00:00+00:00,,
9152,2025-07-17 08:00:00+00:00,,
9153,2025-07-17 09:00:00+00:00,,
9154,2025-07-17 10:00:00+00:00,102.52,
9155,2025-07-17 11:00:00+00:00,106.82,
9156,2025-07-17 12:00:00+00:00,,
9157,2025-07-17 13:00:00+00:00,,
9158,2025-07-17 14:00:00+00:00,,
9159,2025-07-17 15:00:00+00:00,118.77,
9160,2025-07-17 16:00:00+00:00,,
9161,2025-07-17 17:00:00+00:00,,
9162,2025-07-17 18:00:00+00:00,182.37,
9163,2025-07-17 19:00:00+00:00,,
9164,2025-07-17 20:00:00+00:00,125.07,
9165,2025-07-17 21:00:00+00:00,,
9166,2025-07-17 22:00:00+00:00,111.05,
9167,2025-07-17 23:00:00+00:00,101.44,
9168,2025-07-18 00:00:00+00:00,,
9169,2025-07-18 01:00:00+00:00,,
9170,2025-07-18 02:00:00+00:00,,
9171,2025-07-18 03:00:00+00:00,,
9172,2025-07-18 04:00:00+00:00,,
9173,2025-07-18 05:00:00+00:00,115.86,
9174,2025-07-18 06:00:00+00:00,109.4,
9175,2025-07-18 07:00:00+00:00,,
9176,2025-07-18 08:00:00+00:00,,
9177,2025-07-18 09:00:00+00:00,83.97,
9178,2025-07-18 10:00:00+00:00,,
9179,2025-07-18 11:00:00+00:00,,
9180,2025-07-18 12:00:00+00:00,,
9181,2025-07-18 13:00:00+00:00,,
9182,2025-07-18 14:00:00+00:00,,
9183,2025-07-18 15:00:00+00:00,,
9184,2025-07-18 16:00:00+00:00,,
9185,2025-07-18 17:00:00+00:00,,
9186,2025-07-18 18:00:00+00:00,,
9187,2025-07-18 19:00:00+00:00,148.65,
9188,2025-07-18 20:00:00+00:00,,
9189,2025-07-18 21:00:00+00:00,,
9190,2025-07-18 22:00:00+00:00,,
9191,2025-07-18 23:00:00+00:00,106.65,
9192,2025-07-19 00:00:00+00:00,,
9193,2025-07-19 01:00:00+00:00,,
9194,2025-07-19 02:00:00+00:00,,
9195,2025-07-19 03:00:00+00:00,,
9196,2025-07-19 04:00:00+00:00,,
9197,2025-07-19 05:00:00+00:00,,
9198,2025-07-19 06:00:00+00:00,,
9199,2025-07-19 07:00:00+00:00,,
9200,2025-07-19 08:00:00+00:00,27.93,
9201,2025-07-19 09:00:00+00:00,38.4,
9202,2025-07-19 10:00:00+00:00,14.74,
9203,2025-07-19 11:00:00+00:00,23.67,
9204,2025-07-19 12:00:00+00:00,27.92,
9205,2025-07-19 13:00:00+00:00,,
9206,2025-07-19 14:00:00+00:00,,
9207,2025-07-19 15:00:00+00:00,,
9208,2025-07-19 16:00:00+00:00,114.76,
9209,2025-07-19 17:00:00+00:00,,
9210,2025-07-19 18:00:00+00:00,133.98,
9211,2025-07-19 19:00:00+00:00,,
9212,2025-07-19 20:00:00+00:00,123.51,
9213,2025-07-19 21:00:00+00:00,,
9214,2025-07-19 22:00:00+00:00,,
9215,2025-07-19 23:00:00+00:00,,
9216,2025-07-20 00:00:00+00:00,102.63,
9217,2025-07-20 01:00:00+00:00,,
9218,2025-07-20 02:00:00+00:00,,
9219,2025-07-20 03:00:00+00:00,,
9220,2025-07-20 04:00:00+00:00,95.7,
9221,2025-07-20 05:00:00+00:00,,
9222,2025-07-20 06:00:00+00:00,,
9223,2025-07-20 07:00:00+00:00,41.32,
9224,2025-07-20 08:00:00+00:00,7.83,
9225,2025-07-20 09:00:00+00:00,1.99,
9226,2025-07-20 10:00:00+00:00,,
9227,2025-07-20 11:00:00+00:00,,
9228,2025-07-20 12:00:00+00:00,,
9229,2025-07-20 13:00:00+00:00,8.7,
9230,2025-07-20 14:00:00+00:00,,
9231,2025-07-20 15:00:00+00:00,,
9232,2025-07-20 16:00:00+00:00,,
9233,2025-07-20 17:00:00+00:00,,
9234,2025-07-20 18:00:00+00:00,147.9,
9235,2025-07-20 19:00:00+00:00,164.72,
9236,2025-07-20 20:00:00+00:00,,
9237,2025-07-20 21:00:00+00:00,,
9238,2025-07-20 22:00:00+00:00,,
9239,2025-07-20 23:00:00+00:00,100.4,
9240,2025-07-21 00:00:00+00:00,,
9241,2025-07-21 01:00:00+00:00,94.06,
9242,2025-07-21 02:00:00+00:00,,
9243,2025-07-21 03:00:00+00:00,,
9244,2025-07-21 04:00:00+00:00,,
9245,2025-07-21 05:00:00+00:00,,
9246,2025-07-21 06:00:00+00:00,,
9247,2025-07-21 07:00:00+00:00,,
9248,2025-07-21 08:00:00+00:00,,
9249,2025-07-21 09:00:00+00:00,,
9250,2025-07-21 10:00:00+00:00,,
9251,2025-07-21 11:00:00+00:00,,
9252,2025-07-21 12:00:00+00:00,,
9253,2025-07-21 13:00:00+00:00,,
9254,2025-07-21 14:00:00+00:00,,
9255,2025-07-21 15:00:00+00:00,,
9256,2025-07-21 16:00:00+00:00,136.05,
9257,2025-07-21 17:00:00+00:00,165.35,
9258,2025-07-21 18:00:00+00:00,172.4,
9259,2025-07-21 19:00:00+00:00,132.09,
9260,2025-07-21 20:00:00+00:00,,
9261,2025-07-21 21:00:00+00:00,,
9262,2025-07-21 22:00:00+00:00,,
9263,2025-07-21 23:00:00+00:00,,
9264,2025-07-22 00:00:00+00:00,,
9265,2025-07-22 01:00:00+00:00,,
9266,2025-07-22 02:00:00+00:00,,
9267,2025-07-22 03:00:00+00:00,,
9268,2025-07-22 04:00:00+00:00,,
9269,2025-07-22 05:00:00+00:00,,
9270,2025-07-22 06:00:00+00:00,,
9271,2025-07-22 07:00:00+00:00,,
9272,2025-07-22 08:00:00+00:00,,
9273,2025-07-22 09:00:00+00:00,,
9274,2025-07-22 10:00:00+00:00,24.26,
9275,2025-07-22 11:00:00+00:00,8.48,
9276,2025-07-22 12:00:00+00:00,,
9277,2025-07-22 13:00:00+00:00,29.26,
9278,2025-07-22 14:00:00+00:00,,
9279,2025-07-22 15:00:00+00:00,,
9280,2025-07-22 16:00:00+00:00,,
9281,2025-07-22 17:00:00+00:00,142.53,
9282,2025-07-22 18:00:00+00:00,169.18,
9283,2025-07-22 19:00:00+00:00,,
9284,2025-07-22 20:00:00+00:00,112.5,
9285,2025-07-22 21:00:00+00:00,101.45,
9286,2025-07-22 22:00:00+00:00,,
9287,2025-07-22 23:00:00+00:00,,
9288,2025-07-23 00:00:00+00:00,,
9289,2025-07-23 01:00:00+00:00,,
9290,2025-07-23 02:00:00+00:00,,
9291,2025-07-23 03:00:00+00:00,,
9292,2025-07-23 04:00:00+00:00,,
9293,2025-07-23 05:00:00+00:00,,
9294,2025-07-23 06:00:00+00:00,,
9295,2025-07-23 07:00:00+00:00,,
9296,2025-07-23 08:00:00+00:00,58.28,
9297,2025-07-23 09:00:00+00:00,39.02,
9298,2025-07-23 10:00:00+00:00,,
9299,2025-07-23 11:00:00+00:00,22.19,
9300,2025-07-23 12:00:00+00:00,46.45,
9301,2025-07-23 13:00:00+00:00,74.67,
9302,2025-07-23 14:00:00+00:00,,
9303,2025-07-23 15:00:00+00:00,,
9304,2025-07-23 16:00:00+00:00,,
9305,2025-07-23 17:00:00+00:00,190.72,
9306,2025-07-23 18:00:00+00:00,188.08,
9307,2025-07-23 19:00:00+00:00,,
9308,2025-07-23 20:00:00+00:00,,
9309,2025-07-23 21:00:00+00:00,,
9310,2025-07-23 22:00:00+00:00,,
9311,2025-07-23 23:00:00+00:00,,
9312,2025-07-24 00:00:00+00:00,,
9313,2025-07-24 01:00:00+00:00,,
9314,2025-07-24 02:00:00+00:00,,
9315,2025-07-24 03:00:00+00:00,,
9316,2025-07-24 04:00:00+00:00,,
9317,2025-07-24 05:00:00+00:00,,
9318,2025-07-24 06:00:00+00:00,109.95,
9319,2025-07-24 07:00:00+00:00,96.37,
9320,2025-07-24 08:00:00+00:00,89.68,
9321,2025-07-24 09:00:00+00:00,,
9322,2025-07-24 10:00:00+00:00,,
9323,2025-07-24 11:00:00+00:00,,
9324,2025-07-24 12:00:00+00:00,78.24,
9325,2025-07-24 13:00:00+00:00,,
9326,2025-07-24 14:00:00+00:00,83.76,
9327,2025-07-24 15:00:00+00:00,,
9328,2025-07-24 16:00:00+00:00,144.44,
9329,2025-07-24 17:00:00+00:00,201.89,
9330,2025-07-24 18:00:00+00:00,228.82,
9331,2025-07-24 19:00:00+00:00,166.1,
9332,2025-07-24 20:00:00+00:00,,
9333,2025-07-24 21:00:00+00:00,,
9334,2025-07-24 22:00:00+00:00,,
9335,2025-07-24 23:00:00+00:00,,
9336,2025-07-25 00:00:00+00:00,,
9337,2025-07-25 01:00:00+00:00,,
9338,2025-07-25 02:00:00+00:00,,
9339,2025-07-25 03:00:00+00:00,,
9340,2025-07-25 04:00:00+00:00,,
9341,2025-07-25 05:00:00+00:00,,
9342,2025-07-25 06:00:00+00:00,111.18,
9343,2025-07-25 07:00:00+00:00,,
9344,2025-07-25 08:00:00+00:00,99.01,
9345,2025-07-25 09:00:00+00:00,,
9346,2025-07-25 10:00:00+00:00,,
9347,2025-07-25 11:00:00+00:00,,
9348,2025-07-25 12:00:00+00:00,,
9349,2025-07-25 13:00:00+00:00,,
9350,2025-07-25 14:00:00+00:00,,
9351,2025-07-25 15:00:00+00:00,,
9352,2025-07-25 16:00:00+00:00,,
9353,2025-07-25 17:00:00+00:00,195.59,
9354,2025-07-25 18:00:00+00:00,224.09,
9355,2025-07-25 19:00:00+00:00,171.06,
9356,2025-07-25 20:00:00+00:00,,
9357,2025-07-25 21:00:00+00:00,,
9358,2025-07-25 22:00:00+00:00,,
9359,2025-07-25 23:00:00+00:00,,
9360,2025-07-26 00:00:00+00:00,,
9361,2025-07-26 01:00:00+00:00,,
9362,2025-07-26 02:00:00+00:00,106.21,
9363,2025-07-26 03:00:00+00:00,,
9364,2025-07-26 04:00:00+00:00,,
9365,2025-07-26 05:00:00+00:00,,
9366,2025-07-26 06:00:00+00:00,100.73,
9367,2025-07-26 07:00:00+00:00,,
9368,2025-07-26 08:00:00+00:00,80.5,
9369,2025-07-26 09:00:00+00:00,,
9370,2025-07-26 10:00:00+00:00,,
9371,2025-07-26 11:00:00+00:00,47.0,
9372,2025-07-26 12:00:00+00:00,53.07,
9373,2025-07-26 13:00:00+00:00,,
9374,2025-07-26 14:00:00+00:00,,
9375,2025-07-26 15:00:00+00:00,122.21,
9376,2025-07-26 16:00:00+00:00,,
9377,2025-07-26 17:00:00+00:00,,
9378,2025-07-26 18:00:00+00:00,150.84,
9379,2025-07-26 19:00:00+00:00,143.68,
9380,2025-07-26 20:00:00+00:00,,
9381,2025-07-26 21:00:00+00:00,,
9382,2025-07-26 22:00:00+00:00,,
9383,2025-07-26 23:00:00+00:00,,
9384,2025-07-27 00:00:00+00:00,,
9385,2025-07-27 01:00:00+00:00,89.85,
9386,2025-07-27 02:00:00+00:00,,
9387,2025-07-27 03:00:00+00:00,,
9388,2025-07-27 04:00:00+00:00,,
9389,2025-07-27 05:00:00+00:00,,
9390,2025-07-27 06:00:00+00:00,,
9391,2025-07-27 07:00:00+00:00,95.37,
9392,2025-07-27 08:00:00+00:00,,
9393,2025-07-27 09:00:00+00:00,,
9394,2025-07-27 10:00:00+00:00,,
9395,2025-07-27 11:00:00+00:00,96.27,
9396,2025-07-27 12:00:00+00:00,,
9397,2025-07-27 13:00:00+00:00,,
9398,2025-07-27 14:00:00+00:00,111.75,
9399,2025-07-27 15:00:00+00:00,,
9400,2025-07-27 16:00:00+00:00,,
9401,2025-07-27 17:00:00+00:00,,
9402,2025-07-27 18:00:00+00:00,129.97,
9403,2025-07-27 19:00:00+00:00,,
9404,2025-07-27 20:00:00+00:00,,
9405,2025-07-27 21:00:00+00:00,,
9406,2025-07-27 22:00:00+00:00,,
9407,2025-07-27 23:00:00+00:00,,
9408,2025-07-28 00:00:00+00:00,92.06,
9409,2025-07-28 01:00:00+00:00,,
9410,2025-07-28 02:00:00+00:00,,
9411,2025-07-28 03:00:00+00:00,,
9412,2025-07-28 04:00:00+00:00,,
9413,2025-07-28 05:00:00+00:00,,
9414,2025-07-28 06:00:00+00:00,118.56,
9415,2025-07-28 07:00:00+00:00,129.09,
9416,2025-07-28 08:00:00+00:00,106.38,
9417,2025-07-28 09:00:00+00:00,,
9418,2025-07-28 10:00:00+00:00,,
9419,2025-07-28 11:00:00+00:00,84.54,
9420,2025-07-28 12:00:00+00:00,,
9421,2025-07-28 13:00:00+00:00,,
9422,2025-07-28 14:00:00+00:00,83.2,
9423,2025-07-28 15:00:00+00:00,,
9424,2025-07-28 16:00:00+00:00,,
9425,2025-07-28 17:00:00+00:00,,
9426,2025-07-28 18:00:00+00:00,134.94,
9427,2025-07-28 19:00:00+00:00,129.03,
9428,2025-07-28 20:00:00+00:00,110.25,
9429,2025-07-28 21:00:00+00:00,,
9430,2025-07-28 22:00:00+00:00,,
9431,2025-07-28 23:00:00+00:00,,
9432,2025-07-29 00:00:00+00:00,84.46,
9433,2025-07-29 01:00:00+00:00,83.79,
9434,2025-07-29 02:00:00+00:00,,
9435,2025-07-29 03:00:00+00:00,95.18,
9436,2025-07-29 04:00:00+00:00,,
9437,2025-07-29 05:00:00+00:00,,
9438,2025-07-29 06:00:00+00:00,,
9439,2025-07-29 07:00:00+00:00,,
9440,2025-07-29 08:00:00+00:00,,
9441,2025-07-29 09:00:00+00:00,53.93,
9442,2025-07-29 10:00:00+00:00,23.48,
9443,2025-07-29 11:00:00+00:00,7.48,
9444,2025-07-29 12:00:00+00:00,13.59,
9445,2025-07-29 13:00:00+00:00,24.68,
9446,2025-07-29 14:00:00+00:00,70.67,
9447,2025-07-29 15:00:00+00:00,,
9448,2025-07-29 16:00:00+00:00,,
9449,2025-07-29 17:00:00+00:00,,
9450,2025-07-29 18:00:00+00:00,190.44,
9451,2025-07-29 19:00:00+00:00,,
9452,2025-07-29 20:00:00+00:00,115.47,
9453,2025-07-29 21:00:00+00:00,,
9454,2025-07-29 22:00:00+00:00,,
9455,2025-07-29 23:00:00+00:00,,
9456,2025-07-30 00:00:00+00:00,,
9457,2025-07-30 01:00:00+00:00,,
9458,2025-07-30 02:00:00+00:00,,
9459,2025-07-30 03:00:00+00:00,96.75,
9460,2025-07-30 04:00:00+00:00,,
9461,2025-07-30 05:00:00+00:00,99.34,
9462,2025-07-30 06:00:00+00:00,,
9463,2025-07-30 07:00:00+00:00,73.82,
9464,2025-07-30 08:00:00+00:00,58.59,
9465,2025-07-30 09:00:00+00:00,40.44,
9466,2025-07-30 10:00:00+00:00,24.79,
9467,2025-07-30 11:00:00+00:00,17.69,
9468,2025-07-30 12:00:00+00:00,46.74,
9469,2025-07-30 13:00:00+00:00,42.96,
9470,2025-07-30 14:00:00+00:00,59.58,
9471,2025-07-30 15:00:00+00:00,82.28,
9472,2025-07-30 16:00:00+00:00,,
9473,2025-07-30 17:00:00+00:00,,
9474,2025-07-30 18:00:00+00:00,192.39,
9475,2025-07-30 19:00:00+00:00,,
9476,2025-07-30 20:00:00+00:00,116.2,
9477,2025-07-30 21:00:00+00:00,,
9478,2025-07-30 22:00:00+00:00,,
9479,2025-07-30 23:00:00+00:00,,
9480,2025-07-31 00:00:00+00:00,,
9481,2025-07-31 01:00:00+00:00,,
9482,2025-07-31 02:00:00+00:00,,
9483,2025-07-31 03:00:00+00:00,,
9484,2025-07-31 04:00:00+00:00,108.1,
9485,2025-07-31 05:00:00+00:00,,
9486,2025-07-31 06:00:00+00:00,,
9487,2025-07-31 07:00:00+00:00,,
9488,2025-07-31 08:00:00+00:00,,
9489,2025-07-31 09:00:00+00:00,,
9490,2025-07-31 10:00:00+00:00,62.18,
9491,2025-07-31 11:00:00+00:00,60.5,
9492,2025-07-31 12:00:00+00:00,,
9493,2025-07-31 13:00:00+00:00,,
9494,2025-07-31 14:00:00+00:00,,
9495,2025-07-31 15:00:00+00:00,,
9496,2025-07-31 16:00:00+00:00,,
9497,2025-07-31 17:00:00+00:00,136.97,
9498,2025-07-31 18:00:00+00:00,155.51,
9499,2025-07-31 19:00:00+00:00,134.0,
9500,2025-07-31 20:00:00+00:00,123.64,
9501,2025-07-31 21:00:00+00:00,,
9502,2025-07-31 22:00:00+00:00,,
9503,2025-07-31 23:00:00+00:00,98.71,
9504,2025-08-01 00:00:00+00:00,92.01,
9505,2025-08-01 01:00:00+00:00,,
9506,2025-08-01 02:00:00+00:00,94.26,
9507,2025-08-01 03:00:00+00:00,,
9508,2025-08-01 04:00:00+00:00,,
9509,2025-08-01 05:00:00+00:00,,
9510,2025-08-01 06:00:00+00:00,,
9511,2025-08-01 07:00:00+00:00,,
9512,2025-08-01 08:00:00+00:00,78.2,
9513,2025-08-01 09:00:00+00:00,,
9514,2025-08-01 10:00:00+00:00,,
9515,2025-08-01 11:00:00+00:00,,
9516,2025-08-01 12:00:00+00:00,,
9517,2025-08-01 13:00:00+00:00,,
9518,2025-08-01 14:00:00+00:00,,
9519,2025-08-01 15:00:00+00:00,,
9520,2025-08-01 16:00:00+00:00,117.13,
9521,2025-08-01 17:00:00+00:00,144.64,
9522,2025-08-01 18:00:00+00:00,153.66,
9523,2025-08-01 19:00:00+00:00,142.84,
9524,2025-08-01 20:00:00+00:00,117.39,
9525,2025-08-01 21:00:00+00:00,,
9526,2025-08-01 22:00:00+00:00,106.8,
9527,2025-08-01 23:00:00+00:00,,
9528,2025-08-02 00:00:00+00:00,,
9529,2025-08-02 01:00:00+00:00,,
9530,2025-08-02 02:00:00+00:00,,
9531,2025-08-02 03:00:00+00:00,,
9532,2025-08-02 04:00:00+00:00,,
9533,2025-08-02 05:00:00+00:00,,
9534,2025-08-02 06:00:00+00:00,,
9535,2025-08-02 07:00:00+00:00,61.77,
9536,2025-08-02 08:00:00+00:00,31.62,
9537,2025-08-02 09:00:00+00:00,5.68,
9538,2025-08-02 10:00:00+00:00,,
9539,2025-08-02 11:00:00+00:00,,
9540,2025-08-02 12:00:00+00:00,,
9541,2025-08-02 13:00:00+00:00,81.27,
9542,2025-08-02 14:00:00+00:00,101.43,
9543,2025-08-02 15:00:00+00:00,,
9544,2025-08-02 16:00:00+00:00,,
9545,2025-08-02 17:00:00+00:00,125.91,
9546,2025-08-02 18:00:00+00:00,,
9547,2025-08-02 19:00:00+00:00,,
9548,2025-08-02 20:00:00+00:00,109.08,
9549,2025-08-02 21:00:00+00:00,,
9550,2025-08-02 22:00:00+00:00,,
9551,2025-08-02 23:00:00+00:00,,
9552,2025-08-03 00:00:00+00:00,,
9553,2025-08-03 01:00:00+00:00,,
9554,2025-08-03 02:00:00+00:00,,
9555,2025-08-03 03:00:00+00:00,,
9556,2025-08-03 04:00:00+00:00,,
9557,2025-08-03 05:00:00+00:00,,
9558,2025-08-03 06:00:00+00:00,,
9559,2025-08-03 07:00:00+00:00,,
9560,2025-08-03 08:00:00+00:00,,
9561,2025-08-03 09:00:00+00:00,53.04,
9562,2025-08-03 10:00:00+00:00,,
9563,2025-08-03 11:00:00+00:00,,
9564,2025-08-03 12:00:00+00:00,,
9565,2025-08-03 13:00:00+00:00,,
9566,2025-08-03 14:00:00+00:00,89.71,
9567,2025-08-03 15:00:00+00:00,,
9568,2025-08-03 16:00:00+00:00,86.49,
9569,2025-08-03 17:00:00+00:00,,
9570,2025-08-03 18:00:00+00:00,114.43,
9571,2025-08-03 19:00:00+00:00,105.22,
9572,2025-08-03 20:00:00+00:00,,
9573,2025-08-03 21:00:00+00:00,,
9574,2025-08-03 22:00:00+00:00,,
9575,2025-08-03 23:00:00+00:00,,
9576,2025-08-04 00:00:00+00:00,70.18,
9577,2025-08-04 01:00:00+00:00,,
9578,2025-08-04 02:00:00+00:00,75.7,
9579,2025-08-04 03:00:00+00:00,,
9580,2025-08-04 04:00:00+00:00,,
9581,2025-08-04 05:00:00+00:00,102.46,
9582,2025-08-04 06:00:00+00:00,99.27,
9583,2025-08-04 07:00:00+00:00,,
9584,2025-08-04 08:00:00+00:00,,
9585,2025-08-04 09:00:00+00:00,80.67,
9586,2025-08-04 10:00:00+00:00,,
9587,2025-08-04 11:00:00+00:00,,
9588,2025-08-04 12:00:00+00:00,,
9589,2025-08-04 13:00:00+00:00,,
9590,2025-08-04 14:00:00+00:00,,
9591,2025-08-04 15:00:00+00:00,,
9592,2025-08-04 16:00:00+00:00,,
9593,2025-08-04 17:00:00+00:00,163.8,
9594,2025-08-04 18:00:00+00:00,189.6,
9595,2025-08-04 19:00:00+00:00,,
9596,2025-08-04 20:00:00+00:00,,
9597,2025-08-04 21:00:00+00:00,,
9598,2025-08-04 22:00:00+00:00,,
9599,2025-08-04 23:00:00+00:00,,
9600,2025-08-05 00:00:00+00:00,,
9601,2025-08-05 01:00:00+00:00,,
9602,2025-08-05 02:00:00+00:00,,
9603,2025-08-05 03:00:00+00:00,,
9604,2025-08-05 04:00:00+00:00,,
9605,2025-08-05 05:00:00+00:00,,
9606,2025-08-05 06:00:00+00:00,,
9607,2025-08-05 07:00:00+00:00,,
9608,2025-08-05 08:00:00+00:00,64.16,
9609,2025-08-05 09:00:00+00:00,39.59,
9610,2025-08-05 10:00:00+00:00,,
9611,2025-08-05 11:00:00+00:00,,
9612,2025-08-05 12:00:00+00:00,,
9613,2025-08-05 13:00:00+00:00,95.31,
9614,2025-08-05 14:00:00+00:00,,
9615,2025-08-05 15:00:00+00:00,111.77,
9616,2025-08-05 16:00:00+00:00,,
9617,2025-08-05 17:00:00+00:00,165.21,
9618,2025-08-05 18:00:00+00:00,170.26,
9619,2025-08-05 19:00:00+00:00,115.6,
9620,2025-08-05 20:00:00+00:00,,
9621,2025-08-05 21:00:00+00:00,,
9622,2025-08-05 22:00:00+00:00,,
9623,2025-08-05 23:00:00+00:00,,
9624,2025-08-06 00:00:00+00:00,,
9625,2025-08-06 01:00:00+00:00,,
9626,2025-08-06 02:00:00+00:00,,
9627,2025-08-06 03:00:00+00:00,,
9628,2025-08-06 04:00:00+00:00,115.49,
9629,2025-08-06 05:00:00+00:00,,
9630,2025-08-06 06:00:00+00:00,,
9631,2025-08-06 07:00:00+00:00,27.75,
9632,2025-08-06 08:00:00+00:00,,
9633,2025-08-06 09:00:00+00:00,-0.69,
9634,2025-08-06 10:00:00+00:00,-2.45,
9635,2025-08-06 11:00:00+00:00,-4.38,
9636,2025-08-06 12:00:00+00:00,-1.94,
9637,2025-08-06 13:00:00+00:00,9.82,
9638,2025-08-06 14:00:00+00:00,22.53,
9639,2025-08-06 15:00:00+00:00,,
9640,2025-08-06 16:00:00+00:00,,
9641,2025-08-06 17:00:00+00:00,,
9642,2025-08-06 18:00:00+00:00,175.88,
9643,2025-08-06 19:00:00+00:00,157.78,
9644,2025-08-06 20:00:00+00:00,,
9645,2025-08-06 21:00:00+00:00,101.71,
9646,2025-08-06 22:00:00+00:00,,
9647,2025-08-06 23:00:00+00:00,,
9648,2025-08-07 00:00:00+00:00,,
9649,2025-08-07 01:00:00+00:00,,
9650,2025-08-07 02:00:00+00:00,92.81,
9651,2025-08-07 03:00:00+00:00,,
9652,2025-08-07 04:00:00+00:00,,
9653,2025-08-07 05:00:00+00:00,106.26,
9654,2025-08-07 06:00:00+00:00,,
9655,2025-08-07 07:00:00+00:00,52.54,
9656,2025-08-07 08:00:00+00:00,7.23,
9657,2025-08-07 09:00:00+00:00,,
9658,2025-08-07 10:00:00+00:00,,
9659,2025-08-07 11:00:00+00:00,-2.61,
9660,2025-08-07 12:00:00+00:00,,
9661,2025-08-07 13:00:00+00:00,65.01,
9662,2025-08-07 14:00:00+00:00,,
9663,2025-08-07 15:00:00+00:00,,
9664,2025-08-07 16:00:00+00:00,,
9665,2025-08-07 17:00:00+00:00,139.74,
9666,2025-08-07 18:00:00+00:00,,
9667,2025-08-07 19:00:00+00:00,129.04,
9668,2025-08-07 20:00:00+00:00,,
9669,2025-08-07 21:00:00+00:00,,
9670,2025-08-07 22:00:00+00:00,,
9671,2025-08-07 23:00:00+00:00,,
9672,2025-08-08 00:00:00+00:00,,
9673,2025-08-08 01:00:00+00:00,,
9674,2025-08-08 02:00:00+00:00,,
9675,2025-08-08 03:00:00+00:00,,
9676,2025-08-08 04:00:00+00:00,,
9677,2025-08-08 05:00:00+00:00,,
9678,2025-08-08 06:00:00+00:00,,
9679,2025-08-08 07:00:00+00:00,,
9680,2025-08-08 08:00:00+00:00,,
9681,2025-08-08 09:00:00+00:00,,
9682,2025-08-08 10:00:00+00:00,,
9683,2025-08-08 11:00:00+00:00,46.8,
9684,2025-08-08 12:00:00+00:00,,
9685,2025-08-08 13:00:00+00:00,64.47,
9686,2025-08-08 14:00:00+00:00,84.83,
9687,2025-08-08 15:00:00+00:00,,
9688,2025-08-08 16:00:00+00:00,114.15,
9689,2025-08-08 17:00:00+00:00,150.16,
9690,2025-08-08 18:00:00+00:00,,
9691,2025-08-08 19:00:00+00:00,159.51,
9692,2025-08-08 20:00:00+00:00,123.86,
9693,2025-08-08 21:00:00+00:00,,
9694,2025-08-08 22:00:00+00:00,,
9695,2025-08-08 23:00:00+00:00,,
9696,2025-08-09 00:00:00+00:00,,
9697,2025-08-09 01:00:00+00:00,,
9698,2025-08-09 02:00:00+00:00,,
9699,2025-08-09 03:00:00+00:00,,
9700,2025-08-09 04:00:00+00:00,99.73,
9701,2025-08-09 05:00:00+00:00,,
9702,2025-08-09 06:00:00+00:00,,
9703,2025-08-09 07:00:00+00:00,23.49,
9704,2025-08-09 08:00:00+00:00,,
9705,2025-08-09 09:00:00+00:00,,
9706,2025-08-09 10:00:00+00:00,-8.37,
9707,2025-08-09 11:00:00+00:00,-15.96,
9708,2025-08-09 12:00:00+00:00,-15.36,
9709,2025-08-09 13:00:00+00:00,-3.48,
9710,2025-08-09 14:00:00+00:00,,
9711,2025-08-09 15:00:00+00:00,,
9712,2025-08-09 16:00:00+00:00,,
9713,2025-08-09 17:00:00+00:00,137.27,
9714,2025-08-09 18:00:00+00:00,146.34,
9715,2025-08-09 19:00:00+00:00,124.92,
9716,2025-08-09 20:00:00+00:00,111.56,
9717,2025-08-09 21:00:00+00:00,,
9718,2025-08-09 22:00:00+00:00,,
9719,2025-08-09 23:00:00+00:00,83.67,
9720,2025-08-10 00:00:00+00:00,,
9721,2025-08-10 01:00:00+00:00,,
9722,2025-08-10 02:00:00+00:00,,
9723,2025-08-10 03:00:00+00:00,,
9724,2025-08-10 04:00:00+00:00,,
9725,2025-08-10 05:00:00+00:00,,
9726,2025-08-10 06:00:00+00:00,26.38,
9727,2025-08-10 07:00:00+00:00,,
9728,2025-08-10 08:00:00+00:00,-3.29,
9729,2025-08-10 09:00:00+00:00,-15.6,
9730,2025-08-10 10:00:00+00:00,-39.44,
9731,2025-08-10 11:00:00+00:00,-61.52,
9732,2025-08-10 12:00:00+00:00,-52.63,
9733,2025-08-10 13:00:00+00:00,-21.12,
9734,2025-08-10 14:00:00+00:00,-2.48,
9735,2025-08-10 15:00:00+00:00,0.61,
9736,2025-08-10 16:00:00+00:00,,
9737,2025-08-10 17:00:00+00:00,,
9738,2025-08-10 18:00:00+00:00,125.83,
9739,2025-08-10 19:00:00+00:00,,
9740,2025-08-10 20:00:00+00:00,,
9741,2025-08-10 21:00:00+00:00,,
9742,2025-08-10 22:00:00+00:00,,
9743,2025-08-10 23:00:00+00:00,,
9744,2025-08-11 00:00:00+00:00,,
9745,2025-08-11 01:00:00+00:00,86.5,
9746,2025-08-11 02:00:00+00:00,,
9747,2025-08-11 03:00:00+00:00,,
9748,2025-08-11 04:00:00+00:00,133.21,
9749,2025-08-11 05:00:00+00:00,132.94,
9750,2025-08-11 06:00:00+00:00,,
9751,2025-08-11 07:00:00+00:00,61.34,
9752,2025-08-11 08:00:00+00:00,24.31,
9753,2025-08-11 09:00:00+00:00,2.54,
9754,2025-08-11 10:00:00+00:00,,
9755,2025-08-11 11:00:00+00:00,,
9756,2025-08-11 12:00:00+00:00,,
9757,2025-08-11 13:00:00+00:00,10.44,
9758,2025-08-11 14:00:00+00:00,70.84,
9759,2025-08-11 15:00:00+00:00,,
9760,2025-08-11 16:00:00+00:00,,
9761,2025-08-11 17:00:00+00:00,186.35,
9762,2025-08-11 18:00:00+00:00,258.49,
9763,2025-08-11 19:00:00+00:00,,
9764,2025-08-11 20:00:00+00:00,,
9765,2025-08-11 21:00:00+00:00,,
9766,2025-08-11 22:00:00+00:00,,
9767,2025-08-11 23:00:00+00:00,,
9768,2025-08-12 00:00:00+00:00,85.41,
9769,2025-08-12 01:00:00+00:00,,
9770,2025-08-12 02:00:00+00:00,,
9771,2025-08-12 03:00:00+00:00,,
9772,2025-08-12 04:00:00+00:00,,
9773,2025-08-12 05:00:00+00:00,105.36,
9774,2025-08-12 06:00:00+00:00,,
9775,2025-08-12 07:00:00+00:00,,
9776,2025-08-12 08:00:00+00:00,42.23,
9777,2025-08-12 09:00:00+00:00,24.37,
9778,2025-08-12 10:00:00+00:00,8.38,
9779,2025-08-12 11:00:00+00:00,,
9780,2025-08-12 12:00:00+00:00,5.15,
9781,2025-08-12 13:00:00+00:00,,
9782,2025-08-12 14:00:00+00:00,,
9783,2025-08-12 15:00:00+00:00,,
9784,2025-08-12 16:00:00+00:00,,
9785,2025-08-12 17:00:00+00:00,222.15,
9786,2025-08-12 18:00:00+00:00,294.17,
9787,2025-08-12 19:00:00+00:00,157.56,
9788,2025-08-12 20:00:00+00:00,114.27,
9789,2025-08-12 21:00:00+00:00,,
9790,2025-08-12 22:00:00+00:00,,
9791,2025-08-12 23:00:00+00:00,,
9792,2025-08-13 00:00:00+00:00,,
9793,2025-08-13 01:00:00+00:00,,
9794,2025-08-13 02:00:00+00:00,,
9795,2025-08-13 03:00:00+00:00,,
9796,2025-08-13 04:00:00+00:00,,
9797,2025-08-13 05:00:00+00:00,107.88,
9798,2025-08-13 06:00:00+00:00,,
9799,2025-08-13 07:00:00+00:00,,
9800,2025-08-13 08:00:00+00:00,47.12,
9801,2025-08-13 09:00:00+00:00,40.32,
9802,2025-08-13 10:00:00+00:00,23.64,
9803,2025-08-13 11:00:00+00:00,18.48,
9804,2025-08-13 12:00:00+00:00,,
9805,2025-08-13 13:00:00+00:00,,
9806,2025-08-13 14:00:00+00:00,,
9807,2025-08-13 15:00:00+00:00,,
9808,2025-08-13 16:00:00+00:00,138.44,
9809,2025-08-13 17:00:00+00:00,227.6,
9810,2025-08-13 18:00:00+00:00,260.92,
9811,2025-08-13 19:00:00+00:00,154.87,
9812,2025-08-13 20:00:00+00:00,,
9813,2025-08-13 21:00:00+00:00,,
9814,2025-08-13 22:00:00+00:00,,
9815,2025-08-13 23:00:00+00:00,,
9816,2025-08-14 00:00:00+00:00,,
9817,2025-08-14 01:00:00+00:00,,
9818,2025-08-14 02:00:00+00:00,,
9819,2025-08-14 03:00:00+00:00,98.57,
9820,2025-08-14 04:00:00+00:00,,
9821,2025-08-14 05:00:00+00:00,110.45,
9822,2025-08-14 06:00:00+00:00,,
9823,2025-08-14 07:00:00+00:00,,
9824,2025-08-14 08:00:00+00:00,,
9825,2025-08-14 09:00:00+00:00,,
9826,2025-08-14 10:00:00+00:00,52.83,
9827,2025-08-14 11:00:00+00:00,41.58,
9828,2025-08-14 12:00:00+00:00,54.9,
9829,2025-08-14 13:00:00+00:00,,
9830,2025-08-14 14:00:00+00:00,,
9831,2025-08-14 15:00:00+00:00,,
9832,2025-08-14 16:00:00+00:00,152.46,
9833,2025-08-14 17:00:00+00:00,250.08,
9834,2025-08-14 18:00:00+00:00,285.27,
9835,2025-08-14 19:00:00+00:00,,
9836,2025-08-14 20:00:00+00:00,,
9837,2025-08-14 21:00:00+00:00,,
9838,2025-08-14 22:00:00+00:00,,
9839,2025-08-14 23:00:00+00:00,,
9840,2025-08-15 00:00:00+00:00,,
9841,2025-08-15 01:00:00+00:00,,
9842,2025-08-15 02:00:00+00:00,,
9843,2025-08-15 03:00:00+00:00,,
9844,2025-08-15 04:00:00+00:00,,
9845,2025-08-15 05:00:00+00:00,,
9846,2025-08-15 06:00:00+00:00,,
9847,2025-08-15 07:00:00+00:00,,
9848,2025-08-15 08:00:00+00:00,32.01,
9849,2025-08-15 09:00:00+00:00,,
9850,2025-08-15 10:00:00+00:00,,
9851,2025-08-15 11:00:00+00:00,,
9852,2025-08-15 12:00:00+00:00,,
9853,2025-08-15 13:00:00+00:00,1.7,
9854,2025-08-15 14:00:00+00:00,25.94,
9855,2025-08-15 15:00:00+00:00,,
9856,2025-08-15 16:00:00+00:00,,
9857,2025-08-15 17:00:00+00:00,122.78,
9858,2025-08-15 18:00:00+00:00,,
9859,2025-08-15 19:00:00+00:00,,
9860,2025-08-15 20:00:00+00:00,,
9861,2025-08-15 21:00:00+00:00,,
9862,2025-08-15 22:00:00+00:00,,
9863,2025-08-15 23:00:00+00:00,,
9864,2025-08-16 00:00:00+00:00,,
9865,2025-08-16 01:00:00+00:00,,
9866,2025-08-16 02:00:00+00:00,86.24,
9867,2025-08-16 03:00:00+00:00,,
9868,2025-08-16 04:00:00+00:00,,
9869,2025-08-16 05:00:00+00:00,,
9870,2025-08-16 06:00:00+00:00,,
9871,2025-08-16 07:00:00+00:00,66.63,
9872,2025-08-16 08:00:00+00:00,25.42,
9873,2025-08-16 09:00:00+00:00,3.8,
9874,2025-08-16 10:00:00+00:00,,
9875,2025-08-16 11:00:00+00:00,,
9876,2025-08-16 12:00:00+00:00,,
9877,2025-08-16 13:00:00+00:00,,
9878,2025-08-16 14:00:00+00:00,-5.51,
9879,2025-08-16 15:00:00+00:00,,
9880,2025-08-16 16:00:00+00:00,81.75,
9881,2025-08-16 17:00:00+00:00,105.03,
9882,2025-08-16 18:00:00+00:00,,
9883,2025-08-16 19:00:00+00:00,,
9884,2025-08-16 20:00:00+00:00,,
9885,2025-08-16 21:00:00+00:00,,
9886,2025-08-16 22:00:00+00:00,,
9887,2025-08-16 23:00:00+00:00,,
9888,2025-08-17 00:00:00+00:00,,
9889,2025-08-17 01:00:00+00:00,,
9890,2025-08-17 02:00:00+00:00,,
9891,2025-08-17 03:00:00+00:00,,
9892,2025-08-17 04:00:00+00:00,88.93,
9893,2025-08-17 05:00:00+00:00,,
9894,2025-08-17 06:00:00+00:00,,
9895,2025-08-17 07:00:00+00:00,27.65,
9896,2025-08-17 08:00:00+00:00,4.79,
9897,2025-08-17 09:00:00+00:00,,
9898,2025-08-17 10:00:00+00:00,-0.11,
9899,2025-08-17 11:00:00+00:00,,
9900,2025-08-17 12:00:00+00:00,,
9901,2025-08-17 13:00:00+00:00,,
9902,2025-08-17 14:00:00+00:00,10.17,
9903,2025-08-17 15:00:00+00:00,,
9904,2025-08-17 16:00:00+00:00,110.38,
9905,2025-08-17 17:00:00+00:00,,
9906,2025-08-17 18:00:00+00:00,,
9907,2025-08-17 19:00:00+00:00,,
9908,2025-08-17 20:00:00+00:00,,
9909,2025-08-17 21:00:00+00:00,,
9910,2025-08-17 22:00:00+00:00,,
9911,2025-08-17 23:00:00+00:00,,
9912,2025-08-18 00:00:00+00:00,,
9913,2025-08-18 01:00:00+00:00,,
9914,2025-08-18 02:00:00+00:00,88.41,
9915,2025-08-18 03:00:00+00:00,,
9916,2025-08-18 04:00:00+00:00,,
9917,2025-08-18 05:00:00+00:00,130.78,
9918,2025-08-18 06:00:00+00:00,,
9919,2025-08-18 07:00:00+00:00,,
9920,2025-08-18 08:00:00+00:00,,
9921,2025-08-18 09:00:00+00:00,,
9922,2025-08-18 10:00:00+00:00,,
9923,2025-08-18 11:00:00+00:00,91.44,
9924,2025-08-18 12:00:00+00:00,,
9925,2025-08-18 13:00:00+00:00,,
9926,2025-08-18 14:00:00+00:00,,
9927,2025-08-18 15:00:00+00:00,,
9928,2025-08-18 16:00:00+00:00,,
9929,2025-08-18 17:00:00+00:00,193.25,
9930,2025-08-18 18:00:00+00:00,242.75,
9931,2025-08-18 19:00:00+00:00,,
9932,2025-08-18 20:00:00+00:00,,
9933,2025-08-18 21:00:00+00:00,,
9934,2025-08-18 22:00:00+00:00,,
9935,2025-08-18 23:00:00+00:00,,
9936,2025-08-19 00:00:00+00:00,,
9937,2025-08-19 01:00:00+00:00,,
9938,2025-08-19 02:00:00+00:00,,
9939,2025-08-19 03:00:00+00:00,,
9940,2025-08-19 04:00:00+00:00,111.02,
9941,2025-08-19 05:00:00+00:00,109.72,
9942,2025-08-19 06:00:00+00:00,,
9943,2025-08-19 07:00:00+00:00,,
9944,2025-08-19 08:00:00+00:00,69.64,
9945,2025-08-19 09:00:00+00:00,,
9946,2025-08-19 10:00:00+00:00,25.5,
9947,2025-08-19 11:00:00+00:00,49.98,
9948,2025-08-19 12:00:00+00:00,,
9949,2025-08-19 13:00:00+00:00,,
9950,2025-08-19 14:00:00+00:00,,
9951,2025-08-19 15:00:00+00:00,,
9952,2025-08-19 16:00:00+00:00,,
9953,2025-08-19 17:00:00+00:00,221.02,
9954,2025-08-19 18:00:00+00:00,239.22,
9955,2025-08-19 19:00:00+00:00,,
9956,2025-08-19 20:00:00+00:00,,
9957,2025-08-19 21:00:00+00:00,,
9958,2025-08-19 22:00:00+00:00,,
9959,2025-08-19 23:00:00+00:00,,
9960,2025-08-20 00:00:00+00:00,,
9961,2025-08-20 01:00:00+00:00,,
9962,2025-08-20 02:00:00+00:00,,
9963,2025-08-20 03:00:00+00:00,,
9964,2025-08-20 04:00:00+00:00,109.46,
9965,2025-08-20 05:00:00+00:00,,
9966,2025-08-20 06:00:00+00:00,,
9967,2025-08-20 07:00:00+00:00,,
9968,2025-08-20 08:00:00+00:00,77.2,
9969,2025-08-20 09:00:00+00:00,,
9970,2025-08-20 10:00:00+00:00,48.61,
9971,2025-08-20 11:00:00+00:00,,
9972,2025-08-20 12:00:00+00:00,,
9973,2025-08-20 13:00:00+00:00,,
9974,2025-08-20 14:00:00+00:00,,
9975,2025-08-20 15:00:00+00:00,104.03,
9976,2025-08-20 16:00:00+00:00,,
9977,2025-08-20 17:00:00+00:00,136.24,
9978,2025-08-20 18:00:00+00:00,,
9979,2025-08-20 19:00:00+00:00,,
9980,2025-08-20 20:00:00+00:00,,
9981,2025-08-20 21:00:00+00:00,,
9982,2025-08-20 22:00:00+00:00,,
9983,2025-08-20 23:00:00+00:00,,
9984,2025-08-21 00:00:00+00:00,,
9985,2025-08-21 01:00:00+00:00,,
9986,2025-08-21 02:00:00+00:00,,
9987,2025-08-21 03:00:00+00:00,,
9988,2025-08-21 04:00:00+00:00,,
9989,2025-08-21 05:00:00+00:00,115.84,
9990,2025-08-21 06:00:00+00:00,,
9991,2025-08-21 07:00:00+00:00,,
9992,2025-08-21 08:00:00+00:00,,
9993,2025-08-21 09:00:00+00:00,,
9994,2025-08-21 10:00:00+00:00,71.47,
9995,2025-08-21 11:00:00+00:00,,
9996,2025-08-21 12:00:00+00:00,,
9997,2025-08-21 13:00:00+00:00,,
9998,2025-08-21 14:00:00+00:00,,
9999,2025-08-21 15:00:00+00:00,,
10000,2025-08-21 16:00:00+00:00,,
10001,2025-08-21 17:00:00+00:00,,
10002,2025-08-21 18:00:00+00:00,179.88,
10003,2025-08-21 19:00:00+00:00,,
10004,2025-08-21 20:00:00+00:00,,
10005,2025-08-21 21:00:00+00:00,,
10006,2025-08-21 22:00:00+00:00,,
10007,2025-08-21 23:00:00+00:00,,
10008,2025-08-22 00:00:00+00:00,94.25,
10009,2025-08-22 01:00:00+00:00,,
10010,2025-08-22 02:00:00+00:00,94.03,
10011,2025-08-22 03:00:00+00:00,,
10012,2025-08-22 04:00:00+00:00,,
10013,2025-08-22 05:00:00+00:00,,
10014,2025-08-22 06:00:00+00:00,,
10015,2025-08-22 07:00:00+00:00,,
10016,2025-08-22 08:00:00+00:00,,
10017,2025-08-22 09:00:00+00:00,41.21,
10018,2025-08-22 10:00:00+00:00,13.66,
10019,2025-08-22 11:00:00+00:00,3.43,
10020,2025-08-22 12:00:00+00:00,,
10021,2025-08-22 13:00:00+00:00,,
10022,2025-08-22 14:00:00+00:00,54.07,
10023,2025-08-22 15:00:00+00:00,,
10024,2025-08-22 16:00:00+00:00,,
10025,2025-08-22 17:00:00+00:00,105.34,
10026,2025-08-22 18:00:00+00:00,,
10027,2025-08-22 19:00:00+00:00,,
10028,2025-08-22 20:00:00+00:00,,
10029,2025-08-22 21:00:00+00:00,,
10030,2025-08-22 22:00:00+00:00,95.33,
10031,2025-08-22 23:00:00+00:00,,
10032,2025-08-23 00:00:00+00:00,,
10033,2025-08-23 01:00:00+00:00,,
10034,2025-08-23 02:00:00+00:00,,
10035,2025-08-23 03:00:00+00:00,,
10036,2025-08-23 04:00:00+00:00,,
10037,2025-08-23 05:00:00+00:00,,
10038,2025-08-23 06:00:00+00:00,,
10039,2025-08-23 07:00:00+00:00,55.83,
10040,2025-08-23 08:00:00+00:00,11.64,
10041,2025-08-23 09:00:00+00:00,,
10042,2025-08-23 10:00:00+00:00,1.3,
10043,2025-08-23 11:00:00+00:00,,
10044,2025-08-23 12:00:00+00:00,13.79,
10045,2025-08-23 13:00:00+00:00,29.29,
10046,2025-08-23 14:00:00+00:00,,
10047,2025-08-23 15:00:00+00:00,,
10048,2025-08-23 16:00:00+00:00,,
10049,2025-08-23 17:00:00+00:00,,
10050,2025-08-23 18:00:00+00:00,127.43,
10051,2025-08-23 19:00:00+00:00,120.38,
10052,2025-08-23 20:00:00+00:00,,
10053,2025-08-23 21:00:00+00:00,106.61,
10054,2025-08-23 22:00:00+00:00,,
10055,2025-08-23 23:00:00+00:00,,
10056,2025-08-24 00:00:00+00:00,,
10057,2025-08-24 01:00:00+00:00,,
10058,2025-08-24 02:00:00+00:00,91.01,
10059,2025-08-24 03:00:00+00:00,,
10060,2025-08-24 04:00:00+00:00,,
10061,2025-08-24 05:00:00+00:00,,
10062,2025-08-24 06:00:00+00:00,54.61,
10063,2025-08-24 07:00:00+00:00,-2.2,
10064,2025-08-24 08:00:00+00:00,,
10065,2025-08-24 09:00:00+00:00,,
10066,2025-08-24 10:00:00+00:00,,
10067,2025-08-24 11:00:00+00:00,-7.45,
10068,2025-08-24 12:00:00+00:00,-7.4,
10069,2025-08-24 13:00:00+00:00,,
10070,2025-08-24 14:00:00+00:00,,
10071,2025-08-24 15:00:00+00:00,,
10072,2025-08-24 16:00:00+00:00,,
10073,2025-08-24 17:00:00+00:00,,
10074,2025-08-24 18:00:00+00:00,117.25,
10075,2025-08-24 19:00:00+00:00,,
10076,2025-08-24 20:00:00+00:00,,
10077,2025-08-24 21:00:00+00:00,,
10078,2025-08-24 22:00:00+00:00,,
10079,2025-08-24 23:00:00+00:00,,
10080,2025-08-25 00:00:00+00:00,,
10081,2025-08-25 01:00:00+00:00,,
10082,2025-08-25 02:00:00+00:00,,
10083,2025-08-25 03:00:00+00:00,101.96,
10084,2025-08-25 04:00:00+00:00,114.56,
10085,2025-08-25 05:00:00+00:00,123.79,
10086,2025-08-25 06:00:00+00:00,,
10087,2025-08-25 07:00:00+00:00,,
10088,2025-08-25 08:00:00+00:00,,
10089,2025-08-25 09:00:00+00:00,35.02,
10090,2025-08-25 10:00:00+00:00,10.0,
10091,2025-08-25 11:00:00+00:00,5.93,
10092,2025-08-25 12:00:00+00:00,6.78,
10093,2025-08-25 13:00:00+00:00,,
10094,2025-08-25 14:00:00+00:00,,
10095,2025-08-25 15:00:00+00:00,,
10096,2025-08-25 16:00:00+00:00,,
10097,2025-08-25 17:00:00+00:00,157.6,
10098,2025-08-25 18:00:00+00:00,229.13,
10099,2025-08-25 19:00:00+00:00,,
10100,2025-08-25 20:00:00+00:00,,
10101,2025-08-25 21:00:00+00:00,,
10102,2025-08-25 22:00:00+00:00,,
10103,2025-08-25 23:00:00+00:00,,
10104,2025-08-26 00:00:00+00:00,,
10105,2025-08-26 01:00:00+00:00,,
10106,2025-08-26 02:00:00+00:00,,
10107,2025-08-26 03:00:00+00:00,,
10108,2025-08-26 04:00:00+00:00,123.76,
10109,2025-08-26 05:00:00+00:00,123.14,
10110,2025-08-26 06:00:00+00:00,,
10111,2025-08-26 07:00:00+00:00,,
10112,2025-08-26 08:00:00+00:00,,
10113,2025-08-26 09:00:00+00:00,,
10114,2025-08-26 10:00:00+00:00,,
10115,2025-08-26 11:00:00+00:00,,
10116,2025-08-26 12:00:00+00:00,66.65,
10117,2025-08-26 13:00:00+00:00,,
10118,2025-08-26 14:00:00+00:00,,
10119,2025-08-26 15:00:00+00:00,106.84,
10120,2025-08-26 16:00:00+00:00,,
10121,2025-08-26 17:00:00+00:00,194.69,
10122,2025-08-26 18:00:00+00:00,199.46,
10123,2025-08-26 19:00:00+00:00,128.15,
10124,2025-08-26 20:00:00+00:00,,
10125,2025-08-26 21:00:00+00:00,,
10126,2025-08-26 22:00:00+00:00,,
10127,2025-08-26 23:00:00+00:00,,
10128,2025-08-27 00:00:00+00:00,,
10129,2025-08-27 01:00:00+00:00,,
10130,2025-08-27 02:00:00+00:00,,
10131,2025-08-27 03:00:00+00:00,,
10132,2025-08-27 04:00:00+00:00,,
10133,2025-08-27 05:00:00+00:00,115.43,
10134,2025-08-27 06:00:00+00:00,113.64,
10135,2025-08-27 07:00:00+00:00,,
10136,2025-08-27 08:00:00+00:00,,
10137,2025-08-27 09:00:00+00:00,,
10138,2025-08-27 10:00:00+00:00,,
10139,2025-08-27 11:00:00+00:00,,
10140,2025-08-27 12:00:00+00:00,53.69,
10141,2025-08-27 13:00:00+00:00,,
10142,2025-08-27 14:00:00+00:00,,
10143,2025-08-27 15:00:00+00:00,,
10144,2025-08-27 16:00:00+00:00,133.89,
10145,2025-08-27 17:00:00+00:00,219.61,
10146,2025-08-27 18:00:00+00:00,219.33,
10147,2025-08-27 19:00:00+00:00,,
10148,2025-08-27 20:00:00+00:00,,
10149,2025-08-27 21:00:00+00:00,,
10150,2025-08-27 22:00:00+00:00,,
10151,2025-08-27 23:00:00+00:00,,
10152,2025-08-28 00:00:00+00:00,,
10153,2025-08-28 01:00:00+00:00,,
10154,2025-08-28 02:00:00+00:00,,
10155,2025-08-28 03:00:00+00:00,,
10156,2025-08-28 04:00:00+00:00,,
10157,2025-08-28 05:00:00+00:00,137.1,
10158,2025-08-28 06:00:00+00:00,,
10159,2025-08-28 07:00:00+00:00,80.64,
10160,2025-08-28 08:00:00+00:00,63.94,
10161,2025-08-28 09:00:00+00:00,,
10162,2025-08-28 10:00:00+00:00,51.75,
10163,2025-08-28 11:00:00+00:00,48.06,
10164,2025-08-28 12:00:00+00:00,54.39,
10165,2025-08-28 13:00:00+00:00,,
10166,2025-08-28 14:00:00+00:00,,
10167,2025-08-28 15:00:00+00:00,,
10168,2025-08-28 16:00:00+00:00,,
10169,2025-08-28 17:00:00+00:00,192.29,
10170,2025-08-28 18:00:00+00:00,151.56,
10171,2025-08-28 19:00:00+00:00,123.45,
10172,2025-08-28 20:00:00+00:00,,
10173,2025-08-28 21:00:00+00:00,,
10174,2025-08-28 22:00:00+00:00,87.27,
10175,2025-08-28 23:00:00+00:00,,
10176,2025-08-29 00:00:00+00:00,,
10177,2025-08-29 01:00:00+00:00,,
10178,2025-08-29 02:00:00+00:00,,
10179,2025-08-29 03:00:00+00:00,,
10180,2025-08-29 04:00:00+00:00,114.81,
10181,2025-08-29 05:00:00+00:00,119.99,
10182,2025-08-29 06:00:00+00:00,,
10183,2025-08-29 07:00:00+00:00,,
10184,2025-08-29 08:00:00+00:00,,
10185,2025-08-29 09:00:00+00:00,,
10186,2025-08-29 10:00:00+00:00,,
10187,2025-08-29 11:00:00+00:00,,
10188,2025-08-29 12:00:00+00:00,,
10189,2025-08-29 13:00:00+00:00,,
10190,2025-08-29 14:00:00+00:00,,
10191,2025-08-29 15:00:00+00:00,,
10192,2025-08-29 16:00:00+00:00,160.98,
10193,2025-08-29 17:00:00+00:00,175.74,
10194,2025-08-29 18:00:00+00:00,190.97,
10195,2025-08-29 19:00:00+00:00,139.94,
10196,2025-08-29 20:00:00+00:00,108.96,
10197,2025-08-29 21:00:00+00:00,,
10198,2025-08-29 22:00:00+00:00,,
10199,2025-08-29 23:00:00+00:00,,
10200,2025-08-30 00:00:00+00:00,,
10201,2025-08-30 01:00:00+00:00,,
10202,2025-08-30 02:00:00+00:00,,
10203,2025-08-30 03:00:00+00:00,,
10204,2025-08-30 04:00:00+00:00,,
10205,2025-08-30 05:00:00+00:00,,
10206,2025-08-30 06:00:00+00:00,,
10207,2025-08-30 07:00:00+00:00,,
10208,2025-08-30 08:00:00+00:00,,
10209,2025-08-30 09:00:00+00:00,,
10210,2025-08-30 10:00:00+00:00,,
10211,2025-08-30 11:00:00+00:00,,
10212,2025-08-30 12:00:00+00:00,,
10213,2025-08-30 13:00:00+00:00,,
10214,2025-08-30 14:00:00+00:00,,
10215,2025-08-30 15:00:00+00:00,110.24,
10216,2025-08-30 16:00:00+00:00,,
10217,2025-08-30 17:00:00+00:00,129.89,
10218,2025-08-30 18:00:00+00:00,137.44,
10219,2025-08-30 19:00:00+00:00,,
10220,2025-08-30 20:00:00+00:00,,
10221,2025-08-30 21:00:00+00:00,,
10222,2025-08-30 22:00:00+00:00,,
10223,2025-08-30 23:00:00+00:00,,
10224,2025-08-31 00:00:00+00:00,,
10225,2025-08-31 01:00:00+00:00,,
10226,2025-08-31 02:00:00+00:00,,
10227,2025-08-31 03:00:00+00:00,,
10228,2025-08-31 04:00:00+00:00,,
10229,2025-08-31 05:00:00+00:00,,
10230,2025-08-31 06:00:00+00:00,,
10231,2025-08-31 07:00:00+00:00,100.76,
10232,2025-08-31 08:00:00+00:00,,
10233,2025-08-31 09:00:00+00:00,59.35,
10234,2025-08-31 10:00:00+00:00,27.37,
10235,2025-08-31 11:00:00+00:00,,
10236,2025-08-31 12:00:00+00:00,69.78,
10237,2025-08-31 13:00:00+00:00,,
10238,2025-08-31 14:00:00+00:00,,
10239,2025-08-31 15:00:00+00:00,160.96,
10240,2025-08-31 16:00:00+00:00,,
10241,2025-08-31 17:00:00+00:00,,
10242,2025-08-31 18:00:00+00:00,,
10243,2025-08-31 19:00:00+00:00,,
10244,2025-08-31 20:00:00+00:00,,
10245,2025-08-31 21:00:00+00:00,,
10246,2025-08-31 22:00:00+00:00,,
10247,2025-08-31 23:00:00+00:00,,
10248,2025-09-01 00:00:00+00:00,,
10249,2025-09-01 01:00:00+00:00,,
10250,2025-09-01 02:00:00+00:00,,
10251,2025-09-01 03:00:00+00:00,,
10252,2025-09-01 04:00:00+00:00,,
10253,2025-09-01 05:00:00+00:00,134.1,
10254,2025-09-01 06:00:00+00:00,,
10255,2025-09-01 07:00:00+00:00,,
10256,2025-09-01 08:00:00+00:00,,
10257,2025-09-01 09:00:00+00:00,68.93,
10258,2025-09-01 10:00:00+00:00,48.12,
10259,2025-09-01 11:00:00+00:00,56.27,
10260,2025-09-01 12:00:00+00:00,,
10261,2025-09-01 13:00:00+00:00,,
10262,2025-09-01 14:00:00+00:00,,
10263,2025-09-01 15:00:00+00:00,,
10264,2025-09-01 16:00:00+00:00,175.73,
10265,2025-09-01 17:00:00+00:00,243.85,
10266,2025-09-01 18:00:00+00:00,219.1,
10267,2025-09-01 19:00:00+00:00,,
10268,2025-09-01 20:00:00+00:00,111.63,
10269,2025-09-01 21:00:00+00:00,,
10270,2025-09-01 22:00:00+00:00,,
10271,2025-09-01 23:00:00+00:00,,
10272,2025-09-02 00:00:00+00:00,,
10273,2025-09-02 01:00:00+00:00,,
10274,2025-09-02 02:00:00+00:00,,
10275,2025-09-02 03:00:00+00:00,,
10276,2025-09-02 04:00:00+00:00,,
10277,2025-09-02 05:00:00+00:00,152.09,
10278,2025-09-02 06:00:00+00:00,147.99,
10279,2025-09-02 07:00:00+00:00,,
10280,2025-09-02 08:00:00+00:00,,
10281,2025-09-02 09:00:00+00:00,,
10282,2025-09-02 10:00:00+00:00,,
10283,2025-09-02 11:00:00+00:00,,
10284,2025-09-02 12:00:00+00:00,,
10285,2025-09-02 13:00:00+00:00,,
10286,2025-09-02 14:00:00+00:00,,
10287,2025-09-02 15:00:00+00:00,132.52,
10288,2025-09-02 16:00:00+00:00,178.16,
10289,2025-09-02 17:00:00+00:00,304.72,
10290,2025-09-02 18:00:00+00:00,259.78,
10291,2025-09-02 19:00:00+00:00,,
10292,2025-09-02 20:00:00+00:00,109.93,
10293,2025-09-02 21:00:00+00:00,,
10294,2025-09-02 22:00:00+00:00,,
10295,2025-09-02 23:00:00+00:00,,
10296,2025-09-03 00:00:00+00:00,,
10297,2025-09-03 01:00:00+00:00,,
10298,2025-09-03 02:00:00+00:00,100.25,
10299,2025-09-03 03:00:00+00:00,,
10300,2025-09-03 04:00:00+00:00,,
10301,2025-09-03 05:00:00+00:00,,
10302,2025-09-03 06:00:00+00:00,112.19,
10303,2025-09-03 07:00:00+00:00,,
10304,2025-09-03 08:00:00+00:00,,
10305,2025-09-03 09:00:00+00:00,,
10306,2025-09-03 10:00:00+00:00,,
10307,2025-09-03 11:00:00+00:00,,
10308,2025-09-03 12:00:00+00:00,,
10309,2025-09-03 13:00:00+00:00,,
10310,2025-09-03 14:00:00+00:00,,
10311,2025-09-03 15:00:00+00:00,,
10312,2025-09-03 16:00:00+00:00,161.59,
10313,2025-09-03 17:00:00+00:00,293.35,
10314,2025-09-03 18:00:00+00:00,244.45,
10315,2025-09-03 19:00:00+00:00,139.7,
10316,2025-09-03 20:00:00+00:00,,
10317,2025-09-03 21:00:00+00:00,,
10318,2025-09-03 22:00:00+00:00,,
10319,2025-09-03 23:00:00+00:00,102.81,
10320,2025-09-04 00:00:00+00:00,,
10321,2025-09-04 01:00:00+00:00,,
10322,2025-09-04 02:00:00+00:00,,
10323,2025-09-04 03:00:00+00:00,,
10324,2025-09-04 04:00:00+00:00,,
10325,2025-09-04 05:00:00+00:00,122.05,
10326,2025-09-04 06:00:00+00:00,109.24,
10327,2025-09-04 07:00:00+00:00,,
10328,2025-09-04 08:00:00+00:00,45.83,
10329,2025-09-04 09:00:00+00:00,13.15,
10330,2025-09-04 10:00:00+00:00,9.21,
10331,2025-09-04 11:00:00+00:00,14.24,
10332,2025-09-04 12:00:00+00:00,70.76,
10333,2025-09-04 13:00:00+00:00,,
10334,2025-09-04 14:00:00+00:00,,
10335,2025-09-04 15:00:00+00:00,162.63,
10336,2025-09-04 16:00:00+00:00,189.86,
10337,2025-09-04 17:00:00+00:00,343.28,
10338,2025-09-04 18:00:00+00:00,285.34,
10339,2025-09-04 19:00:00+00:00,,
10340,2025-09-04 20:00:00+00:00,,
10341,2025-09-04 21:00:00+00:00,104.79,
10342,2025-09-04 22:00:00+00:00,,
10343,2025-09-04 23:00:00+00:00,,
10344,2025-09-05 00:00:00+00:00,,
10345,2025-09-05 01:00:00+00:00,,
10346,2025-09-05 02:00:00+00:00,,
10347,2025-09-05 03:00:00+00:00,,
10348,2025-09-05 04:00:00+00:00,,
10349,2025-09-05 05:00:00+00:00,131.54,
10350,2025-09-05 06:00:00+00:00,,
10351,2025-09-05 07:00:00+00:00,,
10352,2025-09-05 08:00:00+00:00,89.27,
10353,2025-09-05 09:00:00+00:00,,
10354,2025-09-05 10:00:00+00:00,,
10355,2025-09-05 11:00:00+00:00,,
10356,2025-09-05 12:00:00+00:00,,
10357,2025-09-05 13:00:00+00:00,,
10358,2025-09-05 14:00:00+00:00,,
10359,2025-09-05 15:00:00+00:00,157.96,
10360,2025-09-05 16:00:00+00:00,,
10361,2025-09-05 17:00:00+00:00,171.35,
10362,2025-09-05 18:00:00+00:00,155.71,
10363,2025-09-05 19:00:00+00:00,,
10364,2025-09-05 20:00:00+00:00,,
10365,2025-09-05 21:00:00+00:00,102.59,
10366,2025-09-05 22:00:00+00:00,,
10367,2025-09-05 23:00:00+00:00,101.14,
10368,2025-09-06 00:00:00+00:00,,
10369,2025-09-06 01:00:00+00:00,98.8,
10370,2025-09-06 02:00:00+00:00,,
10371,2025-09-06 03:00:00+00:00,,
10372,2025-09-06 04:00:00+00:00,,
10373,2025-09-06 05:00:00+00:00,,
10374,2025-09-06 06:00:00+00:00,,
10375,2025-09-06 07:00:00+00:00,117.53,
10376,2025-09-06 08:00:00+00:00,,
10377,2025-09-06 09:00:00+00:00,109.05,
10378,2025-09-06 10:00:00+00:00,,
10379,2025-09-06 11:00:00+00:00,,
10380,2025-09-06 12:00:00+00:00,,
10381,2025-09-06 13:00:00+00:00,101.56,
10382,2025-09-06 14:00:00+00:00,,
10383,2025-09-06 15:00:00+00:00,,
10384,2025-09-06 16:00:00+00:00,125.35,
10385,2025-09-06 17:00:00+00:00,187.4,
10386,2025-09-06 18:00:00+00:00,151.58,
10387,2025-09-06 19:00:00+00:00,,
10388,2025-09-06 20:00:00+00:00,,
10389,2025-09-06 21:00:00+00:00,,
10390,2025-09-06 22:00:00+00:00,,
10391,2025-09-06 23:00:00+00:00,,
10392,2025-09-07 00:00:00+00:00,,
10393,2025-09-07 01:00:00+00:00,,
10394,2025-09-07 02:00:00+00:00,,
10395,2025-09-07 03:00:00+00:00,,
10396,2025-09-07 04:00:00+00:00,,
10397,2025-09-07 05:00:00+00:00,,
10398,2025-09-07 06:00:00+00:00,,
10399,2025-09-07 07:00:00+00:00,,
10400,2025-09-07 08:00:00+00:00,,
10401,2025-09-07 09:00:00+00:00,42.11,
10402,2025-09-07 10:00:00+00:00,28.06,
10403,2025-09-07 11:00:00+00:00,27.56,
10404,2025-09-07 12:00:00+00:00,,
10405,2025-09-07 13:00:00+00:00,,
10406,2025-09-07 14:00:00+00:00,,
10407,2025-09-07 15:00:00+00:00,,
10408,2025-09-07 16:00:00+00:00,,
10409,2025-09-07 17:00:00+00:00,181.79,
10410,2025-09-07 18:00:00+00:00,190.62,
10411,2025-09-07 19:00:00+00:00,155.17,
10412,2025-09-07 20:00:00+00:00,,
10413,2025-09-07 21:00:00+00:00,,
10414,2025-09-07 22:00:00+00:00,,
10415,2025-09-07 23:00:00+00:00,89.87,
10416,2025-09-08 00:00:00+00:00,,
10417,2025-09-08 01:00:00+00:00,,
10418,2025-09-08 02:00:00+00:00,,
10419,2025-09-08 03:00:00+00:00,,
10420,2025-09-08 04:00:00+00:00,152.07,
10421,2025-09-08 05:00:00+00:00,,
10422,2025-09-08 06:00:00+00:00,,
10423,2025-09-08 07:00:00+00:00,,
10424,2025-09-08 08:00:00+00:00,,
10425,2025-09-08 09:00:00+00:00,,
10426,2025-09-08 10:00:00+00:00,,
10427,2025-09-08 11:00:00+00:00,,
10428,2025-09-08 12:00:00+00:00,,
10429,2025-09-08 13:00:00+00:00,,
10430,2025-09-08 14:00:00+00:00,,
10431,2025-09-08 15:00:00+00:00,155.21,
10432,2025-09-08 16:00:00+00:00,255.25,
10433,2025-09-08 17:00:00+00:00,446.8,
10434,2025-09-08 18:00:00+00:00,346.17,
10435,2025-09-08 19:00:00+00:00,152.52,
10436,2025-09-08 20:00:00+00:00,,
10437,2025-09-08 21:00:00+00:00,,
10438,2025-09-08 22:00:00+00:00,105.85,
10439,2025-09-08 23:00:00+00:00,,
10440,2025-09-09 00:00:00+00:00,105.13,
10441,2025-09-09 01:00:00+00:00,,
10442,2025-09-09 02:00:00+00:00,,
10443,2025-09-09 03:00:00+00:00,,
10444,2025-09-09 04:00:00+00:00,184.03,
10445,2025-09-09 05:00:00+00:00,258.75,
10446,2025-09-09 06:00:00+00:00,193.14,
10447,2025-09-09 07:00:00+00:00,,
10448,2025-09-09 08:00:00+00:00,,
10449,2025-09-09 09:00:00+00:00,,
10450,2025-09-09 10:00:00+00:00,,
10451,2025-09-09 11:00:00+00:00,84.29,
10452,2025-09-09 12:00:00+00:00,,
10453,2025-09-09 13:00:00+00:00,,
10454,2025-09-09 14:00:00+00:00,,
10455,2025-09-09 15:00:00+00:00,,
10456,2025-09-09 16:00:00+00:00,206.7,
10457,2025-09-09 17:00:00+00:00,392.91,
10458,2025-09-09 18:00:00+00:00,222.24,
10459,2025-09-09 19:00:00+00:00,,
10460,2025-09-09 20:00:00+00:00,111.67,
10461,2025-09-09 21:00:00+00:00,,
10462,2025-09-09 22:00:00+00:00,,
10463,2025-09-09 23:00:00+00:00,,
10464,2025-09-10 00:00:00+00:00,,
10465,2025-09-10 01:00:00+00:00,100.86,
10466,2025-09-10 02:00:00+00:00,,
10467,2025-09-10 03:00:00+00:00,,
10468,2025-09-10 04:00:00+00:00,,
10469,2025-09-10 05:00:00+00:00,,
10470,2025-09-10 06:00:00+00:00,164.84,
10471,2025-09-10 07:00:00+00:00,,
10472,2025-09-10 08:00:00+00:00,,
10473,2025-09-10 09:00:00+00:00,,
10474,2025-09-10 10:00:00+00:00,58.8,
10475,2025-09-10 11:00:00+00:00,,
10476,2025-09-10 12:00:00+00:00,84.67,
10477,2025-09-10 13:00:00+00:00,96.36,
10478,2025-09-10 14:00:00+00:00,,
10479,2025-09-10 15:00:00+00:00,134.09,
10480,2025-09-10 16:00:00+00:00,190.39,
10481,2025-09-10 17:00:00+00:00,294.05,
10482,2025-09-10 18:00:00+00:00,192.86,
10483,2025-09-10 19:00:00+00:00,,
10484,2025-09-10 20:00:00+00:00,,
10485,2025-09-10 21:00:00+00:00,,
10486,2025-09-10 22:00:00+00:00,92.79,
10487,2025-09-10 23:00:00+00:00,,
10488,2025-09-11 00:00:00+00:00,,
10489,2025-09-11 01:00:00+00:00,,
10490,2025-09-11 02:00:00+00:00,86.67,
10491,2025-09-11 03:00:00+00:00,,
10492,2025-09-11 04:00:00+00:00,,
10493,2025-09-11 05:00:00+00:00,133.77,
10494,2025-09-11 06:00:00+00:00,,
10495,2025-09-11 07:00:00+00:00,,
10496,2025-09-11 08:00:00+00:00,,
10497,2025-09-11 09:00:00+00:00,,
10498,2025-09-11 10:00:00+00:00,,
10499,2025-09-11 11:00:00+00:00,88.45,
10500,2025-09-11 12:00:00+00:00,,
10501,2025-09-11 13:00:00+00:00,,
10502,2025-09-11 14:00:00+00:00,103.97,
10503,2025-09-11 15:00:00+00:00,,
10504,2025-09-11 16:00:00+00:00,195.72,
10505,2025-09-11 17:00:00+00:00,327.1,
10506,2025-09-11 18:00:00+00:00,217.02,
10507,2025-09-11 19:00:00+00:00,,
10508,2025-09-11 20:00:00+00:00,107.93,
10509,2025-09-11 21:00:00+00:00,,
10510,2025-09-11 22:00:00+00:00,,
10511,2025-09-11 23:00:00+00:00,,
10512,2025-09-12 00:00:00+00:00,,
10513,2025-09-12 01:00:00+00:00,,
10514,2025-09-12 02:00:00+00:00,,
10515,2025-09-12 03:00:00+00:00,,
10516,2025-09-12 04:00:00+00:00,,
10517,2025-09-12 05:00:00+00:00,172.41,
10518,2025-09-12 06:00:00+00:00,,
10519,2025-09-12 07:00:00+00:00,,
10520,2025-09-12 08:00:00+00:00,39.84,
10521,2025-09-12 09:00:00+00:00,3.99,
10522,2025-09-12 10:00:00+00:00,,
10523,2025-09-12 11:00:00+00:00,9.08,
10524,2025-09-12 12:00:00+00:00,37.39,
10525,2025-09-12 13:00:00+00:00,,
10526,2025-09-12 14:00:00+00:00,,
10527,2025-09-12 15:00:00+00:00,165.39,
10528,2025-09-12 16:00:00+00:00,194.91,
10529,2025-09-12 17:00:00+00:00,300.0,
10530,2025-09-12 18:00:00+00:00,194.63,
10531,2025-09-12 19:00:00+00:00,134.14,
10532,2025-09-12 20:00:00+00:00,,
10533,2025-09-12 21:00:00+00:00,,
10534,2025-09-12 22:00:00+00:00,,
10535,2025-09-12 23:00:00+00:00,103.82,
10536,2025-09-13 00:00:00+00:00,102.74,
10537,2025-09-13 01:00:00+00:00,,
10538,2025-09-13 02:00:00+00:00,,
10539,2025-09-13 03:00:00+00:00,,
10540,2025-09-13 04:00:00+00:00,,
10541,2025-09-13 05:00:00+00:00,103.29,
10542,2025-09-13 06:00:00+00:00,,
10543,2025-09-13 07:00:00+00:00,,
10544,2025-09-13 08:00:00+00:00,110.22,
10545,2025-09-13 09:00:00+00:00,,
10546,2025-09-13 10:00:00+00:00,,
10547,2025-09-13 11:00:00+00:00,,
10548,2025-09-13 12:00:00+00:00,,
10549,2025-09-13 13:00:00+00:00,144.13,
10550,2025-09-13 14:00:00+00:00,187.74,
10551,2025-09-13 15:00:00+00:00,158.95,
10552,2025-09-13 16:00:00+00:00,,
10553,2025-09-13 17:00:00+00:00,194.58,
10554,2025-09-13 18:00:00+00:00,151.21,
10555,2025-09-13 19:00:00+00:00,123.2,
10556,2025-09-13 20:00:00+00:00,,
10557,2025-09-13 21:00:00+00:00,,
10558,2025-09-13 22:00:00+00:00,,
10559,2025-09-13 23:00:00+00:00,,
10560,2025-09-14 00:00:00+00:00,,
10561,2025-09-14 01:00:00+00:00,99.65,
10562,2025-09-14 02:00:00+00:00,,
10563,2025-09-14 03:00:00+00:00,,
10564,2025-09-14 04:00:00+00:00,,
10565,2025-09-14 05:00:00+00:00,,
10566,2025-09-14 06:00:00+00:00,,
10567,2025-09-14 07:00:00+00:00,,
10568,2025-09-14 08:00:00+00:00,86.22,
10569,2025-09-14 09:00:00+00:00,,
10570,2025-09-14 10:00:00+00:00,,
10571,2025-09-14 11:00:00+00:00,,
10572,2025-09-14 12:00:00+00:00,,
10573,2025-09-14 13:00:00+00:00,,
10574,2025-09-14 14:00:00+00:00,,
10575,2025-09-14 15:00:00+00:00,,
10576,2025-09-14 16:00:00+00:00,135.13,
10577,2025-09-14 17:00:00+00:00,156.18,
10578,2025-09-14 18:00:00+00:00,133.03,
10579,2025-09-14 19:00:00+00:00,,
10580,2025-09-14 20:00:00+00:00,80.35,
10581,2025-09-14 21:00:00+00:00,,
10582,2025-09-14 22:00:00+00:00,89.38,
10583,2025-09-14 23:00:00+00:00,,
10584,2025-09-15 00:00:00+00:00,,
10585,2025-09-15 01:00:00+00:00,,
10586,2025-09-15 02:00:00+00:00,,
10587,2025-09-15 03:00:00+00:00,,
10588,2025-09-15 04:00:00+00:00,141.56,
10589,2025-09-15 05:00:00+00:00,,
10590,2025-09-15 06:00:00+00:00,,
10591,2025-09-15 07:00:00+00:00,,
10592,2025-09-15 08:00:00+00:00,,
10593,2025-09-15 09:00:00+00:00,27.0,
10594,2025-09-15 10:00:00+00:00,4.54,
10595,2025-09-15 11:00:00+00:00,3.73,
10596,2025-09-15 12:00:00+00:00,3.54,
10597,2025-09-15 13:00:00+00:00,,
10598,2025-09-15 14:00:00+00:00,,
10599,2025-09-15 15:00:00+00:00,,
10600,2025-09-15 16:00:00+00:00,186.47,
10601,2025-09-15 17:00:00+00:00,207.64,
10602,2025-09-15 18:00:00+00:00,,
10603,2025-09-15 19:00:00+00:00,,
10604,2025-09-15 20:00:00+00:00,,
10605,2025-09-15 21:00:00+00:00,,
10606,2025-09-15 22:00:00+00:00,,
10607,2025-09-15 23:00:00+00:00,,
10608,2025-09-16 00:00:00+00:00,,
10609,2025-09-16 01:00:00+00:00,,
10610,2025-09-16 02:00:00+00:00,,
10611,2025-09-16 03:00:00+00:00,,
10612,2025-09-16 04:00:00+00:00,,
10613,2025-09-16 05:00:00+00:00,117.64,
10614,2025-09-16 06:00:00+00:00,,
10615,2025-09-16 07:00:00+00:00,,
10616,2025-09-16 08:00:00+00:00,26.74,
10617,2025-09-16 09:00:00+00:00,29.24,
10618,2025-09-16 10:00:00+00:00,17.98,
10619,2025-09-16 11:00:00+00:00,18.98,
10620,2025-09-16 12:00:00+00:00,30.93,
10621,2025-09-16 13:00:00+00:00,27.57,
10622,2025-09-16 14:00:00+00:00,59.51,
10623,2025-09-16 15:00:00+00:00,,
10624,2025-09-16 16:00:00+00:00,,
10625,2025-09-16 17:00:00+00:00,155.52,
10626,2025-09-16 18:00:00+00:00,,
10627,2025-09-16 19:00:00+00:00,,
10628,2025-09-16 20:00:00+00:00,,
10629,2025-09-16 21:00:00+00:00,,
10630,2025-09-16 22:00:00+00:00,89.2,
10631,2025-09-16 23:00:00+00:00,,
10632,2025-09-17 00:00:00+00:00,,
10633,2025-09-17 01:00:00+00:00,88.95,
10634,2025-09-17 02:00:00+00:00,,
10635,2025-09-17 03:00:00+00:00,109.98,
10636,2025-09-17 04:00:00+00:00,144.46,
10637,2025-09-17 05:00:00+00:00,,
10638,2025-09-17 06:00:00+00:00,,
10639,2025-09-17 07:00:00+00:00,,
10640,2025-09-17 08:00:00+00:00,69.19,
10641,2025-09-17 09:00:00+00:00,,
10642,2025-09-17 10:00:00+00:00,11.83,
10643,2025-09-17 11:00:00+00:00,,
10644,2025-09-17 12:00:00+00:00,11.66,
10645,2025-09-17 13:00:00+00:00,,
10646,2025-09-17 14:00:00+00:00,,
10647,2025-09-17 15:00:00+00:00,,
10648,2025-09-17 16:00:00+00:00,136.85,
10649,2025-09-17 17:00:00+00:00,258.96,
10650,2025-09-17 18:00:00+00:00,174.29,
10651,2025-09-17 19:00:00+00:00,,
10652,2025-09-17 20:00:00+00:00,,
10653,2025-09-17 21:00:00+00:00,94.28,
10654,2025-09-17 22:00:00+00:00,,
10655,2025-09-17 23:00:00+00:00,86.06,
10656,2025-09-18 00:00:00+00:00,82.99,
10657,2025-09-18 01:00:00+00:00,,
10658,2025-09-18 02:00:00+00:00,,
10659,2025-09-18 03:00:00+00:00,,
10660,2025-09-18 04:00:00+00:00,,
10661,2025-09-18 05:00:00+00:00,,
10662,2025-09-18 06:00:00+00:00,,
10663,2025-09-18 07:00:00+00:00,,
10664,2025-09-18 08:00:00+00:00,88.29,
10665,2025-09-18 09:00:00+00:00,,
10666,2025-09-18 10:00:00+00:00,,
10667,2025-09-18 11:00:00+00:00,,
10668,2025-09-18 12:00:00+00:00,,
10669,2025-09-18 13:00:00+00:00,,
10670,2025-09-18 14:00:00+00:00,124.07,
10671,2025-09-18 15:00:00+00:00,188.81,
10672,2025-09-18 16:00:00+00:00,209.21,
10673,2025-09-18 17:00:00+00:00,378.0,
10674,2025-09-18 18:00:00+00:00,186.17,
10675,2025-09-18 19:00:00+00:00,,
10676,2025-09-18 20:00:00+00:00,,
10677,2025-09-18 21:00:00+00:00,,
10678,2025-09-18 22:00:00+00:00,,
10679,2025-09-18 23:00:00+00:00,,
10680,2025-09-19 00:00:00+00:00,,
10681,2025-09-19 01:00:00+00:00,,
10682,2025-09-19 02:00:00+00:00,,
10683,2025-09-19 03:00:00+00:00,,
10684,2025-09-19 04:00:00+00:00,,
10685,2025-09-19 05:00:00+00:00,,
10686,2025-09-19 06:00:00+00:00,,
10687,2025-09-19 07:00:00+00:00,,
10688,2025-09-19 08:00:00+00:00,,
10689,2025-09-19 09:00:00+00:00,55.46,
10690,2025-09-19 10:00:00+00:00,29.32,
10691,2025-09-19 11:00:00+00:00,19.36,
10692,2025-09-19 12:00:00+00:00,22.59,
10693,2025-09-19 13:00:00+00:00,,
10694,2025-09-19 14:00:00+00:00,,
10695,2025-09-19 15:00:00+00:00,119.59,
10696,2025-09-19 16:00:00+00:00,,
10697,2025-09-19 17:00:00+00:00,423.07,
10698,2025-09-19 18:00:00+00:00,170.62,
10699,2025-09-19 19:00:00+00:00,,
10700,2025-09-19 20:00:00+00:00,,
10701,2025-09-19 21:00:00+00:00,,
10702,2025-09-19 22:00:00+00:00,,
10703,2025-09-19 23:00:00+00:00,103.67,
10704,2025-09-20 00:00:00+00:00,,
10705,2025-09-20 01:00:00+00:00,,
10706,2025-09-20 02:00:00+00:00,,
10707,2025-09-20 03:00:00+00:00,,
10708,2025-09-20 04:00:00+00:00,,
10709,2025-09-20 05:00:00+00:00,105.41,
10710,2025-09-20 06:00:00+00:00,,
10711,2025-09-20 07:00:00+00:00,24.91,
10712,2025-09-20 08:00:00+00:00,1.03,
10713,2025-09-20 09:00:00+00:00,-0.68,
10714,2025-09-20 10:00:00+00:00,-7.0,
10715,2025-09-20 11:00:00+00:00,-10.32,
10716,2025-09-20 12:00:00+00:00,,
10717,2025-09-20 13:00:00+00:00,,
10718,2025-09-20 14:00:00+00:00,,
10719,2025-09-20 15:00:00+00:00,,
10720,2025-09-20 16:00:00+00:00,,
10721,2025-09-20 17:00:00+00:00,139.63,
10722,2025-09-20 18:00:00+00:00,103.53,
10723,2025-09-20 19:00:00+00:00,,
10724,2025-09-20 20:00:00+00:00,,
10725,2025-09-20 21:00:00+00:00,70.56,
10726,2025-09-20 22:00:00+00:00,,
10727,2025-09-20 23:00:00+00:00,0.74,
10728,2025-09-21 00:00:00+00:00,,
10729,2025-09-21 01:00:00+00:00,,
10730,2025-09-21 02:00:00+00:00,,
10731,2025-09-21 03:00:00+00:00,,
10732,2025-09-21 04:00:00+00:00,4.41,
10733,2025-09-21 05:00:00+00:00,5.23,
10734,2025-09-21 06:00:00+00:00,3.13,
10735,2025-09-21 07:00:00+00:00,0.41,
10736,2025-09-21 08:00:00+00:00,,
10737,2025-09-21 09:00:00+00:00,-6.85,
10738,2025-09-21 10:00:00+00:00,-9.94,
10739,2025-09-21 11:00:00+00:00,-10.19,
10740,2025-09-21 12:00:00+00:00,,
10741,2025-09-21 13:00:00+00:00,,
10742,2025-09-21 14:00:00+00:00,50.37,
10743,2025-09-21 15:00:00+00:00,119.33,
10744,2025-09-21 16:00:00+00:00,,
10745,2025-09-21 17:00:00+00:00,,
10746,2025-09-21 18:00:00+00:00,,
10747,2025-09-21 19:00:00+00:00,103.73,
10748,2025-09-21 20:00:00+00:00,,
10749,2025-09-21 21:00:00+00:00,,
10750,2025-09-21 22:00:00+00:00,,
10751,2025-09-21 23:00:00+00:00,,
10752,2025-09-22 00:00:00+00:00,,
10753,2025-09-22 01:00:00+00:00,77.08,
10754,2025-09-22 02:00:00+00:00,,
10755,2025-09-22 03:00:00+00:00,,
10756,2025-09-22 04:00:00+00:00,120.14,
10757,2025-09-22 05:00:00+00:00,,
10758,2025-09-22 06:00:00+00:00,,
10759,2025-09-22 07:00:00+00:00,,
10760,2025-09-22 08:00:00+00:00,,
10761,2025-09-22 09:00:00+00:00,,
10762,2025-09-22 10:00:00+00:00,,
10763,2025-09-22 11:00:00+00:00,,
10764,2025-09-22 12:00:00+00:00,,
10765,2025-09-22 13:00:00+00:00,,
10766,2025-09-22 14:00:00+00:00,,
10767,2025-09-22 15:00:00+00:00,173.31,
10768,2025-09-22 16:00:00+00:00,181.23,
10769,2025-09-22 17:00:00+00:00,374.57,
10770,2025-09-22 18:00:00+00:00,183.14,
10771,2025-09-22 19:00:00+00:00,,
10772,2025-09-22 20:00:00+00:00,,
10773,2025-09-22 21:00:00+00:00,,
10774,2025-09-22 22:00:00+00:00,,
10775,2025-09-22 23:00:00+00:00,,
10776,2025-09-23 00:00:00+00:00,,
10777,2025-09-23 01:00:00+00:00,,
10778,2025-09-23 02:00:00+00:00,,
10779,2025-09-23 03:00:00+00:00,,
10780,2025-09-23 04:00:00+00:00,142.0,
10781,2025-09-23 05:00:00+00:00,183.59,
10782,2025-09-23 06:00:00+00:00,160.97,
10783,2025-09-23 07:00:00+00:00,121.34,
10784,2025-09-23 08:00:00+00:00,,
10785,2025-09-23 09:00:00+00:00,102.37,
10786,2025-09-23 10:00:00+00:00,,
10787,2025-09-23 11:00:00+00:00,,
10788,2025-09-23 12:00:00+00:00,,
10789,2025-09-23 13:00:00+00:00,,
10790,2025-09-23 14:00:00+00:00,121.92,
10791,2025-09-23 15:00:00+00:00,198.03,
10792,2025-09-23 16:00:00+00:00,210.2,
10793,2025-09-23 17:00:00+00:00,415.02,
10794,2025-09-23 18:00:00+00:00,,
10795,2025-09-23 19:00:00+00:00,,
10796,2025-09-23 20:00:00+00:00,,
10797,2025-09-23 21:00:00+00:00,,
10798,2025-09-23 22:00:00+00:00,,
10799,2025-09-23 23:00:00+00:00,,
10800,2025-09-24 00:00:00+00:00,,
10801,2025-09-24 01:00:00+00:00,,
10802,2025-09-24 02:00:00+00:00,,
10803,2025-09-24 03:00:00+00:00,,
10804,2025-09-24 04:00:00+00:00,,
10805,2025-09-24 05:00:00+00:00,156.21,
10806,2025-09-24 06:00:00+00:00,,
10807,2025-09-24 07:00:00+00:00,,
10808,2025-09-24 08:00:00+00:00,,
10809,2025-09-24 09:00:00+00:00,54.32,
10810,2025-09-24 10:00:00+00:00,31.74,
10811,2025-09-24 11:00:00+00:00,,
10812,2025-09-24 12:00:00+00:00,,
10813,2025-09-24 13:00:00+00:00,84.25,
10814,2025-09-24 14:00:00+00:00,,
10815,2025-09-24 15:00:00+00:00,,
10816,2025-09-24 16:00:00+00:00,,
10817,2025-09-24 17:00:00+00:00,189.66,
10818,2025-09-24 18:00:00+00:00,119.62,
10819,2025-09-24 19:00:00+00:00,,
10820,2025-09-24 20:00:00+00:00,,
10821,2025-09-24 21:00:00+00:00,,
10822,2025-09-24 22:00:00+00:00,,
10823,2025-09-24 23:00:00+00:00,,
10824,2025-09-25 00:00:00+00:00,,
10825,2025-09-25 01:00:00+00:00,,
10826,2025-09-25 02:00:00+00:00,,
10827,2025-09-25 03:00:00+00:00,102.29,
10828,2025-09-25 04:00:00+00:00,,
10829,2025-09-25 05:00:00+00:00,,
10830,2025-09-25 06:00:00+00:00,,
10831,2025-09-25 07:00:00+00:00,,
10832,2025-09-25 08:00:00+00:00,9.49,
10833,2025-09-25 09:00:00+00:00,-58.57,
10834,2025-09-25 10:00:00+00:00,-2.97,
10835,2025-09-25 11:00:00+00:00,-23.42,
10836,2025-09-25 12:00:00+00:00,4.61,
10837,2025-09-25 13:00:00+00:00,62.97,
10838,2025-09-25 14:00:00+00:00,96.57,
10839,2025-09-25 15:00:00+00:00,,
10840,2025-09-25 16:00:00+00:00,,
10841,2025-09-25 17:00:00+00:00,166.94,
10842,2025-09-25 18:00:00+00:00,,
10843,2025-09-25 19:00:00+00:00,,
10844,2025-09-25 20:00:00+00:00,,
10845,2025-09-25 21:00:00+00:00,90.54,
10846,2025-09-25 22:00:00+00:00,,
10847,2025-09-25 23:00:00+00:00,,
10848,2025-09-26 00:00:00+00:00,,
10849,2025-09-26 01:00:00+00:00,,
10850,2025-09-26 02:00:00+00:00,,
10851,2025-09-26 03:00:00+00:00,,
10852,2025-09-26 04:00:00+00:00,,
10853,2025-09-26 05:00:00+00:00,,
10854,2025-09-26 06:00:00+00:00,118.93,
10855,2025-09-26 07:00:00+00:00,,
10856,2025-09-26 08:00:00+00:00,45.11,
10857,2025-09-26 09:00:00+00:00,,
10858,2025-09-26 10:00:00+00:00,19.39,
10859,2025-09-26 11:00:00+00:00,25.18,
10860,2025-09-26 12:00:00+00:00,34.19,
10861,2025-09-26 13:00:00+00:00,,
10862,2025-09-26 14:00:00+00:00,,
10863,2025-09-26 15:00:00+00:00,,
10864,2025-09-26 16:00:00+00:00,,
10865,2025-09-26 17:00:00+00:00,,
10866,2025-09-26 18:00:00+00:00,119.61,
10867,2025-09-26 19:00:00+00:00,,
10868,2025-09-26 20:00:00+00:00,,
10869,2025-09-26 21:00:00+00:00,,
10870,2025-09-26 22:00:00+00:00,,
10871,2025-09-26 23:00:00+00:00,,
10872,2025-09-27 00:00:00+00:00,,
10873,2025-09-27 01:00:00+00:00,,
10874,2025-09-27 02:00:00+00:00,,
10875,2025-09-27 03:00:00+00:00,,
10876,2025-09-27 04:00:00+00:00,91.51,
10877,2025-09-27 05:00:00+00:00,,
10878,2025-09-27 06:00:00+00:00,,
10879,2025-09-27 07:00:00+00:00,,
10880,2025-09-27 08:00:00+00:00,,
10881,2025-09-27 09:00:00+00:00,,
10882,2025-09-27 10:00:00+00:00,54.83,
10883,2025-09-27 11:00:00+00:00,36.61,
10884,2025-09-27 12:00:00+00:00,49.36,
10885,2025-09-27 13:00:00+00:00,,
10886,2025-09-27 14:00:00+00:00,,
10887,2025-09-27 15:00:00+00:00,,
10888,2025-09-27 16:00:00+00:00,,
10889,2025-09-27 17:00:00+00:00,148.93,
10890,2025-09-27 18:00:00+00:00,120.72,
10891,2025-09-27 19:00:00+00:00,111.11,
10892,2025-09-27 20:00:00+00:00,,
10893,2025-09-27 21:00:00+00:00,,
10894,2025-09-27 22:00:00+00:00,,
10895,2025-09-27 23:00:00+00:00,,
10896,2025-09-28 00:00:00+00:00,,
10897,2025-09-28 01:00:00+00:00,,
10898,2025-09-28 02:00:00+00:00,,
10899,2025-09-28 03:00:00+00:00,,
10900,2025-09-28 04:00:00+00:00,99.82,
10901,2025-09-28 05:00:00+00:00,,
10902,2025-09-28 06:00:00+00:00,,
10903,2025-09-28 07:00:00+00:00,,
10904,2025-09-28 08:00:00+00:00,,
10905,2025-09-28 09:00:00+00:00,37.71,
10906,2025-09-28 10:00:00+00:00,17.11,
10907,2025-09-28 11:00:00+00:00,8.53,
10908,2025-09-28 12:00:00+00:00,,
10909,2025-09-28 13:00:00+00:00,63.17,
10910,2025-09-28 14:00:00+00:00,93.17,
10911,2025-09-28 15:00:00+00:00,,
10912,2025-09-28 16:00:00+00:00,134.55,
10913,2025-09-28 17:00:00+00:00,146.45,
10914,2025-09-28 18:00:00+00:00,,
10915,2025-09-28 19:00:00+00:00,,
10916,2025-09-28 20:00:00+00:00,,
10917,2025-09-28 21:00:00+00:00,,
10918,2025-09-28 22:00:00+00:00,,
10919,2025-09-28 23:00:00+00:00,,
10920,2025-09-29 00:00:00+00:00,,
10921,2025-09-29 01:00:00+00:00,,
10922,2025-09-29 02:00:00+00:00,,
10923,2025-09-29 03:00:00+00:00,,
10924,2025-09-29 04:00:00+00:00,129.46,
10925,2025-09-29 05:00:00+00:00,,
10926,2025-09-29 06:00:00+00:00,,
10927,2025-09-29 07:00:00+00:00,,
10928,2025-09-29 08:00:00+00:00,,
10929,2025-09-29 09:00:00+00:00,,
10930,2025-09-29 10:00:00+00:00,,
10931,2025-09-29 11:00:00+00:00,,
10932,2025-09-29 12:00:00+00:00,,
10933,2025-09-29 13:00:00+00:00,,
10934,2025-09-29 14:00:00+00:00,104.69,
10935,2025-09-29 15:00:00+00:00,,
10936,2025-09-29 16:00:00+00:00,284.19,
10937,2025-09-29 17:00:00+00:00,409.41,
10938,2025-09-29 18:00:00+00:00,,
10939,2025-09-29 19:00:00+00:00,,
10940,2025-09-29 20:00:00+00:00,103.45,
10941,2025-09-29 21:00:00+00:00,,
10942,2025-09-29 22:00:00+00:00,,
10943,2025-09-29 23:00:00+00:00,,
10944,2025-09-30 00:00:00+00:00,,
10945,2025-09-30 01:00:00+00:00,,
10946,2025-09-30 02:00:00+00:00,,
10947,2025-09-30 03:00:00+00:00,,
10948,2025-09-30 04:00:00+00:00,,
10949,2025-09-30 05:00:00+00:00,250.43,
10950,2025-09-30 06:00:00+00:00,217.69,
10951,2025-09-30 07:00:00+00:00,138.24,
10952,2025-09-30 08:00:00+00:00,,
10953,2025-09-30 09:00:00+00:00,98.32,
10954,2025-09-30 10:00:00+00:00,,
10955,2025-09-30 11:00:00+00:00,111.2,
10956,2025-09-30 12:00:00+00:00,,
10957,2025-09-30 13:00:00+00:00,,
10958,2025-09-30 14:00:00+00:00,,
10959,2025-09-30 15:00:00+00:00,168.28,
10960,2025-09-30 16:00:00+00:00,266.31,
10961,2025-09-30 17:00:00+00:00,393.74,
10962,2025-09-30 18:00:00+00:00,,
10963,2025-09-30 19:00:00+00:00,,
10964,2025-09-30 20:00:00+00:00,,
10965,2025-09-30 21:00:00+00:00,92.03,
10966,2025-09-30 22:00:00+00:00,91.13,
10967,2025-09-30 23:00:00+00:00,,
10968,2025-10-01 00:00:00+00:00,,
10969,2025-10-01 01:00:00+00:00,,
10970,2025-10-01 02:00:00+00:00,,
10971,2025-10-01 03:00:00+00:00,92.61000000000001,
10972,2025-10-01 04:00:00+00:00,154.23,
10973,2025-10-01 05:00:00+00:00,175.8625,
10974,2025-10-01 06:00:00+00:00,153.24333333333334,
10975,2025-10-01 07:00:00+00:00,,
10976,2025-10-01 08:00:00+00:00,81.71,
10977,2025-10-01 09:00:00+00:00,71.75,
10978,2025-10-01 10:00:00+00:00,,
10979,2025-10-01 11:00:00+00:00,,
10980,2025-10-01 12:00:00+00:00,,
10981,2025-10-01 13:00:00+00:00,103.86,
10982,2025-10-01 14:00:00+00:00,,
10983,2025-10-01 15:00:00+00:00,145.86333333333334,
10984,2025-10-01 16:00:00+00:00,256.0925,
10985,2025-10-01 17:00:00+00:00,348.0575,
10986,2025-10-01 18:00:00+00:00,217.31,
10987,2025-10-01 19:00:00+00:00,119.23333333333333,
10988,2025-10-01 20:00:00+00:00,,
10989,2025-10-01 21:00:00+00:00,,
10990,2025-10-01 22:00:00+00:00,86.76,
10991,2025-10-01 23:00:00+00:00,93.01,
10992,2025-10-02 00:00:00+00:00,,
10993,2025-10-02 01:00:00+00:00,,
10994,2025-10-02 02:00:00+00:00,93.66,
10995,2025-10-02 03:00:00+00:00,90.6,
10996,2025-10-02 04:00:00+00:00,154.695,
10997,2025-10-02 05:00:00+00:00,188.13666666666668,
10998,2025-10-02 06:00:00+00:00,148.99,
10999,2025-10-02 07:00:00+00:00,98.085,
11000,2025-10-02 08:00:00+00:00,93.13,
11001,2025-10-02 09:00:00+00:00,71.39,
11002,2025-10-02 10:00:00+00:00,,
11003,2025-10-02 11:00:00+00:00,72.26,
11004,2025-10-02 12:00:00+00:00,,
11005,2025-10-02 13:00:00+00:00,104.22,
11006,2025-10-02 14:00:00+00:00,,
11007,2025-10-02 15:00:00+00:00,167.5,
11008,2025-10-02 16:00:00+00:00,188.23333333333335,
11009,2025-10-02 17:00:00+00:00,211.46499999999997,
11010,2025-10-02 18:00:00+00:00,163.99666666666667,
11011,2025-10-02 19:00:00+00:00,127.185,
11012,2025-10-02 20:00:00+00:00,92.69,
11013,2025-10-02 21:00:00+00:00,,
11014,2025-10-02 22:00:00+00:00,,
11015,2025-10-02 23:00:00+00:00,,
11016,2025-10-03 00:00:00+00:00,,
11017,2025-10-03 01:00:00+00:00,97.31,
11018,2025-10-03 02:00:00+00:00,,
11019,2025-10-03 03:00:00+00:00,104.15,
11020,2025-10-03 04:00:00+00:00,197.70499999999998,
11021,2025-10-03 05:00:00+00:00,202.61333333333334,
11022,2025-10-03 06:00:00+00:00,,
11023,2025-10-03 07:00:00+00:00,84.61,
11024,2025-10-03 08:00:00+00:00,49.44,
11025,2025-10-03 09:00:00+00:00,51.1,
11026,2025-10-03 10:00:00+00:00,57.553333333333335,
11027,2025-10-03 11:00:00+00:00,,
11028,2025-10-03 12:00:00+00:00,,
11029,2025-10-03 13:00:00+00:00,,
11030,2025-10-03 14:00:00+00:00,124.28,
11031,2025-10-03 15:00:00+00:00,159.78333333333333,
11032,2025-10-03 16:00:00+00:00,193.4525,
11033,2025-10-03 17:00:00+00:00,201.96,
11034,2025-10-03 18:00:00+00:00,159.15,
11035,2025-10-03 19:00:00+00:00,139.43,
11036,2025-10-03 20:00:00+00:00,,
11037,2025-10-03 21:00:00+00:00,81.02,
11038,2025-10-03 22:00:00+00:00,70.53,
11039,2025-10-03 23:00:00+00:00,,
11040,2025-10-04 00:00:00+00:00,89.895,
11041,2025-10-04 01:00:00+00:00,,
11042,2025-10-04 02:00:00+00:00,,
11043,2025-10-04 03:00:00+00:00,,
11044,2025-10-04 04:00:00+00:00,85.8,
11045,2025-10-04 05:00:00+00:00,86.32249999999999,
11046,2025-10-04 06:00:00+00:00,39.81,
11047,2025-10-04 07:00:00+00:00,23.41,
11048,2025-10-04 08:00:00+00:00,4.77,
11049,2025-10-04 09:00:00+00:00,,
11050,2025-10-04 10:00:00+00:00,0.34,
11051,2025-10-04 11:00:00+00:00,0.7066666666666667,
11052,2025-10-04 12:00:00+00:00,9.79,
11053,2025-10-04 13:00:00+00:00,20.79,
11054,2025-10-04 14:00:00+00:00,33.0,
11055,2025-10-04 15:00:00+00:00,,
11056,2025-10-04 16:00:00+00:00,,
11057,2025-10-04 17:00:00+00:00,,
11058,2025-10-04 18:00:00+00:00,,
11059,2025-10-04 19:00:00+00:00,46.14,
11060,2025-10-04 20:00:00+00:00,19.045,
11061,2025-10-04 21:00:00+00:00,7.3100000000000005,
11062,2025-10-04 22:00:00+00:00,6.02,
11063,2025-10-04 23:00:00+00:00,3.3400000000000003,
11064,2025-10-05 00:00:00+00:00,-0.2,
11065,2025-10-05 01:00:00+00:00,,
11066,2025-10-05 02:00:00+00:00,,
11067,2025-10-05 03:00:00+00:00,,
11068,2025-10-05 04:00:00+00:00,-0.24,
11069,2025-10-05 05:00:00+00:00,0.7133333333333334,
11070,2025-10-05 06:00:00+00:00,-0.17,
11071,2025-10-05 07:00:00+00:00,5.44,
11072,2025-10-05 08:00:00+00:00,3.89,
11073,2025-10-05 09:00:00+00:00,2.705,
11074,2025-10-05 10:00:00+00:00,4.11,
11075,2025-10-05 11:00:00+00:00,5.325,
11076,2025-10-05 12:00:00+00:00,10.43,
11077,2025-10-05 13:00:00+00:00,10.260000000000002,
11078,2025-10-05 14:00:00+00:00,29.88,
11079,2025-10-05 15:00:00+00:00,106.03666666666668,
11080,2025-10-05 16:00:00+00:00,84.55,
11081,2025-10-05 17:00:00+00:00,95.85,
11082,2025-10-05 18:00:00+00:00,,
11083,2025-10-05 19:00:00+00:00,56.31,
11084,2025-10-05 20:00:00+00:00,15.51,
11085,2025-10-05 21:00:00+00:00,24.486666666666668,
11086,2025-10-05 22:00:00+00:00,29.433333333333334,
11087,2025-10-05 23:00:00+00:00,36.76,
11088,2025-10-06 00:00:00+00:00,28.9725,
11089,2025-10-06 01:00:00+00:00,22.403333333333332,
11090,2025-10-06 02:00:00+00:00,13.72,
11091,2025-10-06 03:00:00+00:00,16.265,
11092,2025-10-06 04:00:00+00:00,40.02,
11093,2025-10-06 05:00:00+00:00,,
11094,2025-10-06 06:00:00+00:00,,
11095,2025-10-06 07:00:00+00:00,,
11096,2025-10-06 08:00:00+00:00,88.9,
11097,2025-10-06 09:00:00+00:00,82.46,
11098,2025-10-06 10:00:00+00:00,,
11099,2025-10-06 11:00:00+00:00,,
11100,2025-10-06 12:00:00+00:00,,
11101,2025-10-06 13:00:00+00:00,,
11102,2025-10-06 14:00:00+00:00,,
11103,2025-10-06 15:00:00+00:00,143.33666666666667,
11104,2025-10-06 16:00:00+00:00,130.29500000000002,
11105,2025-10-06 17:00:00+00:00,160.0175,
11106,2025-10-06 18:00:00+00:00,129.84,
11107,2025-10-06 19:00:00+00:00,,
11108,2025-10-06 20:00:00+00:00,115.14,
11109,2025-10-06 21:00:00+00:00,,
11110,2025-10-06 22:00:00+00:00,,
11111,2025-10-06 23:00:00+00:00,,
11112,2025-10-07 00:00:00+00:00,,
11113,2025-10-07 01:00:00+00:00,,
11114,2025-10-07 02:00:00+00:00,,
11115,2025-10-07 03:00:00+00:00,,
11116,2025-10-07 04:00:00+00:00,153.45999999999998,
11117,2025-10-07 05:00:00+00:00,237.50333333333333,
11118,2025-10-07 06:00:00+00:00,298.90000000000003,
11119,2025-10-07 07:00:00+00:00,228.03666666666663,
11120,2025-10-07 08:00:00+00:00,150.12,
11121,2025-10-07 09:00:00+00:00,,
11122,2025-10-07 10:00:00+00:00,,
11123,2025-10-07 11:00:00+00:00,105.9,
11124,2025-10-07 12:00:00+00:00,,
11125,2025-10-07 13:00:00+00:00,,
11126,2025-10-07 14:00:00+00:00,139.51999999999998,
11127,2025-10-07 15:00:00+00:00,168.965,
11128,2025-10-07 16:00:00+00:00,212.06,
11129,2025-10-07 17:00:00+00:00,244.12666666666667,
11130,2025-10-07 18:00:00+00:00,179.35,
11131,2025-10-07 19:00:00+00:00,129.01,
11132,2025-10-07 20:00:00+00:00,,
11133,2025-10-07 21:00:00+00:00,107.82,
11134,2025-10-07 22:00:00+00:00,118.1,
11135,2025-10-07 23:00:00+00:00,,
11136,2025-10-08 00:00:00+00:00,106.94,
11137,2025-10-08 01:00:00+00:00,,
11138,2025-10-08 02:00:00+00:00,,
11139,2025-10-08 03:00:00+00:00,,
11140,2025-10-08 04:00:00+00:00,122.75,
11141,2025-10-08 05:00:00+00:00,155.0125,
11142,2025-10-08 06:00:00+00:00,163.15,
11143,2025-10-08 07:00:00+00:00,139.04666666666665,
11144,2025-10-08 08:00:00+00:00,109.18,
11145,2025-10-08 09:00:00+00:00,111.07499999999999,
11146,2025-10-08 10:00:00+00:00,,
11147,2025-10-08 11:00:00+00:00,,
11148,2025-10-08 12:00:00+00:00,,
11149,2025-10-08 13:00:00+00:00,,
11150,2025-10-08 14:00:00+00:00,140.695,
11151,2025-10-08 15:00:00+00:00,160.24333333333334,
11152,2025-10-08 16:00:00+00:00,243.11,
11153,2025-10-08 17:00:00+00:00,209.82666666666668,
11154,2025-10-08 18:00:00+00:00,160.5,
11155,2025-10-08 19:00:00+00:00,115.85,
11156,2025-10-08 20:00:00+00:00,,
11157,2025-10-08 21:00:00+00:00,,
11158,2025-10-08 22:00:00+00:00,,
11159,2025-10-08 23:00:00+00:00,,
11160,2025-10-09 00:00:00+00:00,106.72,
11161,2025-10-09 01:00:00+00:00,,
11162,2025-10-09 02:00:00+00:00,106.08,
11163,2025-10-09 03:00:00+00:00,106.04,
11164,2025-10-09 04:00:00+00:00,147.45,
11165,2025-10-09 05:00:00+00:00,152.04,
11166,2025-10-09 06:00:00+00:00,144.515,
11167,2025-10-09 07:00:00+00:00,166.49,
11168,2025-10-09 08:00:00+00:00,,
11169,2025-10-09 09:00:00+00:00,,
11170,2025-10-09 10:00:00+00:00,,
11171,2025-10-09 11:00:00+00:00,104.34,
11172,2025-10-09 12:00:00+00:00,,
11173,2025-10-09 13:00:00+00:00,108.69,
11174,2025-10-09 14:00:00+00:00,,
11175,2025-10-09 15:00:00+00:00,118.725,
11176,2025-10-09 16:00:00+00:00,125.84,
11177,2025-10-09 17:00:00+00:00,119.27,
11178,2025-10-09 18:00:00+00:00,,
11179,2025-10-09 19:00:00+00:00,107.85,
11180,2025-10-09 20:00:00+00:00,,
11181,2025-10-09 21:00:00+00:00,66.08,
11182,2025-10-09 22:00:00+00:00,,
11183,2025-10-09 23:00:00+00:00,,
11184,2025-10-10 00:00:00+00:00,78.71,
11185,2025-10-10 01:00:00+00:00,75.75,
11186,2025-10-10 02:00:00+00:00,73.15,
11187,2025-10-10 03:00:00+00:00,67.2,
11188,2025-10-10 04:00:00+00:00,,
11189,2025-10-10 05:00:00+00:00,115.85,
11190,2025-10-10 06:00:00+00:00,,
11191,2025-10-10 07:00:00+00:00,,
11192,2025-10-10 08:00:00+00:00,97.59,
11193,2025-10-10 09:00:00+00:00,79.31,
11194,2025-10-10 10:00:00+00:00,67.74,
11195,2025-10-10 11:00:00+00:00,,
11196,2025-10-10 12:00:00+00:00,61.66,
11197,2025-10-10 13:00:00+00:00,87.15,
11198,2025-10-10 14:00:00+00:00,110.52,
11199,2025-10-10 15:00:00+00:00,101.07,
11200,2025-10-10 16:00:00+00:00,121.94,
11201,2025-10-10 17:00:00+00:00,,
11202,2025-10-10 18:00:00+00:00,,
11203,2025-10-10 19:00:00+00:00,,
11204,2025-10-10 20:00:00+00:00,82.13,
11205,2025-10-10 21:00:00+00:00,91.21,
11206,2025-10-10 22:00:00+00:00,,
11207,2025-10-10 23:00:00+00:00,,
11208,2025-10-11 00:00:00+00:00,87.72,
11209,2025-10-11 01:00:00+00:00,,
11210,2025-10-11 02:00:00+00:00,81.41,
11211,2025-10-11 03:00:00+00:00,,
11212,2025-10-11 04:00:00+00:00,,
11213,2025-10-11 05:00:00+00:00,,
11214,2025-10-11 06:00:00+00:00,,
11215,2025-10-11 07:00:00+00:00,101.87,
11216,2025-10-11 08:00:00+00:00,,
11217,2025-10-11 09:00:00+00:00,105.89,
11218,2025-10-11 10:00:00+00:00,,
11219,2025-10-11 11:00:00+00:00,,
11220,2025-10-11 12:00:00+00:00,,
11221,2025-10-11 13:00:00+00:00,,
11222,2025-10-11 14:00:00+00:00,,
11223,2025-10-11 15:00:00+00:00,104.66,
11224,2025-10-11 16:00:00+00:00,,
11225,2025-10-11 17:00:00+00:00,130.28,
11226,2025-10-11 18:00:00+00:00,118.69,
11227,2025-10-11 19:00:00+00:00,126.46,
11228,2025-10-11 20:00:00+00:00,110.56,
11229,2025-10-11 21:00:00+00:00,106.05,
11230,2025-10-11 22:00:00+00:00,,
11231,2025-10-11 23:00:00+00:00,,
11232,2025-10-12 00:00:00+00:00,,
11233,2025-10-12 01:00:00+00:00,,
11234,2025-10-12 02:00:00+00:00,,
11235,2025-10-12 03:00:00+00:00,,
11236,2025-10-12 04:00:00+00:00,,
11237,2025-10-12 05:00:00+00:00,98.49,
11238,2025-10-12 06:00:00+00:00,76.87,
11239,2025-10-12 07:00:00+00:00,,
11240,2025-10-12 08:00:00+00:00,,
11241,2025-10-12 09:00:00+00:00,81.78,
11242,2025-10-12 10:00:00+00:00,,
11243,2025-10-12 11:00:00+00:00,76.52,
11244,2025-10-12 12:00:00+00:00,95.21,
11245,2025-10-12 13:00:00+00:00,73.42,
11246,2025-10-12 14:00:00+00:00,106.46,
11247,2025-10-12 15:00:00+00:00,,
11248,2025-10-12 16:00:00+00:00,109.88,
11249,2025-10-12 17:00:00+00:00,,
11250,2025-10-12 18:00:00+00:00,108.47999999999999,
11251,2025-10-12 19:00:00+00:00,,
11252,2025-10-12 20:00:00+00:00,120.61,
11253,2025-10-12 21:00:00+00:00,,
11254,2025-10-12 22:00:00+00:00,,
11255,2025-10-12 23:00:00+00:00,,
11256,2025-10-13 00:00:00+00:00,,
11257,2025-10-13 01:00:00+00:00,,
11258,2025-10-13 02:00:00+00:00,,
11259,2025-10-13 03:00:00+00:00,,
11260,2025-10-13 04:00:00+00:00,175.07,
11261,2025-10-13 05:00:00+00:00,232.38,
11262,2025-10-13 06:00:00+00:00,237.855,
11263,2025-10-13 07:00:00+00:00,161.34666666666666,
11264,2025-10-13 08:00:00+00:00,123.86500000000001,
11265,2025-10-13 09:00:00+00:00,99.32,
11266,2025-10-13 10:00:00+00:00,,
11267,2025-10-13 11:00:00+00:00,96.04,
11268,2025-10-13 12:00:00+00:00,,
11269,2025-10-13 13:00:00+00:00,120.43,
11270,2025-10-13 14:00:00+00:00,,
11271,2025-10-13 15:00:00+00:00,186.38333333333335,
11272,2025-10-13 16:00:00+00:00,285.8075,
11273,2025-10-13 17:00:00+00:00,287.31,
11274,2025-10-13 18:00:00+00:00,168.835,
11275,2025-10-13 19:00:00+00:00,163.53,
11276,2025-10-13 20:00:00+00:00,134.48,
11277,2025-10-13 21:00:00+00:00,106.52000000000001,
11278,2025-10-13 22:00:00+00:00,,
11279,2025-10-13 23:00:00+00:00,107.36,
11280,2025-10-14 00:00:00+00:00,,
11281,2025-10-14 01:00:00+00:00,,
11282,2025-10-14 02:00:00+00:00,,
11283,2025-10-14 03:00:00+00:00,,
11284,2025-10-14 04:00:00+00:00,134.845,
11285,2025-10-14 05:00:00+00:00,221.49666666666667,
11286,2025-10-14 06:00:00+00:00,230.29333333333332,
11287,2025-10-14 07:00:00+00:00,198.26999999999998,
11288,2025-10-14 08:00:00+00:00,142.90666666666667,
11289,2025-10-14 09:00:00+00:00,119.995,
11290,2025-10-14 10:00:00+00:00,,
11291,2025-10-14 11:00:00+00:00,,
11292,2025-10-14 12:00:00+00:00,116.39,
11293,2025-10-14 13:00:00+00:00,162.425,
11294,2025-10-14 14:00:00+00:00,222.435,
11295,2025-10-14 15:00:00+00:00,239.87,
11296,2025-10-14 16:00:00+00:00,395.28999999999996,
11297,2025-10-14 17:00:00+00:00,410.4825,
11298,2025-10-14 18:00:00+00:00,219.33666666666667,
11299,2025-10-14 19:00:00+00:00,176.02499999999998,
11300,2025-10-14 20:00:00+00:00,129.38,
11301,2025-10-14 21:00:00+00:00,123.31,
11302,2025-10-14 22:00:00+00:00,122.35,
11303,2025-10-14 23:00:00+00:00,,
11304,2025-10-15 00:00:00+00:00,,
11305,2025-10-15 01:00:00+00:00,111.12,
11306,2025-10-15 02:00:00+00:00,,
11307,2025-10-15 03:00:00+00:00,117.95,
11308,2025-10-15 04:00:00+00:00,187.235,
11309,2025-10-15 05:00:00+00:00,287.1175,
11310,2025-10-15 06:00:00+00:00,277.765,
11311,2025-10-15 07:00:00+00:00,197.4366666666667,
11312,2025-10-15 08:00:00+00:00,145.80333333333334,
11313,2025-10-15 09:00:00+00:00,118.82,
11314,2025-10-15 10:00:00+00:00,118.7,
11315,2025-10-15 11:00:00+00:00,,
11316,2025-10-15 12:00:00+00:00,136.29500000000002,
11317,2025-10-15 13:00:00+00:00,132.03333333333333,
11318,2025-10-15 14:00:00+00:00,142.56,
11319,2025-10-15 15:00:00+00:00,201.07,
11320,2025-10-15 16:00:00+00:00,222.70666666666668,
11321,2025-10-15 17:00:00+00:00,220.35666666666665,
11322,2025-10-15 18:00:00+00:00,194.01,
11323,2025-10-15 19:00:00+00:00,,
11324,2025-10-15 20:00:00+00:00,103.62,
11325,2025-10-15 21:00:00+00:00,,
11326,2025-10-15 22:00:00+00:00,112.8,
11327,2025-10-15 23:00:00+00:00,,
11328,2025-10-16 00:00:00+00:00,,
11329,2025-10-16 01:00:00+00:00,,
11330,2025-10-16 02:00:00+00:00,113.21,
11331,2025-10-16 03:00:00+00:00,,
11332,2025-10-16 04:00:00+00:00,115.99,
11333,2025-10-16 05:00:00+00:00,117.09333333333332,
11334,2025-10-16 06:00:00+00:00,145.97,
11335,2025-10-16 07:00:00+00:00,140.26,
11336,2025-10-16 08:00:00+00:00,,
11337,2025-10-16 09:00:00+00:00,,
11338,2025-10-16 10:00:00+00:00,102.87,
11339,2025-10-16 11:00:00+00:00,,
11340,2025-10-16 12:00:00+00:00,,
11341,2025-10-16 13:00:00+00:00,105.71,
11342,2025-10-16 14:00:00+00:00,132.3,
11343,2025-10-16 15:00:00+00:00,141.965,
11344,2025-10-16 16:00:00+00:00,159.82666666666668,
11345,2025-10-16 17:00:00+00:00,141.125,
11346,2025-10-16 18:00:00+00:00,141.97,
11347,2025-10-16 19:00:00+00:00,139.99,
11348,2025-10-16 20:00:00+00:00,,
11349,2025-10-16 21:00:00+00:00,,
11350,2025-10-16 22:00:00+00:00,105.33,
11351,2025-10-16 23:00:00+00:00,106.375,
11352,2025-10-17 00:00:00+00:00,,
11353,2025-10-17 01:00:00+00:00,,
11354,2025-10-17 02:00:00+00:00,148.1,
11355,2025-10-17 03:00:00+00:00,105.32,
11356,2025-10-17 04:00:00+00:00,137.01,
11357,2025-10-17 05:00:00+00:00,158.505,
11358,2025-10-17 06:00:00+00:00,159.86,
11359,2025-10-17 07:00:00+00:00,161.02,
11360,2025-10-17 08:00:00+00:00,124.54,
11361,2025-10-17 09:00:00+00:00,110.285,
11362,2025-10-17 10:00:00+00:00,124.34,
11363,2025-10-17 11:00:00+00:00,108.13,
11364,2025-10-17 12:00:00+00:00,,
11365,2025-10-17 13:00:00+00:00,137.32,
11366,2025-10-17 14:00:00+00:00,158.765,
11367,2025-10-17 15:00:00+00:00,173.13,
11368,2025-10-17 16:00:00+00:00,173.82666666666668,
11369,2025-10-17 17:00:00+00:00,163.72,
11370,2025-10-17 18:00:00+00:00,145.75,
11371,2025-10-17 19:00:00+00:00,108.35,
11372,2025-10-17 20:00:00+00:00,98.01,
11373,2025-10-17 21:00:00+00:00,,
11374,2025-10-17 22:00:00+00:00,,
11375,2025-10-17 23:00:00+00:00,,
11376,2025-10-18 00:00:00+00:00,,
11377,2025-10-18 01:00:00+00:00,80.13999999999999,
11378,2025-10-18 02:00:00+00:00,,
11379,2025-10-18 03:00:00+00:00,79.68,
11380,2025-10-18 04:00:00+00:00,,
11381,2025-10-18 05:00:00+00:00,114.11,
11382,2025-10-18 06:00:00+00:00,106.92,
11383,2025-10-18 07:00:00+00:00,85.685,
11384,2025-10-18 08:00:00+00:00,,
11385,2025-10-18 09:00:00+00:00,,
11386,2025-10-18 10:00:00+00:00,70.74,
11387,2025-10-18 11:00:00+00:00,74.28,
11388,2025-10-18 12:00:00+00:00,74.99,
11389,2025-10-18 13:00:00+00:00,,
11390,2025-10-18 14:00:00+00:00,,
11391,2025-10-18 15:00:00+00:00,139.48499999999999,
11392,2025-10-18 16:00:00+00:00,,
11393,2025-10-18 17:00:00+00:00,131.33,
11394,2025-10-18 18:00:00+00:00,,
11395,2025-10-18 19:00:00+00:00,,
11396,2025-10-18 20:00:00+00:00,108.06,
11397,2025-10-18 21:00:00+00:00,,
11398,2025-10-18 22:00:00+00:00,137.66,
11399,2025-10-18 23:00:00+00:00,,
11400,2025-10-19 00:00:00+00:00,,
11401,2025-10-19 01:00:00+00:00,,
11402,2025-10-19 02:00:00+00:00,,
11403,2025-10-19 03:00:00+00:00,,
11404,2025-10-19 04:00:00+00:00,108.11,
11405,2025-10-19 05:00:00+00:00,,
11406,2025-10-19 06:00:00+00:00,,
11407,2025-10-19 07:00:00+00:00,,
11408,2025-10-19 08:00:00+00:00,,
11409,2025-10-19 09:00:00+00:00,57.120000000000005,
11410,2025-10-19 10:00:00+00:00,34.832499999999996,
11411,2025-10-19 11:00:00+00:00,22.84,
11412,2025-10-19 12:00:00+00:00,53.78,
11413,2025-10-19 13:00:00+00:00,49.99,
11414,2025-10-19 14:00:00+00:00,,
11415,2025-10-19 15:00:00+00:00,154.595,
11416,2025-10-19 16:00:00+00:00,164.61,
11417,2025-10-19 17:00:00+00:00,165.62666666666667,
11418,2025-10-19 18:00:00+00:00,,
11419,2025-10-19 19:00:00+00:00,,
11420,2025-10-19 20:00:00+00:00,,
11421,2025-10-19 21:00:00+00:00,,
11422,2025-10-19 22:00:00+00:00,97.05,
11423,2025-10-19 23:00:00+00:00,97.04,
11424,2025-10-20 00:00:00+00:00,94.95,
11425,2025-10-20 01:00:00+00:00,,
11426,2025-10-20 02:00:00+00:00,,
11427,2025-10-20 03:00:00+00:00,,
11428,2025-10-20 04:00:00+00:00,,
11429,2025-10-20 05:00:00+00:00,223.48333333333335,
11430,2025-10-20 06:00:00+00:00,,
11431,2025-10-20 07:00:00+00:00,107.28,
11432,2025-10-20 08:00:00+00:00,47.6575,
11433,2025-10-20 09:00:00+00:00,50.96333333333333,
11434,2025-10-20 10:00:00+00:00,16.4575,
11435,2025-10-20 11:00:00+00:00,34.79333333333333,
11436,2025-10-20 12:00:00+00:00,52.065,
11437,2025-10-20 13:00:00+00:00,78.25,
11438,2025-10-20 14:00:00+00:00,,
11439,2025-10-20 15:00:00+00:00,134.72,
11440,2025-10-20 16:00:00+00:00,137.56,
11441,2025-10-20 17:00:00+00:00,,
11442,2025-10-20 18:00:00+00:00,,
11443,2025-10-20 19:00:00+00:00,,
11444,2025-10-20 20:00:00+00:00,,
11445,2025-10-20 21:00:00+00:00,75.85000000000001,
11446,2025-10-20 22:00:00+00:00,70.495,
11447,2025-10-20 23:00:00+00:00,54.8775,
11448,2025-10-21 00:00:00+00:00,51.5875,
11449,2025-10-21 01:00:00+00:00,41.38999999999999,
11450,2025-10-21 02:00:00+00:00,48.803333333333335,
11451,2025-10-21 03:00:00+00:00,86.06666666666666,
11452,2025-10-21 04:00:00+00:00,,
11453,2025-10-21 05:00:00+00:00,126.44,
11454,2025-10-21 06:00:00+00:00,,
11455,2025-10-21 07:00:00+00:00,,
11456,2025-10-21 08:00:00+00:00,43.17666666666667,
11457,2025-10-21 09:00:00+00:00,27.88,
11458,2025-10-21 10:00:00+00:00,26.285,
11459,2025-10-21 11:00:00+00:00,23.630000000000003,
11460,2025-10-21 12:00:00+00:00,41.0,
11461,2025-10-21 13:00:00+00:00,77.755,
11462,2025-10-21 14:00:00+00:00,125.095,
11463,2025-10-21 15:00:00+00:00,137.775,
11464,2025-10-21 16:00:00+00:00,125.67500000000001,
11465,2025-10-21 17:00:00+00:00,140.2,
11466,2025-10-21 18:00:00+00:00,,
11467,2025-10-21 19:00:00+00:00,132.02,
11468,2025-10-21 20:00:00+00:00,115.55,
11469,2025-10-21 21:00:00+00:00,,
11470,2025-10-21 22:00:00+00:00,,
11471,2025-10-21 23:00:00+00:00,,
11472,2025-10-22 00:00:00+00:00,,
11473,2025-10-22 01:00:00+00:00,96.51,
11474,2025-10-22 02:00:00+00:00,,
11475,2025-10-22 03:00:00+00:00,116.83,
11476,2025-10-22 04:00:00+00:00,146.44,
11477,2025-10-22 05:00:00+00:00,186.675,
11478,2025-10-22 06:00:00+00:00,171.34,
11479,2025-10-22 07:00:00+00:00,143.51,
11480,2025-10-22 08:00:00+00:00,130.54,
11481,2025-10-22 09:00:00+00:00,96.81,
11482,2025-10-22 10:00:00+00:00,,
11483,2025-10-22 11:00:00+00:00,,
11484,2025-10-22 12:00:00+00:00,109.02,
11485,2025-10-22 13:00:00+00:00,,
11486,2025-10-22 14:00:00+00:00,169.0975,
11487,2025-10-22 15:00:00+00:00,213.57999999999998,
11488,2025-10-22 16:00:00+00:00,277.74,
11489,2025-10-22 17:00:00+00:00,275.1825,
11490,2025-10-22 18:00:00+00:00,227.39,
11491,2025-10-22 19:00:00+00:00,,
11492,2025-10-22 20:00:00+00:00,145.25,
11493,2025-10-22 21:00:00+00:00,,
11494,2025-10-22 22:00:00+00:00,115.52,
11495,2025-10-22 23:00:00+00:00,110.27,
11496,2025-10-23 00:00:00+00:00,153.72,
11497,2025-10-23 01:00:00+00:00,,
11498,2025-10-23 02:00:00+00:00,,
11499,2025-10-23 03:00:00+00:00,,
11500,2025-10-23 04:00:00+00:00,163.64,
11501,2025-10-23 05:00:00+00:00,171.2733333333333,
11502,2025-10-23 06:00:00+00:00,172.865,
11503,2025-10-23 07:00:00+00:00,113.345,
11504,2025-10-23 08:00:00+00:00,,
11505,2025-10-23 09:00:00+00:00,,
11506,2025-10-23 10:00:00+00:00,,
11507,2025-10-23 11:00:00+00:00,88.59,
11508,2025-10-23 12:00:00+00:00,,
11509,2025-10-23 13:00:00+00:00,,
11510,2025-10-23 14:00:00+00:00,115.94,
11511,2025-10-23 15:00:00+00:00,151.84,
11512,2025-10-23 16:00:00+00:00,,
11513,2025-10-23 17:00:00+00:00,130.28,
11514,2025-10-23 18:00:00+00:00,107.05,
11515,2025-10-23 19:00:00+00:00,105.16,
11516,2025-10-23 20:00:00+00:00,115.59,
11517,2025-10-23 21:00:00+00:00,,
11518,2025-10-23 22:00:00+00:00,105.26,
11519,2025-10-23 23:00:00+00:00,,
11520,2025-10-24 00:00:00+00:00,86.86,
11521,2025-10-24 01:00:00+00:00,,
11522,2025-10-24 02:00:00+00:00,,
11523,2025-10-24 03:00:00+00:00,94.63499999999999,
11524,2025-10-24 04:00:00+00:00,125.97,
11525,2025-10-24 05:00:00+00:00,157.08,
11526,2025-10-24 06:00:00+00:00,147.645,
11527,2025-10-24 07:00:00+00:00,135.2,
11528,2025-10-24 08:00:00+00:00,,
11529,2025-10-24 09:00:00+00:00,,
11530,2025-10-24 10:00:00+00:00,126.04,
11531,2025-10-24 11:00:00+00:00,127.87,
11532,2025-10-24 12:00:00+00:00,,
11533,2025-10-24 13:00:00+00:00,,
11534,2025-10-24 14:00:00+00:00,,
11535,2025-10-24 15:00:00+00:00,163.74,
11536,2025-10-24 16:00:00+00:00,134.9,
11537,2025-10-24 17:00:00+00:00,133.55,
11538,2025-10-24 18:00:00+00:00,,
11539,2025-10-24 19:00:00+00:00,,
11540,2025-10-24 20:00:00+00:00,51.6,
11541,2025-10-24 21:00:00+00:00,52.583333333333336,
11542,2025-10-24 22:00:00+00:00,70.86,
11543,2025-10-24 23:00:00+00:00,57.163333333333334,
11544,2025-10-25 00:00:00+00:00,57.305,
11545,2025-10-25 01:00:00+00:00,63.79666666666666,
11546,2025-10-25 02:00:00+00:00,94.47,
11547,2025-10-25 03:00:00+00:00,74.21,
11548,2025-10-25 04:00:00+00:00,107.22,
11549,2025-10-25 05:00:00+00:00,133.23,
11550,2025-10-25 06:00:00+00:00,,
11551,2025-10-25 07:00:00+00:00,,
11552,2025-10-25 08:00:00+00:00,25.845,
11553,2025-10-25 09:00:00+00:00,14.955,
11554,2025-10-25 10:00:00+00:00,11.94,
11555,2025-10-25 11:00:00+00:00,17.244999999999997,
11556,2025-10-25 12:00:00+00:00,32.85,
11557,2025-10-25 13:00:00+00:00,,
11558,2025-10-25 14:00:00+00:00,114.29,
11559,2025-10-25 15:00:00+00:00,123.55,
11560,2025-10-25 16:00:00+00:00,132.55,
11561,2025-10-25 17:00:00+00:00,104.18,
11562,2025-10-25 18:00:00+00:00,,
11563,2025-10-25 19:00:00+00:00,,
11564,2025-10-25 20:00:00+00:00,,
11565,2025-10-25 21:00:00+00:00,70.68,
11566,2025-10-25 22:00:00+00:00,54.795,
11567,2025-10-25 23:00:00+00:00,37.77333333333333,
11568,2025-10-26 00:00:00+00:00,27.27,
11569,2025-10-26 01:00:00+00:00,30.72,
11570,2025-10-26 02:00:00+00:00,28.1075,
11571,2025-10-26 03:00:00+00:00,25.68,
11572,2025-10-26 04:00:00+00:00,36.339999999999996,
11573,2025-10-26 05:00:00+00:00,40.99333333333333,
11574,2025-10-26 06:00:00+00:00,33.63,
11575,2025-10-26 07:00:00+00:00,20.25,
11576,2025-10-26 08:00:00+00:00,21.52,
11577,2025-10-26 09:00:00+00:00,13.08,
11578,2025-10-26 10:00:00+00:00,5.74,
11579,2025-10-26 11:00:00+00:00,4.08,
11580,2025-10-26 12:00:00+00:00,4.5,
11581,2025-10-26 13:00:00+00:00,31.150000000000002,
11582,2025-10-26 14:00:00+00:00,,
11583,2025-10-26 15:00:00+00:00,145.76,
11584,2025-10-26 16:00:00+00:00,,
11585,2025-10-26 17:00:00+00:00,,
11586,2025-10-26 18:00:00+00:00,104.0,
11587,2025-10-26 19:00:00+00:00,93.65,
11588,2025-10-26 20:00:00+00:00,,
11589,2025-10-26 21:00:00+00:00,39.78,
11590,2025-10-26 22:00:00+00:00,10.113333333333333,
11591,2025-10-26 23:00:00+00:00,24.43,
11592,2025-10-27 00:00:00+00:00,20.36,
11593,2025-10-27 01:00:00+00:00,17.506666666666664,
11594,2025-10-27 02:00:00+00:00,16.886666666666667,
11595,2025-10-27 03:00:00+00:00,26.22,
11596,2025-10-27 04:00:00+00:00,46.575,
11597,2025-10-27 05:00:00+00:00,,
11598,2025-10-27 06:00:00+00:00,106.49,
11599,2025-10-27 07:00:00+00:00,,
11600,2025-10-27 08:00:00+00:00,,
11601,2025-10-27 09:00:00+00:00,94.67,
11602,2025-10-27 10:00:00+00:00,,
11603,2025-10-27 11:00:00+00:00,,
11604,2025-10-27 12:00:00+00:00,,
11605,2025-10-27 13:00:00+00:00,96.31,
11606,2025-10-27 14:00:00+00:00,174.3,
11607,2025-10-27 15:00:00+00:00,190.995,
11608,2025-10-27 16:00:00+00:00,213.14,
11609,2025-10-27 17:00:00+00:00,126.7,
11610,2025-10-27 18:00:00+00:00,151.44,
11611,2025-10-27 19:00:00+00:00,141.63,
11612,2025-10-27 20:00:00+00:00,151.24,
11613,2025-10-27 21:00:00+00:00,97.75,
11614,2025-10-27 22:00:00+00:00,,
11615,2025-10-27 23:00:00+00:00,64.82,
11616,2025-10-28 00:00:00+00:00,42.485,
11617,2025-10-28 01:00:00+00:00,35.623333333333335,
11618,2025-10-28 02:00:00+00:00,28.725,
11619,2025-10-28 03:00:00+00:00,31.373333333333335,
11620,2025-10-28 04:00:00+00:00,33.92666666666667,
11621,2025-10-28 05:00:00+00:00,47.97,
11622,2025-10-28 06:00:00+00:00,,
11623,2025-10-28 07:00:00+00:00,103.79,
11624,2025-10-28 08:00:00+00:00,98.48,
11625,2025-10-28 09:00:00+00:00,,
11626,2025-10-28 10:00:00+00:00,,
11627,2025-10-28 11:00:00+00:00,,
11628,2025-10-28 12:00:00+00:00,,
11629,2025-10-28 13:00:00+00:00,,
11630,2025-10-28 14:00:00+00:00,,
11631,2025-10-28 15:00:00+00:00,147.31,
11632,2025-10-28 16:00:00+00:00,143.60000000000002,
11633,2025-10-28 17:00:00+00:00,123.07,
11634,2025-10-28 18:00:00+00:00,,
11635,2025-10-28 19:00:00+00:00,,
11636,2025-10-28 20:00:00+00:00,,
11637,2025-10-28 21:00:00+00:00,,
11638,2025-10-28 22:00:00+00:00,93.52,
11639,2025-10-28 23:00:00+00:00,61.7,
11640,2025-10-29 00:00:00+00:00,62.36333333333334,
11641,2025-10-29 01:00:00+00:00,65.35,
11642,2025-10-29 02:00:00+00:00,66.7,
11643,2025-10-29 03:00:00+00:00,61.275000000000006,
11644,2025-10-29 04:00:00+00:00,61.769999999999996,
11645,2025-10-29 05:00:00+00:00,,
11646,2025-10-29 06:00:00+00:00,,
11647,2025-10-29 07:00:00+00:00,,
11648,2025-10-29 08:00:00+00:00,69.98,
11649,2025-10-29 09:00:00+00:00,,
11650,2025-10-29 10:00:00+00:00,71.28,
11651,2025-10-29 11:00:00+00:00,68.035,
11652,2025-10-29 12:00:00+00:00,95.83,
11653,2025-10-29 13:00:00+00:00,,
11654,2025-10-29 14:00:00+00:00,146.745,
11655,2025-10-29 15:00:00+00:00,178.08,
11656,2025-10-29 16:00:00+00:00,186.73000000000002,
11657,2025-10-29 17:00:00+00:00,148.26333333333332,
11658,2025-10-29 18:00:00+00:00,153.5475,
11659,2025-10-29 19:00:00+00:00,173.72,
11660,2025-10-29 20:00:00+00:00,115.74,
11661,2025-10-29 21:00:00+00:00,,
11662,2025-10-29 22:00:00+00:00,,
11663,2025-10-29 23:00:00+00:00,63.04,
11664,2025-10-30 00:00:00+00:00,,
11665,2025-10-30 01:00:00+00:00,68.18,
11666,2025-10-30 02:00:00+00:00,67.255,
11667,2025-10-30 03:00:00+00:00,60.09666666666667,
11668,2025-10-30 04:00:00+00:00,57.635000000000005,
11669,2025-10-30 05:00:00+00:00,124.28999999999999,
11670,2025-10-30 06:00:00+00:00,110.32,
11671,2025-10-30 07:00:00+00:00,94.31,
11672,2025-10-30 08:00:00+00:00,100.63,
11673,2025-10-30 09:00:00+00:00,,
11674,2025-10-30 10:00:00+00:00,,
11675,2025-10-30 11:00:00+00:00,,
11676,2025-10-30 12:00:00+00:00,94.96,
11677,2025-10-30 13:00:00+00:00,,
11678,2025-10-30 14:00:00+00:00,,
11679,2025-10-30 15:00:00+00:00,123.68,
11680,2025-10-30 16:00:00+00:00,,
11681,2025-10-30 17:00:00+00:00,,
11682,2025-10-30 18:00:00+00:00,,
11683,2025-10-30 19:00:00+00:00,95.17,
11684,2025-10-30 20:00:00+00:00,,
11685,2025-10-30 21:00:00+00:00,,
11686,2025-10-30 22:00:00+00:00,36.88,
11687,2025-10-30 23:00:00+00:00,48.47333333333333,
11688,2025-10-31 00:00:00+00:00,25.47,
11689,2025-10-31 01:00:00+00:00,38.69,
11690,2025-10-31 02:00:00+00:00,41.81,
11691,2025-10-31 03:00:00+00:00,,
11692,2025-10-31 04:00:00+00:00,,
11693,2025-10-31 05:00:00+00:00,132.12,
11694,2025-10-31 06:00:00+00:00,124.67,
11695,2025-10-31 07:00:00+00:00,,
11696,2025-10-31 08:00:00+00:00,110.35,
11697,2025-10-31 09:00:00+00:00,79.63,
11698,2025-10-31 10:00:00+00:00,75.935,
11699,2025-10-31 11:00:00+00:00,76.96333333333332,
11700,2025-10-31 12:00:00+00:00,,
11701,2025-10-31 13:00:00+00:00,,
11702,2025-10-31 14:00:00+00:00,139.075,
11703,2025-10-31 15:00:00+00:00,261.0366666666667,
11704,2025-10-31 16:00:00+00:00,324.565,
11705,2025-10-31 17:00:00+00:00,191.64499999999998,
11706,2025-10-31 18:00:00+00:00,198.53666666666666,
11707,2025-10-31 19:00:00+00:00,174.24,
11708,2025-10-31 20:00:00+00:00,151.53,
11709,2025-10-31 21:00:00+00:00,,
11710,2025-10-31 22:00:00+00:00,,
11711,2025-10-31 23:00:00+00:00,155.93,
11712,2025-11-01 00:00:00+00:00,,
11713,2025-11-01 01:00:00+00:00,,
11714,2025-11-01 02:00:00+00:00,74.38,
11715,2025-11-01 03:00:00+00:00,69.545,
11716,2025-11-01 04:00:00+00:00,70.52,
11717,2025-11-01 05:00:00+00:00,64.475,
11718,2025-11-01 06:00:00+00:00,43.54666666666666,
11719,2025-11-01 07:00:00+00:00,43.22,
11720,2025-11-01 08:00:00+00:00,57.44,
11721,2025-11-01 09:00:00+00:00,18.299999999999997,
11722,2025-11-01 10:00:00+00:00,15.06,
11723,2025-11-01 11:00:00+00:00,21.015,
11724,2025-11-01 12:00:00+00:00,35.27333333333333,
11725,2025-11-01 13:00:00+00:00,44.39,
11726,2025-11-01 14:00:00+00:00,,
11727,2025-11-01 15:00:00+00:00,,
11728,2025-11-01 16:00:00+00:00,98.63,
11729,2025-11-01 17:00:00+00:00,,
11730,2025-11-01 18:00:00+00:00,,
11731,2025-11-01 19:00:00+00:00,94.19,
11732,2025-11-01 20:00:00+00:00,,
11733,2025-11-01 21:00:00+00:00,,
11734,2025-11-01 22:00:00+00:00,,
11735,2025-11-01 23:00:00+00:00,,
11736,2025-11-02 00:00:00+00:00,67.48,
11737,2025-11-02 01:00:00+00:00,,
11738,2025-11-02 02:00:00+00:00,93.325,
11739,2025-11-02 03:00:00+00:00,,
11740,2025-11-02 04:00:00+00:00,112.15,
11741,2025-11-02 05:00:00+00:00,,
11742,2025-11-02 06:00:00+00:00,,
11743,2025-11-02 07:00:00+00:00,99.22,
11744,2025-11-02 08:00:00+00:00,,
11745,2025-11-02 09:00:00+00:00,,
11746,2025-11-02 10:00:00+00:00,,
11747,2025-11-02 11:00:00+00:00,,
11748,2025-11-02 12:00:00+00:00,,
11749,2025-11-02 13:00:00+00:00,,
11750,2025-11-02 14:00:00+00:00,131.2,
11751,2025-11-02 15:00:00+00:00,130.265,
11752,2025-11-02 16:00:00+00:00,118.39,
11753,2025-11-02 17:00:00+00:00,135.815,
11754,2025-11-02 18:00:00+00:00,128.64,
11755,2025-11-02 19:00:00+00:00,,
11756,2025-11-02 20:00:00+00:00,,
11757,2025-11-02 21:00:00+00:00,,
11758,2025-11-02 22:00:00+00:00,,
11759,2025-11-02 23:00:00+00:00,,
11760,2025-11-03 00:00:00+00:00,,
11761,2025-11-03 01:00:00+00:00,103.75,
11762,2025-11-03 02:00:00+00:00,,
11763,2025-11-03 03:00:00+00:00,99.1,
11764,2025-11-03 04:00:00+00:00,155.85,
11765,2025-11-03 05:00:00+00:00,169.19333333333333,
11766,2025-11-03 06:00:00+00:00,157.77333333333334,
11767,2025-11-03 07:00:00+00:00,173.39499999999998,
11768,2025-11-03 08:00:00+00:00,134.7,
11769,2025-11-03 09:00:00+00:00,,
11770,2025-11-03 10:00:00+00:00,120.64,
11771,2025-11-03 11:00:00+00:00,119.9,
11772,2025-11-03 12:00:00+00:00,,
11773,2025-11-03 13:00:00+00:00,155.04,
11774,2025-11-03 14:00:00+00:00,163.26333333333332,
11775,2025-11-03 15:00:00+00:00,172.6475,
11776,2025-11-03 16:00:00+00:00,170.35333333333332,
11777,2025-11-03 17:00:00+00:00,145.215,
11778,2025-11-03 18:00:00+00:00,187.06,
11779,2025-11-03 19:00:00+00:00,171.01,
11780,2025-11-03 20:00:00+00:00,,
11781,2025-11-03 21:00:00+00:00,,
11782,2025-11-03 22:00:00+00:00,34.0,
11783,2025-11-03 23:00:00+00:00,68.15,
11784,2025-11-04 00:00:00+00:00,,
11785,2025-11-04 01:00:00+00:00,78.695,
11786,2025-11-04 02:00:00+00:00,78.405,
11787,2025-11-04 03:00:00+00:00,,
11788,2025-11-04 04:00:00+00:00,,
11789,2025-11-04 05:00:00+00:00,126.17,
11790,2025-11-04 06:00:00+00:00,112.73,
11791,2025-11-04 07:00:00+00:00,,
11792,2025-11-04 08:00:00+00:00,60.24,
11793,2025-11-04 09:00:00+00:00,73.62,
11794,2025-11-04 10:00:00+00:00,73.12,
11795,2025-11-04 11:00:00+00:00,73.655,
11796,2025-11-04 12:00:00+00:00,80.78,
11797,2025-11-04 13:00:00+00:00,,
11798,2025-11-04 14:00:00+00:00,152.23,
11799,2025-11-04 15:00:00+00:00,221.6475,
11800,2025-11-04 16:00:00+00:00,211.86333333333332,
11801,2025-11-04 17:00:00+00:00,146.225,
11802,2025-11-04 18:00:00+00:00,168.59,
11803,2025-11-04 19:00:00+00:00,180.61666666666667,
11804,2025-11-04 20:00:00+00:00,,
11805,2025-11-04 21:00:00+00:00,,
11806,2025-11-04 22:00:00+00:00,78.02,
11807,2025-11-04 23:00:00+00:00,,
11808,2025-11-05 00:00:00+00:00,,
11809,2025-11-05 01:00:00+00:00,96.6,
11810,2025-11-05 02:00:00+00:00,,
11811,2025-11-05 03:00:00+00:00,,
11812,2025-11-05 04:00:00+00:00,120.27,
11813,2025-11-05 05:00:00+00:00,,
11814,2025-11-05 06:00:00+00:00,,
11815,2025-11-05 07:00:00+00:00,143.37,
11816,2025-11-05 08:00:00+00:00,,
11817,2025-11-05 09:00:00+00:00,74.37,
11818,2025-11-05 10:00:00+00:00,,
11819,2025-11-05 11:00:00+00:00,,
11820,2025-11-05 12:00:00+00:00,,
11821,2025-11-05 13:00:00+00:00,,
11822,2025-11-05 14:00:00+00:00,,
11823,2025-11-05 15:00:00+00:00,154.9475,
11824,2025-11-05 16:00:00+00:00,147.55,
11825,2025-11-05 17:00:00+00:00,124.58,
11826,2025-11-05 18:00:00+00:00,,
11827,2025-11-05 19:00:00+00:00,,
11828,2025-11-05 20:00:00+00:00,,
11829,2025-11-05 21:00:00+00:00,,
11830,2025-11-05 22:00:00+00:00,,
11831,2025-11-05 23:00:00+00:00,97.47,
11832,2025-11-06 00:00:00+00:00,,
11833,2025-11-06 01:00:00+00:00,,
11834,2025-11-06 02:00:00+00:00,,
11835,2025-11-06 03:00:00+00:00,,
11836,2025-11-06 04:00:00+00:00,,
11837,2025-11-06 05:00:00+00:00,143.16,
11838,2025-11-06 06:00:00+00:00,125.89,
11839,2025-11-06 07:00:00+00:00,124.6,
11840,2025-11-06 08:00:00+00:00,75.52,
11841,2025-11-06 09:00:00+00:00,,
11842,2025-11-06 10:00:00+00:00,,
11843,2025-11-06 11:00:00+00:00,,
11844,2025-11-06 12:00:00+00:00,89.05,
11845,2025-11-06 13:00:00+00:00,,
11846,2025-11-06 14:00:00+00:00,140.54,
11847,2025-11-06 15:00:00+00:00,155.46,
11848,2025-11-06 16:00:00+00:00,159.79666666666665,
11849,2025-11-06 17:00:00+00:00,141.76,
11850,2025-11-06 18:00:00+00:00,130.935,
11851,2025-11-06 19:00:00+00:00,106.42,
11852,2025-11-06 20:00:00+00:00,,
11853,2025-11-06 21:00:00+00:00,,
11854,2025-11-06 22:00:00+00:00,,
11855,2025-11-06 23:00:00+00:00,,
11856,2025-11-07 00:00:00+00:00,90.535,
11857,2025-11-07 01:00:00+00:00,,
11858,2025-11-07 02:00:00+00:00,,
11859,2025-11-07 03:00:00+00:00,,
11860,2025-11-07 04:00:00+00:00,,
11861,2025-11-07 05:00:00+00:00,145.99,
11862,2025-11-07 06:00:00+00:00,137.57999999999998,
11863,2025-11-07 07:00:00+00:00,137.4,
11864,2025-11-07 08:00:00+00:00,,
11865,2025-11-07 09:00:00+00:00,,
11866,2025-11-07 10:00:00+00:00,,
11867,2025-11-07 11:00:00+00:00,89.19,
11868,2025-11-07 12:00:00+00:00,,
11869,2025-11-07 13:00:00+00:00,109.0,
11870,2025-11-07 14:00:00+00:00,184.16,
11871,2025-11-07 15:00:00+00:00,193.73666666666668,
11872,2025-11-07 16:00:00+00:00,194.82,
11873,2025-11-07 17:00:00+00:00,144.25,
11874,2025-11-07 18:00:00+00:00,142.815,
11875,2025-11-07 19:00:00+00:00,,
11876,2025-11-07 20:00:00+00:00,,
11877,2025-11-07 21:00:00+00:00,107.18,
11878,2025-11-07 22:00:00+00:00,,
11879,2025-11-07 23:00:00+00:00,101.83,
11880,2025-11-08 00:00:00+00:00,,
11881,2025-11-08 01:00:00+00:00,100.69,
11882,2025-11-08 02:00:00+00:00,,
11883,2025-11-08 03:00:00+00:00,,
11884,2025-11-08 04:00:00+00:00,,
11885,2025-11-08 05:00:00+00:00,,
11886,2025-11-08 06:00:00+00:00,,
11887,2025-11-08 07:00:00+00:00,,
11888,2025-11-08 08:00:00+00:00,98.54,
11889,2025-11-08 09:00:00+00:00,,
11890,2025-11-08 10:00:00+00:00,,
11891,2025-11-08 11:00:00+00:00,97.92,
11892,2025-11-08 12:00:00+00:00,115.87,
11893,2025-11-08 13:00:00+00:00,145.04,
11894,2025-11-08 14:00:00+00:00,140.15,
11895,2025-11-08 15:00:00+00:00,136.47,
11896,2025-11-08 16:00:00+00:00,132.24,
11897,2025-11-08 17:00:00+00:00,136.48333333333332,
11898,2025-11-08 18:00:00+00:00,125.19,
11899,2025-11-08 19:00:00+00:00,133.78,
11900,2025-11-08 20:00:00+00:00,109.25,
11901,2025-11-08 21:00:00+00:00,113.32,
11902,2025-11-08 22:00:00+00:00,,
11903,2025-11-08 23:00:00+00:00,,
11904,2025-11-09 00:00:00+00:00,,
11905,2025-11-09 01:00:00+00:00,,
11906,2025-11-09 02:00:00+00:00,99.83,
11907,2025-11-09 03:00:00+00:00,,
11908,2025-11-09 04:00:00+00:00,,
11909,2025-11-09 05:00:00+00:00,,
11910,2025-11-09 06:00:00+00:00,,
11911,2025-11-09 07:00:00+00:00,,
11912,2025-11-09 08:00:00+00:00,,
11913,2025-11-09 09:00:00+00:00,,
11914,2025-11-09 10:00:00+00:00,,
11915,2025-11-09 11:00:00+00:00,,
11916,2025-11-09 12:00:00+00:00,,
11917,2025-11-09 13:00:00+00:00,,
11918,2025-11-09 14:00:00+00:00,138.38,
11919,2025-11-09 15:00:00+00:00,141.685,
11920,2025-11-09 16:00:00+00:00,131.76,
11921,2025-11-09 17:00:00+00:00,133.93,
11922,2025-11-09 18:00:00+00:00,140.2,
11923,2025-11-09 19:00:00+00:00,129.52,
11924,2025-11-09 20:00:00+00:00,116.77,
11925,2025-11-09 21:00:00+00:00,106.44,
11926,2025-11-09 22:00:00+00:00,,
11927,2025-11-09 23:00:00+00:00,,
11928,2025-11-10 00:00:00+00:00,89.5,
11929,2025-11-10 01:00:00+00:00,,
11930,2025-11-10 02:00:00+00:00,,
11931,2025-11-10 03:00:00+00:00,,
11932,2025-11-10 04:00:00+00:00,,
11933,2025-11-10 05:00:00+00:00,,
11934,2025-11-10 06:00:00+00:00,154.01,
11935,2025-11-10 07:00:00+00:00,165.31,
11936,2025-11-10 08:00:00+00:00,,
11937,2025-11-10 09:00:00+00:00,114.39,
11938,2025-11-10 10:00:00+00:00,116.36,
11939,2025-11-10 11:00:00+00:00,,
11940,2025-11-10 12:00:00+00:00,134.39,
11941,2025-11-10 13:00:00+00:00,192.675,
11942,2025-11-10 14:00:00+00:00,191.74,
11943,2025-11-10 15:00:00+00:00,234.1525,
11944,2025-11-10 16:00:00+00:00,197.555,
11945,2025-11-10 17:00:00+00:00,184.42000000000002,
11946,2025-11-10 18:00:00+00:00,164.30666666666667,
11947,2025-11-10 19:00:00+00:00,182.10333333333332,
11948,2025-11-10 20:00:00+00:00,132.89,
11949,2025-11-10 21:00:00+00:00,130.18,
11950,2025-11-10 22:00:00+00:00,102.68,
11951,2025-11-10 23:00:00+00:00,,
11952,2025-11-11 00:00:00+00:00,111.42,
11953,2025-11-11 01:00:00+00:00,,
11954,2025-11-11 02:00:00+00:00,,
11955,2025-11-11 03:00:00+00:00,,
11956,2025-11-11 04:00:00+00:00,,
11957,2025-11-11 05:00:00+00:00,,
11958,2025-11-11 06:00:00+00:00,109.27,
11959,2025-11-11 07:00:00+00:00,113.235,
11960,2025-11-11 08:00:00+00:00,110.43,
11961,2025-11-11 09:00:00+00:00,,
11962,2025-11-11 10:00:00+00:00,,
11963,2025-11-11 11:00:00+00:00,,
11964,2025-11-11 12:00:00+00:00,109.48,
11965,2025-11-11 13:00:00+00:00,101.2,
11966,2025-11-11 14:00:00+00:00,128.125,
11967,2025-11-11 15:00:00+00:00,154.16,
11968,2025-11-11 16:00:00+00:00,135.485,
11969,2025-11-11 17:00:00+00:00,125.58,
11970,2025-11-11 18:00:00+00:00,,
11971,2025-11-11 19:00:00+00:00,,
11972,2025-11-11 20:00:00+00:00,,
11973,2025-11-11 21:00:00+00:00,121.23,
11974,2025-11-11 22:00:00+00:00,,
11975,2025-11-11 23:00:00+00:00,85.52,
11976,2025-11-12 00:00:00+00:00,,
11977,2025-11-12 01:00:00+00:00,,
11978,2025-11-12 02:00:00+00:00,,
11979,2025-11-12 03:00:00+00:00,,
11980,2025-11-12 04:00:00+00:00,,
11981,2025-11-12 05:00:00+00:00,206.01333333333332,
11982,2025-11-12 06:00:00+00:00,197.6975,
11983,2025-11-12 07:00:00+00:00,162.24666666666667,
11984,2025-11-12 08:00:00+00:00,140.91,
11985,2025-11-12 09:00:00+00:00,99.42,
11986,2025-11-12 10:00:00+00:00,,
11987,2025-11-12 11:00:00+00:00,,
11988,2025-11-12 12:00:00+00:00,,
11989,2025-11-12 13:00:00+00:00,118.96,
11990,2025-11-12 14:00:00+00:00,208.64999999999998,
11991,2025-11-12 15:00:00+00:00,182.2125,
11992,2025-11-12 16:00:00+00:00,,
11993,2025-11-12 17:00:00+00:00,,
11994,2025-11-12 18:00:00+00:00,114.215,
11995,2025-11-12 19:00:00+00:00,,
11996,2025-11-12 20:00:00+00:00,105.37,
11997,2025-11-12 21:00:00+00:00,76.0,
11998,2025-11-12 22:00:00+00:00,46.135000000000005,
11999,2025-11-12 23:00:00+00:00,34.67,
12000,2025-11-13 00:00:00+00:00,27.02,
12001,2025-11-13 01:00:00+00:00,-0.030000000000000027,
12002,2025-11-13 02:00:00+00:00,-1.35,
12003,2025-11-13 03:00:00+00:00,48.62,
12004,2025-11-13 04:00:00+00:00,3.0,
12005,2025-11-13 05:00:00+00:00,56.17,
12006,2025-11-13 06:00:00+00:00,,
12007,2025-11-13 07:00:00+00:00,99.21,
12008,2025-11-13 08:00:00+00:00,37.769999999999996,
12009,2025-11-13 09:00:00+00:00,18.883333333333333,
12010,2025-11-13 10:00:00+00:00,22.45,
12011,2025-11-13 11:00:00+00:00,40.394999999999996,
12012,2025-11-13 12:00:00+00:00,48.150000000000006,
12013,2025-11-13 13:00:00+00:00,43.56,
12014,2025-11-13 14:00:00+00:00,,
12015,2025-11-13 15:00:00+00:00,,
12016,2025-11-13 16:00:00+00:00,,
12017,2025-11-13 17:00:00+00:00,,
12018,2025-11-13 18:00:00+00:00,,
12019,2025-11-13 19:00:00+00:00,107.59,
12020,2025-11-13 20:00:00+00:00,,
12021,2025-11-13 21:00:00+00:00,,
12022,2025-11-13 22:00:00+00:00,99.87,
12023,2025-11-13 23:00:00+00:00,,
12024,2025-11-14 00:00:00+00:00,,
12025,2025-11-14 01:00:00+00:00,,
12026,2025-11-14 02:00:00+00:00,,
12027,2025-11-14 03:00:00+00:00,,
12028,2025-11-14 04:00:00+00:00,,
12029,2025-11-14 05:00:00+00:00,,
12030,2025-11-14 06:00:00+00:00,141.445,
12031,2025-11-14 07:00:00+00:00,137.35333333333332,
12032,2025-11-14 08:00:00+00:00,,
12033,2025-11-14 09:00:00+00:00,117.285,
12034,2025-11-14 10:00:00+00:00,,
12035,2025-11-14 11:00:00+00:00,108.29,
12036,2025-11-14 12:00:00+00:00,113.46,
12037,2025-11-14 13:00:00+00:00,188.75,
12038,2025-11-14 14:00:00+00:00,162.58,
12039,2025-11-14 15:00:00+00:00,217.70499999999998,
12040,2025-11-14 16:00:00+00:00,176.51,
12041,2025-11-14 17:00:00+00:00,157.54,
12042,2025-11-14 18:00:00+00:00,179.055,
12043,2025-11-14 19:00:00+00:00,,
12044,2025-11-14 20:00:00+00:00,,
12045,2025-11-14 21:00:00+00:00,115.9,
12046,2025-11-14 22:00:00+00:00,,
12047,2025-11-14 23:00:00+00:00,,
12048,2025-11-15 00:00:00+00:00,,
12049,2025-11-15 01:00:00+00:00,,
12050,2025-11-15 02:00:00+00:00,,
12051,2025-11-15 03:00:00+00:00,,
12052,2025-11-15 04:00:00+00:00,,
12053,2025-11-15 05:00:00+00:00,,
12054,2025-11-15 06:00:00+00:00,,
12055,2025-11-15 07:00:00+00:00,,
12056,2025-11-15 08:00:00+00:00,,
12057,2025-11-15 09:00:00+00:00,,
12058,2025-11-15 10:00:00+00:00,,
12059,2025-11-15 11:00:00+00:00,,
12060,2025-11-15 12:00:00+00:00,112.125,
12061,2025-11-15 13:00:00+00:00,143.66,
12062,2025-11-15 14:00:00+00:00,165.74333333333334,
12063,2025-11-15 15:00:00+00:00,167.47333333333333,
12064,2025-11-15 16:00:00+00:00,136.405,
12065,2025-11-15 17:00:00+00:00,130.49,
12066,2025-11-15 18:00:00+00:00,,
12067,2025-11-15 19:00:00+00:00,119.48,
12068,2025-11-15 20:00:00+00:00,,
12069,2025-11-15 21:00:00+00:00,,
12070,2025-11-15 22:00:00+00:00,,
12071,2025-11-15 23:00:00+00:00,88.54,
12072,2025-11-16 00:00:00+00:00,,
12073,2025-11-16 01:00:00+00:00,,
12074,2025-11-16 02:00:00+00:00,,
12075,2025-11-16 03:00:00+00:00,,
12076,2025-11-16 04:00:00+00:00,,
12077,2025-11-16 05:00:00+00:00,,
12078,2025-11-16 06:00:00+00:00,,
12079,2025-11-16 07:00:00+00:00,,
12080,2025-11-16 08:00:00+00:00,,
12081,2025-11-16 09:00:00+00:00,,
12082,2025-11-16 10:00:00+00:00,,
12083,2025-11-16 11:00:00+00:00,,
12084,2025-11-16 12:00:00+00:00,,
12085,2025-11-16 13:00:00+00:00,111.49,
12086,2025-11-16 14:00:00+00:00,109.35,
12087,2025-11-16 15:00:00+00:00,123.09,
12088,2025-11-16 16:00:00+00:00,132.70000000000002,
12089,2025-11-16 17:00:00+00:00,125.965,
12090,2025-11-16 18:00:00+00:00,,
12091,2025-11-16 19:00:00+00:00,,
12092,2025-11-16 20:00:00+00:00,,
12093,2025-11-16 21:00:00+00:00,103.66,
12094,2025-11-16 22:00:00+00:00,,
12095,2025-11-16 23:00:00+00:00,90.51,
12096,2025-11-17 00:00:00+00:00,,
12097,2025-11-17 01:00:00+00:00,,
12098,2025-11-17 02:00:00+00:00,,
12099,2025-11-17 03:00:00+00:00,100.32,
12100,2025-11-17 04:00:00+00:00,,
12101,2025-11-17 05:00:00+00:00,,
12102,2025-11-17 06:00:00+00:00,,
12103,2025-11-17 07:00:00+00:00,135.80333333333334,
12104,2025-11-17 08:00:00+00:00,124.8,
12105,2025-11-17 09:00:00+00:00,144.62666666666667,
12106,2025-11-17 10:00:00+00:00,,
12107,2025-11-17 11:00:00+00:00,156.03666666666666,
12108,2025-11-17 12:00:00+00:00,160.92666666666665,
12109,2025-11-17 13:00:00+00:00,170.03500000000003,
12110,2025-11-17 14:00:00+00:00,133.08,
12111,2025-11-17 15:00:00+00:00,128.65,
12112,2025-11-17 16:00:00+00:00,119.44,
12113,2025-11-17 17:00:00+00:00,120.05,
12114,2025-11-17 18:00:00+00:00,,
12115,2025-11-17 19:00:00+00:00,,
12116,2025-11-17 20:00:00+00:00,,
12117,2025-11-17 21:00:00+00:00,,
12118,2025-11-17 22:00:00+00:00,,
12119,2025-11-17 23:00:00+00:00,,
12120,2025-11-18 00:00:00+00:00,,
12121,2025-11-18 01:00:00+00:00,79.34,
12122,2025-11-18 02:00:00+00:00,77.92,
12123,2025-11-18 03:00:00+00:00,,
12124,2025-11-18 04:00:00+00:00,,
12125,2025-11-18 05:00:00+00:00,122.88499999999999,
12126,2025-11-18 06:00:00+00:00,,
12127,2025-11-18 07:00:00+00:00,129.345,
12128,2025-11-18 08:00:00+00:00,133.83,
12129,2025-11-18 09:00:00+00:00,,
12130,2025-11-18 10:00:00+00:00,,
12131,2025-11-18 11:00:00+00:00,,
12132,2025-11-18 12:00:00+00:00,,
12133,2025-11-18 13:00:00+00:00,143.24,
12134,2025-11-18 14:00:00+00:00,149.45000000000002,
12135,2025-11-18 15:00:00+00:00,158.55999999999997,
12136,2025-11-18 16:00:00+00:00,154.37333333333333,
12137,2025-11-18 17:00:00+00:00,142.3,
12138,2025-11-18 18:00:00+00:00,145.10500000000002,
12139,2025-11-18 19:00:00+00:00,,
12140,2025-11-18 20:00:00+00:00,,
12141,2025-11-18 21:00:00+00:00,,
12142,2025-11-18 22:00:00+00:00,,
12143,2025-11-18 23:00:00+00:00,,
12144,2025-11-19 00:00:00+00:00,,
12145,2025-11-19 01:00:00+00:00,,
12146,2025-11-19 02:00:00+00:00,,
12147,2025-11-19 03:00:00+00:00,,
12148,2025-11-19 04:00:00+00:00,112.1,
12149,2025-11-19 05:00:00+00:00,,
12150,2025-11-19 06:00:00+00:00,,
12151,2025-11-19 07:00:00+00:00,144.20666666666668,
12152,2025-11-19 08:00:00+00:00,,
12153,2025-11-19 09:00:00+00:00,,
12154,2025-11-19 10:00:00+00:00,,
12155,2025-11-19 11:00:00+00:00,,
12156,2025-11-19 12:00:00+00:00,109.255,
12157,2025-11-19 13:00:00+00:00,167.24,
12158,2025-11-19 14:00:00+00:00,214.01,
12159,2025-11-19 15:00:00+00:00,257.37,
12160,2025-11-19 16:00:00+00:00,167.42666666666665,
12161,2025-11-19 17:00:00+00:00,145.79,
12162,2025-11-19 18:00:00+00:00,148.02,
12163,2025-11-19 19:00:00+00:00,150.46,
12164,2025-11-19 20:00:00+00:00,,
12165,2025-11-19 21:00:00+00:00,,
12166,2025-11-19 22:00:00+00:00,,
12167,2025-11-19 23:00:00+00:00,,
12168,2025-11-20 00:00:00+00:00,107.37,
12169,2025-11-20 01:00:00+00:00,,
12170,2025-11-20 02:00:00+00:00,102.82,
12171,2025-11-20 03:00:00+00:00,,
12172,2025-11-20 04:00:00+00:00,,
12173,2025-11-20 05:00:00+00:00,,
12174,2025-11-20 06:00:00+00:00,157.61,
12175,2025-11-20 07:00:00+00:00,162.83,
12176,2025-11-20 08:00:00+00:00,146.54,
12177,2025-11-20 09:00:00+00:00,147.46666666666667,
12178,2025-11-20 10:00:00+00:00,134.445,
12179,2025-11-20 11:00:00+00:00,147.10500000000002,
12180,2025-11-20 12:00:00+00:00,173.29999999999998,
12181,2025-11-20 13:00:00+00:00,200.4,
12182,2025-11-20 14:00:00+00:00,185.81,
12183,2025-11-20 15:00:00+00:00,203.5375,
12184,2025-11-20 16:00:00+00:00,174.60333333333332,
12185,2025-11-20 17:00:00+00:00,164.39666666666668,
12186,2025-11-20 18:00:00+00:00,159.13333333333333,
12187,2025-11-20 19:00:00+00:00,140.04000000000002,
12188,2025-11-20 20:00:00+00:00,,
12189,2025-11-20 21:00:00+00:00,,
12190,2025-11-20 22:00:00+00:00,,
12191,2025-11-20 23:00:00+00:00,,
12192,2025-11-21 00:00:00+00:00,88.71,
12193,2025-11-21 01:00:00+00:00,,
12194,2025-11-21 02:00:00+00:00,,
12195,2025-11-21 03:00:00+00:00,102.16,
12196,2025-11-21 04:00:00+00:00,115.31,
12197,2025-11-21 05:00:00+00:00,169.94,
12198,2025-11-21 06:00:00+00:00,169.12,
12199,2025-11-21 07:00:00+00:00,207.35999999999999,
12200,2025-11-21 08:00:00+00:00,182.905,
12201,2025-11-21 09:00:00+00:00,,
12202,2025-11-21 10:00:00+00:00,135.04,
12203,2025-11-21 11:00:00+00:00,,
12204,2025-11-21 12:00:00+00:00,132.22,
12205,2025-11-21 13:00:00+00:00,180.74,
12206,2025-11-21 14:00:00+00:00,206.65,
12207,2025-11-21 15:00:00+00:00,256.9166666666667,
12208,2025-11-21 16:00:00+00:00,250.765,
12209,2025-11-21 17:00:00+00:00,206.2425,
12210,2025-11-21 18:00:00+00:00,172.345,
12211,2025-11-21 19:00:00+00:00,,
12212,2025-11-21 20:00:00+00:00,112.57,
12213,2025-11-21 21:00:00+00:00,,
12214,2025-11-21 22:00:00+00:00,111.535,
12215,2025-11-21 23:00:00+00:00,,
12216,2025-11-22 00:00:00+00:00,128.52,
12217,2025-11-22 01:00:00+00:00,,
12218,2025-11-22 02:00:00+00:00,114.12,
12219,2025-11-22 03:00:00+00:00,113.12,
12220,2025-11-22 04:00:00+00:00,,
12221,2025-11-22 05:00:00+00:00,,
12222,2025-11-22 06:00:00+00:00,,
12223,2025-11-22 07:00:00+00:00,121.42,
12224,2025-11-22 08:00:00+00:00,,
12225,2025-11-22 09:00:00+00:00,,
12226,2025-11-22 10:00:00+00:00,107.4,
12227,2025-11-22 11:00:00+00:00,,
12228,2025-11-22 12:00:00+00:00,123.88,
12229,2025-11-22 13:00:00+00:00,165.16500000000002,
12230,2025-11-22 14:00:00+00:00,211.86,
12231,2025-11-22 15:00:00+00:00,206.6675,
12232,2025-11-22 16:00:00+00:00,185.62333333333333,
12233,2025-11-22 17:00:00+00:00,174.16500000000002,
12234,2025-11-22 18:00:00+00:00,176.365,
12235,2025-11-22 19:00:00+00:00,204.5,
12236,2025-11-22 20:00:00+00:00,,
12237,2025-11-22 21:00:00+00:00,,
12238,2025-11-22 22:00:00+00:00,,
12239,2025-11-22 23:00:00+00:00,,
12240,2025-11-23 00:00:00+00:00,107.32,
12241,2025-11-23 01:00:00+00:00,,
12242,2025-11-23 02:00:00+00:00,,
12243,2025-11-23 03:00:00+00:00,,
12244,2025-11-23 04:00:00+00:00,102.61,
12245,2025-11-23 05:00:00+00:00,106.83,
12246,2025-11-23 06:00:00+00:00,,
12247,2025-11-23 07:00:00+00:00,105.43,
12248,2025-11-23 08:00:00+00:00,110.7,
12249,2025-11-23 09:00:00+00:00,,
12250,2025-11-23 10:00:00+00:00,,
12251,2025-11-23 11:00:00+00:00,,
12252,2025-11-23 12:00:00+00:00,117.1,
12253,2025-11-23 13:00:00+00:00,158.475,
12254,2025-11-23 14:00:00+00:00,178.53666666666666,
12255,2025-11-23 15:00:00+00:00,194.71333333333334,
12256,2025-11-23 16:00:00+00:00,161.285,
12257,2025-11-23 17:00:00+00:00,157.29,
12258,2025-11-23 18:00:00+00:00,153.82333333333335,
12259,2025-11-23 19:00:00+00:00,159.58,
12260,2025-11-23 20:00:00+00:00,,
12261,2025-11-23 21:00:00+00:00,,
12262,2025-11-23 22:00:00+00:00,,
12263,2025-11-23 23:00:00+00:00,,
12264,2025-11-24 00:00:00+00:00,,
12265,2025-11-24 01:00:00+00:00,,
12266,2025-11-24 02:00:00+00:00,,
12267,2025-11-24 03:00:00+00:00,,
12268,2025-11-24 04:00:00+00:00,,
12269,2025-11-24 05:00:00+00:00,185.29,
12270,2025-11-24 06:00:00+00:00,225.9475,
12271,2025-11-24 07:00:00+00:00,222.85,
12272,2025-11-24 08:00:00+00:00,225.79999999999998,
12273,2025-11-24 09:00:00+00:00,203.365,
12274,2025-11-24 10:00:00+00:00,227.35250000000002,
12275,2025-11-24 11:00:00+00:00,234.9225,
12276,2025-11-24 12:00:00+00:00,239.58249999999998,
12277,2025-11-24 13:00:00+00:00,269.32,
12278,2025-11-24 14:00:00+00:00,271.3025,
12279,2025-11-24 15:00:00+00:00,314.07666666666665,
12280,2025-11-24 16:00:00+00:00,279.43,
12281,2025-11-24 17:00:00+00:00,260.985,
12282,2025-11-24 18:00:00+00:00,237.7125,
12283,2025-11-24 19:00:00+00:00,221.59333333333333,
12284,2025-11-24 20:00:00+00:00,145.18,
12285,2025-11-24 21:00:00+00:00,113.31,
12286,2025-11-24 22:00:00+00:00,98.94,
12287,2025-11-24 23:00:00+00:00,,
12288,2025-11-25 00:00:00+00:00,,
12289,2025-11-25 01:00:00+00:00,,
12290,2025-11-25 02:00:00+00:00,,
12291,2025-11-25 03:00:00+00:00,,
12292,2025-11-25 04:00:00+00:00,,
12293,2025-11-25 05:00:00+00:00,273.21500000000003,
12294,2025-11-25 06:00:00+00:00,341.4475,
12295,2025-11-25 07:00:00+00:00,375.6575,
12296,2025-11-25 08:00:00+00:00,360.0175,
12297,2025-11-25 09:00:00+00:00,354.5325,
12298,2025-11-25 10:00:00+00:00,372.38,
12299,2025-11-25 11:00:00+00:00,406.03,
12300,2025-11-25 12:00:00+00:00,419.14,
12301,2025-11-25 13:00:00+00:00,424.78000000000003,
12302,2025-11-25 14:00:00+00:00,379.77250000000004,
12303,2025-11-25 15:00:00+00:00,389.72,
12304,2025-11-25 16:00:00+00:00,378.96,
12305,2025-11-25 17:00:00+00:00,301.19,
12306,2025-11-25 18:00:00+00:00,253.16750000000002,
12307,2025-11-25 19:00:00+00:00,180.16333333333333,
12308,2025-11-25 20:00:00+00:00,138.92333333333332,
12309,2025-11-25 21:00:00+00:00,133.12,
12310,2025-11-25 22:00:00+00:00,,
12311,2025-11-25 23:00:00+00:00,106.36500000000001,
12312,2025-11-26 00:00:00+00:00,,
12313,2025-11-26 01:00:00+00:00,,
12314,2025-11-26 02:00:00+00:00,,
12315,2025-11-26 03:00:00+00:00,,
12316,2025-11-26 04:00:00+00:00,,
12317,2025-11-26 05:00:00+00:00,136.79,
12318,2025-11-26 06:00:00+00:00,182.015,
12319,2025-11-26 07:00:00+00:00,210.64499999999998,
12320,2025-11-26 08:00:00+00:00,210.2175,
12321,2025-11-26 09:00:00+00:00,183.2825,
12322,2025-11-26 10:00:00+00:00,179.29,
12323,2025-11-26 11:00:00+00:00,165.98,
12324,2025-11-26 12:00:00+00:00,169.40333333333334,
12325,2025-11-26 13:00:00+00:00,174.7725,
12326,2025-11-26 14:00:00+00:00,149.4,
12327,2025-11-26 15:00:00+00:00,159.52,
12328,2025-11-26 16:00:00+00:00,,
12329,2025-11-26 17:00:00+00:00,,
12330,2025-11-26 18:00:00+00:00,128.33,
12331,2025-11-26 19:00:00+00:00,144.09,
12332,2025-11-26 20:00:00+00:00,132.7,
12333,2025-11-26 21:00:00+00:00,,
12334,2025-11-26 22:00:00+00:00,,
12335,2025-11-26 23:00:00+00:00,,
12336,2025-11-27 00:00:00+00:00,,
12337,2025-11-27 01:00:00+00:00,,
12338,2025-11-27 02:00:00+00:00,,
12339,2025-11-27 03:00:00+00:00,,
12340,2025-11-27 04:00:00+00:00,104.07,
12341,2025-11-27 05:00:00+00:00,132.93,
12342,2025-11-27 06:00:00+00:00,141.68,
12343,2025-11-27 07:00:00+00:00,159.85333333333332,
12344,2025-11-27 08:00:00+00:00,146.31333333333333,
12345,2025-11-27 09:00:00+00:00,,
12346,2025-11-27 10:00:00+00:00,,
12347,2025-11-27 11:00:00+00:00,141.43,
12348,2025-11-27 12:00:00+00:00,163.68,
12349,2025-11-27 13:00:00+00:00,208.21249999999998,
12350,2025-11-27 14:00:00+00:00,234.0,
12351,2025-11-27 15:00:00+00:00,261.83666666666664,
12352,2025-11-27 16:00:00+00:00,209.2,
12353,2025-11-27 17:00:00+00:00,151.72666666666666,
12354,2025-11-27 18:00:00+00:00,153.2,
12355,2025-11-27 19:00:00+00:00,,
12356,2025-11-27 20:00:00+00:00,,
12357,2025-11-27 21:00:00+00:00,,
12358,2025-11-27 22:00:00+00:00,,
12359,2025-11-27 23:00:00+00:00,,
12360,2025-11-28 00:00:00+00:00,,
12361,2025-11-28 01:00:00+00:00,,
12362,2025-11-28 02:00:00+00:00,,
12363,2025-11-28 03:00:00+00:00,,
12364,2025-11-28 04:00:00+00:00,121.08,
12365,2025-11-28 05:00:00+00:00,115.46,
12366,2025-11-28 06:00:00+00:00,137.755,
12367,2025-11-28 07:00:00+00:00,162.495,
12368,2025-11-28 08:00:00+00:00,155.935,
12369,2025-11-28 09:00:00+00:00,,
12370,2025-11-28 10:00:00+00:00,,
12371,2025-11-28 11:00:00+00:00,,
12372,2025-11-28 12:00:00+00:00,149.73666666666668,
12373,2025-11-28 13:00:00+00:00,255.26,
12374,2025-11-28 14:00:00+00:00,215.09,
12375,2025-11-28 15:00:00+00:00,196.4975,
12376,2025-11-28 16:00:00+00:00,151.39,
12377,2025-11-28 17:00:00+00:00,137.42,
12378,2025-11-28 18:00:00+00:00,140.16500000000002,
12379,2025-11-28 19:00:00+00:00,133.22,
12380,2025-11-28 20:00:00+00:00,,
12381,2025-11-28 21:00:00+00:00,,
12382,2025-11-28 22:00:00+00:00,,
12383,2025-11-28 23:00:00+00:00,,
12384,2025-11-29 00:00:00+00:00,,
12385,2025-11-29 01:00:00+00:00,,
12386,2025-11-29 02:00:00+00:00,,
12387,2025-11-29 03:00:00+00:00,,
12388,2025-11-29 04:00:00+00:00,113.75,
12389,2025-11-29 05:00:00+00:00,,
12390,2025-11-29 06:00:00+00:00,,
12391,2025-11-29 07:00:00+00:00,,
12392,2025-11-29 08:00:00+00:00,,
12393,2025-11-29 09:00:00+00:00,,
12394,2025-11-29 10:00:00+00:00,,
12395,2025-11-29 11:00:00+00:00,,
12396,2025-11-29 12:00:00+00:00,,
12397,2025-11-29 13:00:00+00:00,,
12398,2025-11-29 14:00:00+00:00,,
12399,2025-11-29 15:00:00+00:00,,
12400,2025-11-29 16:00:00+00:00,,
12401,2025-11-29 17:00:00+00:00,,
12402,2025-11-29 18:00:00+00:00,,
12403,2025-11-29 19:00:00+00:00,,
12404,2025-11-29 20:00:00+00:00,,
12405,2025-11-29 21:00:00+00:00,,
12406,2025-11-29 22:00:00+00:00,,
12407,2025-11-29 23:00:00+00:00,,
12408,2025-11-30 00:00:00+00:00,,
12409,2025-11-30 01:00:00+00:00,,
12410,2025-11-30 02:00:00+00:00,,
12411,2025-11-30 03:00:00+00:00,,
12412,2025-11-30 04:00:00+00:00,,
12413,2025-11-30 05:00:00+00:00,,
12414,2025-11-30 06:00:00+00:00,,
12415,2025-11-30 07:00:00+00:00,,
12416,2025-11-30 08:00:00+00:00,,
12417,2025-11-30 09:00:00+00:00,,
12418,2025-11-30 10:00:00+00:00,,
12419,2025-11-30 11:00:00+00:00,,
12420,2025-11-30 12:00:00+00:00,,
12421,2025-11-30 13:00:00+00:00,116.69,
12422,2025-11-30 14:00:00+00:00,,
12423,2025-11-30 15:00:00+00:00,,
12424,2025-11-30 16:00:00+00:00,,
12425,2025-11-30 17:00:00+00:00,,
12426,2025-11-30 18:00:00+00:00,125.51,
12427,2025-11-30 19:00:00+00:00,128.23,
12428,2025-11-30 20:00:00+00:00,,
12429,2025-11-30 21:00:00+00:00,113.85,
12430,2025-11-30 22:00:00+00:00,,
12431,2025-11-30 23:00:00+00:00,98.03,
12432,2025-12-01 00:00:00+00:00,,
12433,2025-12-01 01:00:00+00:00,110.12,
12434,2025-12-01 02:00:00+00:00,114.4,
12435,2025-12-01 03:00:00+00:00,127.11,
12436,2025-12-01 04:00:00+00:00,87.12,
12437,2025-12-01 05:00:00+00:00,202.87,
12438,2025-12-01 06:00:00+00:00,181.285,
12439,2025-12-01 07:00:00+00:00,185.1833333333333,
12440,2025-12-01 08:00:00+00:00,208.16,
12441,2025-12-01 09:00:00+00:00,166.6225,
12442,2025-12-01 10:00:00+00:00,160.63,
12443,2025-12-01 11:00:00+00:00,206.3975,
12444,2025-12-01 12:00:00+00:00,210.5625,
12445,2025-12-01 13:00:00+00:00,250.28666666666666,
12446,2025-12-01 14:00:00+00:00,302.6775,
12447,2025-12-01 15:00:00+00:00,388.425,
12448,2025-12-01 16:00:00+00:00,337.46,
12449,2025-12-01 17:00:00+00:00,378.91,
12450,2025-12-01 18:00:00+00:00,336.58,
12451,2025-12-01 19:00:00+00:00,271.6425,
12452,2025-12-01 20:00:00+00:00,206.52999999999997,
12453,2025-12-01 21:00:00+00:00,168.985,
12454,2025-12-01 22:00:00+00:00,142.21,
12455,2025-12-01 23:00:00+00:00,,
12456,2025-12-02 00:00:00+00:00,,
12457,2025-12-02 01:00:00+00:00,,
12458,2025-12-02 02:00:00+00:00,,
12459,2025-12-02 03:00:00+00:00,,
12460,2025-12-02 04:00:00+00:00,,
12461,2025-12-02 05:00:00+00:00,141.99,
12462,2025-12-02 06:00:00+00:00,209.08,
12463,2025-12-02 07:00:00+00:00,229.2925,
12464,2025-12-02 08:00:00+00:00,221.36666666666667,
12465,2025-12-02 09:00:00+00:00,164.495,
12466,2025-12-02 10:00:00+00:00,177.815,
12467,2025-12-02 11:00:00+00:00,179.99333333333334,
12468,2025-12-02 12:00:00+00:00,235.38000000000002,
12469,2025-12-02 13:00:00+00:00,245.31333333333336,
12470,2025-12-02 14:00:00+00:00,236.97,
12471,2025-12-02 15:00:00+00:00,271.34666666666664,
12472,2025-12-02 16:00:00+00:00,200.81,
12473,2025-12-02 17:00:00+00:00,189.3475,
12474,2025-12-02 18:00:00+00:00,182.42,
12475,2025-12-02 19:00:00+00:00,169.63,
12476,2025-12-02 20:00:00+00:00,,
12477,2025-12-02 21:00:00+00:00,130.77,
12478,2025-12-02 22:00:00+00:00,,
12479,2025-12-02 23:00:00+00:00,,
12480,2025-12-03 00:00:00+00:00,107.15,
12481,2025-12-03 01:00:00+00:00,,
12482,2025-12-03 02:00:00+00:00,,
12483,2025-12-03 03:00:00+00:00,,
12484,2025-12-03 04:00:00+00:00,,
12485,2025-12-03 05:00:00+00:00,168.67000000000002,
12486,2025-12-03 06:00:00+00:00,228.95999999999998,
12487,2025-12-03 07:00:00+00:00,244.13666666666668,
12488,2025-12-03 08:00:00+00:00,211.23000000000002,
12489,2025-12-03 09:00:00+00:00,185.95,
12490,2025-12-03 10:00:00+00:00,172.85666666666665,
12491,2025-12-03 11:00:00+00:00,169.12333333333333,
12492,2025-12-03 12:00:00+00:00,180.2675,
12493,2025-12-03 13:00:00+00:00,202.6325,
12494,2025-12-03 14:00:00+00:00,257.09666666666664,
12495,2025-12-03 15:00:00+00:00,315.235,
12496,2025-12-03 16:00:00+00:00,261.245,
12497,2025-12-03 17:00:00+00:00,205.48,
12498,2025-12-03 18:00:00+00:00,182.48666666666668,
12499,2025-12-03 19:00:00+00:00,163.57,
12500,2025-12-03 20:00:00+00:00,132.37,
12501,2025-12-03 21:00:00+00:00,129.34,
12502,2025-12-03 22:00:00+00:00,,
12503,2025-12-03 23:00:00+00:00,,
12504,2025-12-04 00:00:00+00:00,114.87,
12505,2025-12-04 01:00:00+00:00,,
12506,2025-12-04 02:00:00+00:00,,
12507,2025-12-04 03:00:00+00:00,,
12508,2025-12-04 04:00:00+00:00,,
12509,2025-12-04 05:00:00+00:00,165.51,
12510,2025-12-04 06:00:00+00:00,200.47,
12511,2025-12-04 07:00:00+00:00,219.75333333333333,
12512,2025-12-04 08:00:00+00:00,184.4375,
12513,2025-12-04 09:00:00+00:00,140.585,
12514,2025-12-04 10:00:00+00:00,152.055,
12515,2025-12-04 11:00:00+00:00,142.37,
12516,2025-12-04 12:00:00+00:00,165.055,
12517,2025-12-04 13:00:00+00:00,164.26666666666668,
12518,2025-12-04 14:00:00+00:00,168.29250000000002,
12519,2025-12-04 15:00:00+00:00,162.35,
12520,2025-12-04 16:00:00+00:00,147.68666666666667,
12521,2025-12-04 17:00:00+00:00,145.945,
12522,2025-12-04 18:00:00+00:00,,
12523,2025-12-04 19:00:00+00:00,,
12524,2025-12-04 20:00:00+00:00,,
12525,2025-12-04 21:00:00+00:00,,
12526,2025-12-04 22:00:00+00:00,,
12527,2025-12-04 23:00:00+00:00,,
12528,2025-12-05 00:00:00+00:00,,
12529,2025-12-05 01:00:00+00:00,,
12530,2025-12-05 02:00:00+00:00,,
12531,2025-12-05 03:00:00+00:00,,
12532,2025-12-05 04:00:00+00:00,,
12533,2025-12-05 05:00:00+00:00,159.01,
12534,2025-12-05 06:00:00+00:00,149.73,
12535,2025-12-05 07:00:00+00:00,180.3166666666667,
12536,2025-12-05 08:00:00+00:00,184.9125,
12537,2025-12-05 09:00:00+00:00,174.005,
12538,2025-12-05 10:00:00+00:00,166.19333333333333,
12539,2025-12-05 11:00:00+00:00,162.89499999999998,
12540,2025-12-05 12:00:00+00:00,155.94000000000003,
12541,2025-12-05 13:00:00+00:00,162.38333333333333,
12542,2025-12-05 14:00:00+00:00,166.94,
12543,2025-12-05 15:00:00+00:00,171.475,
12544,2025-12-05 16:00:00+00:00,156.05,
12545,2025-12-05 17:00:00+00:00,160.12,
12546,2025-12-05 18:00:00+00:00,147.42,
12547,2025-12-05 19:00:00+00:00,122.45,
12548,2025-12-05 20:00:00+00:00,,
12549,2025-12-05 21:00:00+00:00,,
12550,2025-12-05 22:00:00+00:00,,
12551,2025-12-05 23:00:00+00:00,128.95,
12552,2025-12-06 00:00:00+00:00,117.79499999999999,
12553,2025-12-06 01:00:00+00:00,117.58,
12554,2025-12-06 02:00:00+00:00,113.36,
12555,2025-12-06 03:00:00+00:00,,
12556,2025-12-06 04:00:00+00:00,,
12557,2025-12-06 05:00:00+00:00,,
12558,2025-12-06 06:00:00+00:00,,
12559,2025-12-06 07:00:00+00:00,,
12560,2025-12-06 08:00:00+00:00,,
12561,2025-12-06 09:00:00+00:00,112.37,
12562,2025-12-06 10:00:00+00:00,,
12563,2025-12-06 11:00:00+00:00,,
12564,2025-12-06 12:00:00+00:00,119.49,
12565,2025-12-06 13:00:00+00:00,135.18,
12566,2025-12-06 14:00:00+00:00,141.23,
12567,2025-12-06 15:00:00+00:00,153.34,
12568,2025-12-06 16:00:00+00:00,121.825,
12569,2025-12-06 17:00:00+00:00,120.44,
12570,2025-12-06 18:00:00+00:00,119.67,
12571,2025-12-06 19:00:00+00:00,,
12572,2025-12-06 20:00:00+00:00,,
12573,2025-12-06 21:00:00+00:00,,
12574,2025-12-06 22:00:00+00:00,110.59,
12575,2025-12-06 23:00:00+00:00,,
12576,2025-12-07 00:00:00+00:00,,
12577,2025-12-07 01:00:00+00:00,,
12578,2025-12-07 02:00:00+00:00,,
12579,2025-12-07 03:00:00+00:00,,
12580,2025-12-07 04:00:00+00:00,,
12581,2025-12-07 05:00:00+00:00,,
12582,2025-12-07 06:00:00+00:00,,
12583,2025-12-07 07:00:00+00:00,,
12584,2025-12-07 08:00:00+00:00,,
12585,2025-12-07 09:00:00+00:00,,
12586,2025-12-07 10:00:00+00:00,,
12587,2025-12-07 11:00:00+00:00,,
12588,2025-12-07 12:00:00+00:00,107.23,
12589,2025-12-07 13:00:00+00:00,,
12590,2025-12-07 14:00:00+00:00,,
12591,2025-12-07 15:00:00+00:00,108.4,
12592,2025-12-07 16:00:00+00:00,,
12593,2025-12-07 17:00:00+00:00,,
12594,2025-12-07 18:00:00+00:00,117.12,
12595,2025-12-07 19:00:00+00:00,,
12596,2025-12-07 20:00:00+00:00,,
12597,2025-12-07 21:00:00+00:00,,
12598,2025-12-07 22:00:00+00:00,,
12599,2025-12-07 23:00:00+00:00,,
12600,2025-12-08 00:00:00+00:00,,
12601,2025-12-08 01:00:00+00:00,97.79,
12602,2025-12-08 02:00:00+00:00,81.76,
12603,2025-12-08 03:00:00+00:00,75.82499999999999,
12604,2025-12-08 04:00:00+00:00,61.0,
12605,2025-12-08 05:00:00+00:00,,
12606,2025-12-08 06:00:00+00:00,,
12607,2025-12-08 07:00:00+00:00,136.07999999999998,
12608,2025-12-08 08:00:00+00:00,,
12609,2025-12-08 09:00:00+00:00,132.01,
12610,2025-12-08 10:00:00+00:00,,
12611,2025-12-08 11:00:00+00:00,,
12612,2025-12-08 12:00:00+00:00,124.60333333333334,
12613,2025-12-08 13:00:00+00:00,,
12614,2025-12-08 14:00:00+00:00,133.69,
12615,2025-12-08 15:00:00+00:00,,
12616,2025-12-08 16:00:00+00:00,118.4,
12617,2025-12-08 17:00:00+00:00,,
12618,2025-12-08 18:00:00+00:00,125.27,
12619,2025-12-08 19:00:00+00:00,,
12620,2025-12-08 20:00:00+00:00,,
12621,2025-12-08 21:00:00+00:00,,
12622,2025-12-08 22:00:00+00:00,73.53,
12623,2025-12-08 23:00:00+00:00,82.575,
12624,2025-12-09 00:00:00+00:00,78.79,
12625,2025-12-09 01:00:00+00:00,,
12626,2025-12-09 02:00:00+00:00,,
12627,2025-12-09 03:00:00+00:00,,
12628,2025-12-09 04:00:00+00:00,,
12629,2025-12-09 05:00:00+00:00,,
12630,2025-12-09 06:00:00+00:00,,
12631,2025-12-09 07:00:00+00:00,137.31,
12632,2025-12-09 08:00:00+00:00,128.07,
12633,2025-12-09 09:00:00+00:00,,
12634,2025-12-09 10:00:00+00:00,,
12635,2025-12-09 11:00:00+00:00,,
12636,2025-12-09 12:00:00+00:00,,
12637,2025-12-09 13:00:00+00:00,163.45333333333335,
12638,2025-12-09 14:00:00+00:00,121.71,
12639,2025-12-09 15:00:00+00:00,165.65,
12640,2025-12-09 16:00:00+00:00,133.685,
12641,2025-12-09 17:00:00+00:00,135.325,
12642,2025-12-09 18:00:00+00:00,113.17,
12643,2025-12-09 19:00:00+00:00,,
12644,2025-12-09 20:00:00+00:00,,
12645,2025-12-09 21:00:00+00:00,,
12646,2025-12-09 22:00:00+00:00,112.48,
12647,2025-12-09 23:00:00+00:00,,
12648,2025-12-10 00:00:00+00:00,89.85499999999999,
12649,2025-12-10 01:00:00+00:00,,
12650,2025-12-10 02:00:00+00:00,,
12651,2025-12-10 03:00:00+00:00,,
12652,2025-12-10 04:00:00+00:00,,
12653,2025-12-10 05:00:00+00:00,127.97,
12654,2025-12-10 06:00:00+00:00,151.65,
12655,2025-12-10 07:00:00+00:00,133.01,
12656,2025-12-10 08:00:00+00:00,128.985,
12657,2025-12-10 09:00:00+00:00,,
12658,2025-12-10 10:00:00+00:00,,
12659,2025-12-10 11:00:00+00:00,,
12660,2025-12-10 12:00:00+00:00,,
12661,2025-12-10 13:00:00+00:00,,
12662,2025-12-10 14:00:00+00:00,,
12663,2025-12-10 15:00:00+00:00,,
12664,2025-12-10 16:00:00+00:00,113.19,
12665,2025-12-10 17:00:00+00:00,114.45,
12666,2025-12-10 18:00:00+00:00,,
12667,2025-12-10 19:00:00+00:00,,
12668,2025-12-10 20:00:00+00:00,,
12669,2025-12-10 21:00:00+00:00,,
12670,2025-12-10 22:00:00+00:00,,
12671,2025-12-10 23:00:00+00:00,,
12672,2025-12-11 00:00:00+00:00,,
12673,2025-12-11 01:00:00+00:00,,
12674,2025-12-11 02:00:00+00:00,82.995,
12675,2025-12-11 03:00:00+00:00,,
12676,2025-12-11 04:00:00+00:00,82.78,
12677,2025-12-11 05:00:00+00:00,,
12678,2025-12-11 06:00:00+00:00,,
12679,2025-12-11 07:00:00+00:00,112.27,
12680,2025-12-11 08:00:00+00:00,116.965,
12681,2025-12-11 09:00:00+00:00,,
12682,2025-12-11 10:00:00+00:00,,
12683,2025-12-11 11:00:00+00:00,,
12684,2025-12-11 12:00:00+00:00,,
12685,2025-12-11 13:00:00+00:00,,
12686,2025-12-11 14:00:00+00:00,,
12687,2025-12-11 15:00:00+00:00,122.09,
12688,2025-12-11 16:00:00+00:00,,
12689,2025-12-11 17:00:00+00:00,,
12690,2025-12-11 18:00:00+00:00,,
12691,2025-12-11 19:00:00+00:00,,
12692,2025-12-11 20:00:00+00:00,,
12693,2025-12-11 21:00:00+00:00,,
12694,2025-12-11 22:00:00+00:00,91.72,
12695,2025-12-11 23:00:00+00:00,,
12696,2025-12-12 00:00:00+00:00,,
12697,2025-12-12 01:00:00+00:00,,
12698,2025-12-12 02:00:00+00:00,,
12699,2025-12-12 03:00:00+00:00,,
12700,2025-12-12 04:00:00+00:00,,
12701,2025-12-12 05:00:00+00:00,124.09,
12702,2025-12-12 06:00:00+00:00,,
12703,2025-12-12 07:00:00+00:00,,
12704,2025-12-12 08:00:00+00:00,134.31,
12705,2025-12-12 09:00:00+00:00,124.46000000000001,
12706,2025-12-12 10:00:00+00:00,,
12707,2025-12-12 11:00:00+00:00,113.62,
12708,2025-12-12 12:00:00+00:00,121.39,
12709,2025-12-12 13:00:00+00:00,140.07,
12710,2025-12-12 14:00:00+00:00,136.4,
12711,2025-12-12 15:00:00+00:00,171.91,
12712,2025-12-12 16:00:00+00:00,154.995,
12713,2025-12-12 17:00:00+00:00,138.27,
12714,2025-12-12 18:00:00+00:00,134.17333333333332,
12715,2025-12-12 19:00:00+00:00,,
12716,2025-12-12 20:00:00+00:00,,
12717,2025-12-12 21:00:00+00:00,,
12718,2025-12-12 22:00:00+00:00,,
12719,2025-12-12 23:00:00+00:00,,
12720,2025-12-13 00:00:00+00:00,,
12721,2025-12-13 01:00:00+00:00,,
12722,2025-12-13 02:00:00+00:00,,
12723,2025-12-13 03:00:00+00:00,,
12724,2025-12-13 04:00:00+00:00,,
12725,2025-12-13 05:00:00+00:00,,
12726,2025-12-13 06:00:00+00:00,,
12727,2025-12-13 07:00:00+00:00,122.95,
12728,2025-12-13 08:00:00+00:00,,
12729,2025-12-13 09:00:00+00:00,,
12730,2025-12-13 10:00:00+00:00,,
12731,2025-12-13 11:00:00+00:00,,
12732,2025-12-13 12:00:00+00:00,,
12733,2025-12-13 13:00:00+00:00,,
12734,2025-12-13 14:00:00+00:00,,
12735,2025-12-13 15:00:00+00:00,,
12736,2025-12-13 16:00:00+00:00,,
12737,2025-12-13 17:00:00+00:00,,
12738,2025-12-13 18:00:00+00:00,,
12739,2025-12-13 19:00:00+00:00,,
12740,2025-12-13 20:00:00+00:00,,
12741,2025-12-13 21:00:00+00:00,,
12742,2025-12-13 22:00:00+00:00,,
12743,2025-12-13 23:00:00+00:00,91.92,
12744,2025-12-14 00:00:00+00:00,,
12745,2025-12-14 01:00:00+00:00,,
12746,2025-12-14 02:00:00+00:00,,
12747,2025-12-14 03:00:00+00:00,,
12748,2025-12-14 04:00:00+00:00,,
12749,2025-12-14 05:00:00+00:00,96.0,
12750,2025-12-14 06:00:00+00:00,,
12751,2025-12-14 07:00:00+00:00,99.85,
12752,2025-12-14 08:00:00+00:00,,
12753,2025-12-14 09:00:00+00:00,98.42,
12754,2025-12-14 10:00:00+00:00,,
12755,2025-12-14 11:00:00+00:00,,
12756,2025-12-14 12:00:00+00:00,,
12757,2025-12-14 13:00:00+00:00,,
12758,2025-12-14 14:00:00+00:00,,
12759,2025-12-14 15:00:00+00:00,,
12760,2025-12-14 16:00:00+00:00,109.65,
12761,2025-12-14 17:00:00+00:00,,
12762,2025-12-14 18:00:00+00:00,,
12763,2025-12-14 19:00:00+00:00,110.75,
12764,2025-12-14 20:00:00+00:00,,
12765,2025-12-14 21:00:00+00:00,,
12766,2025-12-14 22:00:00+00:00,,
12767,2025-12-14 23:00:00+00:00,,
12768,2025-12-15 00:00:00+00:00,,
12769,2025-12-15 01:00:00+00:00,84.57,
12770,2025-12-15 02:00:00+00:00,,
12771,2025-12-15 03:00:00+00:00,,
12772,2025-12-15 04:00:00+00:00,,
12773,2025-12-15 05:00:00+00:00,138.77,
12774,2025-12-15 06:00:00+00:00,149.89,
12775,2025-12-15 07:00:00+00:00,126.45,
12776,2025-12-15 08:00:00+00:00,107.85,
12777,2025-12-15 09:00:00+00:00,,
12778,2025-12-15 10:00:00+00:00,,
12779,2025-12-15 11:00:00+00:00,,
12780,2025-12-15 12:00:00+00:00,,
12781,2025-12-15 13:00:00+00:00,170.2,
12782,2025-12-15 14:00:00+00:00,172.63,
12783,2025-12-15 15:00:00+00:00,194.7,
12784,2025-12-15 16:00:00+00:00,146.53,
12785,2025-12-15 17:00:00+00:00,138.42,
12786,2025-12-15 18:00:00+00:00,137.26,
12787,2025-12-15 19:00:00+00:00,134.47,
12788,2025-12-15 20:00:00+00:00,,
12789,2025-12-15 21:00:00+00:00,110.49,
12790,2025-12-15 22:00:00+00:00,,
12791,2025-12-15 23:00:00+00:00,,
12792,2025-12-16 00:00:00+00:00,,
12793,2025-12-16 01:00:00+00:00,,
12794,2025-12-16 02:00:00+00:00,,
12795,2025-12-16 03:00:00+00:00,,
12796,2025-12-16 04:00:00+00:00,,
12797,2025-12-16 05:00:00+00:00,,
12798,2025-12-16 06:00:00+00:00,177.6,
12799,2025-12-16 07:00:00+00:00,145.06666666666666,
12800,2025-12-16 08:00:00+00:00,117.56,
12801,2025-12-16 09:00:00+00:00,112.89,
12802,2025-12-16 10:00:00+00:00,,
12803,2025-12-16 11:00:00+00:00,119.595,
12804,2025-12-16 12:00:00+00:00,142.58666666666667,
12805,2025-12-16 13:00:00+00:00,155.95499999999998,
12806,2025-12-16 14:00:00+00:00,167.17,
12807,2025-12-16 15:00:00+00:00,196.26333333333332,
12808,2025-12-16 16:00:00+00:00,173.47000000000003,
12809,2025-12-16 17:00:00+00:00,157.04,
12810,2025-12-16 18:00:00+00:00,147.365,
12811,2025-12-16 19:00:00+00:00,,
12812,2025-12-16 20:00:00+00:00,,
12813,2025-12-16 21:00:00+00:00,106.3,
12814,2025-12-16 22:00:00+00:00,,
12815,2025-12-16 23:00:00+00:00,,
12816,2025-12-17 00:00:00+00:00,,
12817,2025-12-17 01:00:00+00:00,,
12818,2025-12-17 02:00:00+00:00,,
12819,2025-12-17 03:00:00+00:00,,
12820,2025-12-17 04:00:00+00:00,,
12821,2025-12-17 05:00:00+00:00,136.29666666666665,
12822,2025-12-17 06:00:00+00:00,156.31,
12823,2025-12-17 07:00:00+00:00,,
12824,2025-12-17 08:00:00+00:00,145.615,
12825,2025-12-17 09:00:00+00:00,132.495,
12826,2025-12-17 10:00:00+00:00,120.81,
12827,2025-12-17 11:00:00+00:00,,
12828,2025-12-17 12:00:00+00:00,129.07,
12829,2025-12-17 13:00:00+00:00,150.9,
12830,2025-12-17 14:00:00+00:00,154.23000000000002,
12831,2025-12-17 15:00:00+00:00,153.35,
12832,2025-12-17 16:00:00+00:00,140.675,
12833,2025-12-17 17:00:00+00:00,132.39,
12834,2025-12-17 18:00:00+00:00,130.42499999999998,
12835,2025-12-17 19:00:00+00:00,129.93,
12836,2025-12-17 20:00:00+00:00,120.02,
12837,2025-12-17 21:00:00+00:00,,
12838,2025-12-17 22:00:00+00:00,,
12839,2025-12-17 23:00:00+00:00,85.4,
12840,2025-12-18 00:00:00+00:00,,
12841,2025-12-18 01:00:00+00:00,,
12842,2025-12-18 02:00:00+00:00,,
12843,2025-12-18 03:00:00+00:00,,
12844,2025-12-18 04:00:00+00:00,,
12845,2025-12-18 05:00:00+00:00,,
12846,2025-12-18 06:00:00+00:00,,
12847,2025-12-18 07:00:00+00:00,,
12848,2025-12-18 08:00:00+00:00,,
12849,2025-12-18 09:00:00+00:00,,
12850,2025-12-18 10:00:00+00:00,,
12851,2025-12-18 11:00:00+00:00,,
12852,2025-12-18 12:00:00+00:00,,
12853,2025-12-18 13:00:00+00:00,,
12854,2025-12-18 14:00:00+00:00,,
12855,2025-12-18 15:00:00+00:00,,
12856,2025-12-18 16:00:00+00:00,,
12857,2025-12-18 17:00:00+00:00,,
12858,2025-12-18 18:00:00+00:00,,
12859,2025-12-18 19:00:00+00:00,,
12860,2025-12-18 20:00:00+00:00,,
12861,2025-12-18 21:00:00+00:00,,
12862,2025-12-18 22:00:00+00:00,,
12863,2025-12-18 23:00:00+00:00,77.475,
12864,2025-12-19 00:00:00+00:00,,
12865,2025-12-19 01:00:00+00:00,,
12866,2025-12-19 02:00:00+00:00,62.265,
12867,2025-12-19 03:00:00+00:00,68.16,
12868,2025-12-19 04:00:00+00:00,,
12869,2025-12-19 05:00:00+00:00,137.79,
12870,2025-12-19 06:00:00+00:00,,
12871,2025-12-19 07:00:00+00:00,,
12872,2025-12-19 08:00:00+00:00,,
12873,2025-12-19 09:00:00+00:00,,
12874,2025-12-19 10:00:00+00:00,,
12875,2025-12-19 11:00:00+00:00,102.1,
12876,2025-12-19 12:00:00+00:00,,
12877,2025-12-19 13:00:00+00:00,108.34,
12878,2025-12-19 14:00:00+00:00,,
12879,2025-12-19 15:00:00+00:00,130.65,
12880,2025-12-19 16:00:00+00:00,,
12881,2025-12-19 17:00:00+00:00,120.15,
12882,2025-12-19 18:00:00+00:00,115.91,
12883,2025-12-19 19:00:00+00:00,,
12884,2025-12-19 20:00:00+00:00,,
12885,2025-12-19 21:00:00+00:00,,
12886,2025-12-19 22:00:00+00:00,,
12887,2025-12-19 23:00:00+00:00,,
12888,2025-12-20 00:00:00+00:00,,
12889,2025-12-20 01:00:00+00:00,,
12890,2025-12-20 02:00:00+00:00,,
12891,2025-12-20 03:00:00+00:00,,
12892,2025-12-20 04:00:00+00:00,,
12893,2025-12-20 05:00:00+00:00,,
12894,2025-12-20 06:00:00+00:00,,
12895,2025-12-20 07:00:00+00:00,,
12896,2025-12-20 08:00:00+00:00,,
12897,2025-12-20 09:00:00+00:00,116.31,
12898,2025-12-20 10:00:00+00:00,,
12899,2025-12-20 11:00:00+00:00,113.875,
12900,2025-12-20 12:00:00+00:00,,
12901,2025-12-20 13:00:00+00:00,,
12902,2025-12-20 14:00:00+00:00,127.08999999999999,
12903,2025-12-20 15:00:00+00:00,143.8,
12904,2025-12-20 16:00:00+00:00,129.59,
12905,2025-12-20 17:00:00+00:00,124.57,
12906,2025-12-20 18:00:00+00:00,,
12907,2025-12-20 19:00:00+00:00,124.0,
12908,2025-12-20 20:00:00+00:00,,
12909,2025-12-20 21:00:00+00:00,,
12910,2025-12-20 22:00:00+00:00,,
12911,2025-12-20 23:00:00+00:00,,
12912,2025-12-21 00:00:00+00:00,,
12913,2025-12-21 01:00:00+00:00,,
12914,2025-12-21 02:00:00+00:00,,
12915,2025-12-21 03:00:00+00:00,,
12916,2025-12-21 04:00:00+00:00,,
12917,2025-12-21 05:00:00+00:00,,
12918,2025-12-21 06:00:00+00:00,,
12919,2025-12-21 07:00:00+00:00,,
12920,2025-12-21 08:00:00+00:00,,
12921,2025-12-21 09:00:00+00:00,113.51,
12922,2025-12-21 10:00:00+00:00,,
12923,2025-12-21 11:00:00+00:00,,
12924,2025-12-21 12:00:00+00:00,134.29,
12925,2025-12-21 13:00:00+00:00,,
12926,2025-12-21 14:00:00+00:00,,
12927,2025-12-21 15:00:00+00:00,,
12928,2025-12-21 16:00:00+00:00,,
12929,2025-12-21 17:00:00+00:00,,
12930,2025-12-21 18:00:00+00:00,123.22666666666667,
12931,2025-12-21 19:00:00+00:00,,
12932,2025-12-21 20:00:00+00:00,,
12933,2025-12-21 21:00:00+00:00,,
12934,2025-12-21 22:00:00+00:00,,
12935,2025-12-21 23:00:00+00:00,,
12936,2025-12-22 00:00:00+00:00,,
12937,2025-12-22 01:00:00+00:00,,
12938,2025-12-22 02:00:00+00:00,,
12939,2025-12-22 03:00:00+00:00,,
12940,2025-12-22 04:00:00+00:00,,
12941,2025-12-22 05:00:00+00:00,85.26,
12942,2025-12-22 06:00:00+00:00,127.45,
12943,2025-12-22 07:00:00+00:00,144.38666666666666,
12944,2025-12-22 08:00:00+00:00,142.55,
12945,2025-12-22 09:00:00+00:00,138.29,
12946,2025-12-22 10:00:00+00:00,,
12947,2025-12-22 11:00:00+00:00,115.5,
12948,2025-12-22 12:00:00+00:00,156.33,
12949,2025-12-22 13:00:00+00:00,,
12950,2025-12-22 14:00:00+00:00,141.60333333333332,
12951,2025-12-22 15:00:00+00:00,171.035,
12952,2025-12-22 16:00:00+00:00,,
12953,2025-12-22 17:00:00+00:00,,
12954,2025-12-22 18:00:00+00:00,153.61333333333334,
12955,2025-12-22 19:00:00+00:00,,
12956,2025-12-22 20:00:00+00:00,,
12957,2025-12-22 21:00:00+00:00,,
12958,2025-12-22 22:00:00+00:00,,
12959,2025-12-22 23:00:00+00:00,,
12960,2025-12-23 00:00:00+00:00,,
12961,2025-12-23 01:00:00+00:00,104.97,
12962,2025-12-23 02:00:00+00:00,,
12963,2025-12-23 03:00:00+00:00,,
12964,2025-12-23 04:00:00+00:00,111.33,
12965,2025-12-23 05:00:00+00:00,,
12966,2025-12-23 06:00:00+00:00,,
12967,2025-12-23 07:00:00+00:00,119.83,
12968,2025-12-23 08:00:00+00:00,,
12969,2025-12-23 09:00:00+00:00,116.82,
12970,2025-12-23 10:00:00+00:00,,
12971,2025-12-23 11:00:00+00:00,,
12972,2025-12-23 12:00:00+00:00,115.21000000000001,
12973,2025-12-23 13:00:00+00:00,,
12974,2025-12-23 14:00:00+00:00,119.065,
12975,2025-12-23 15:00:00+00:00,,
12976,2025-12-23 16:00:00+00:00,,
12977,2025-12-23 17:00:00+00:00,104.27,
12978,2025-12-23 18:00:00+00:00,,
12979,2025-12-23 19:00:00+00:00,,
12980,2025-12-23 20:00:00+00:00,,
12981,2025-12-23 21:00:00+00:00,,
12982,2025-12-23 22:00:00+00:00,,
12983,2025-12-23 23:00:00+00:00,,
12984,2025-12-24 00:00:00+00:00,72.87,
12985,2025-12-24 01:00:00+00:00,,
12986,2025-12-24 02:00:00+00:00,66.66,
12987,2025-12-24 03:00:00+00:00,58.23,
12988,2025-12-24 04:00:00+00:00,63.8,
12989,2025-12-24 05:00:00+00:00,61.61,
12990,2025-12-24 06:00:00+00:00,70.94,
12991,2025-12-24 07:00:00+00:00,,
12992,2025-12-24 08:00:00+00:00,,
12993,2025-12-24 09:00:00+00:00,78.89,
12994,2025-12-24 10:00:00+00:00,,
12995,2025-12-24 11:00:00+00:00,,
12996,2025-12-24 12:00:00+00:00,,
12997,2025-12-24 13:00:00+00:00,,
12998,2025-12-24 14:00:00+00:00,,
12999,2025-12-24 15:00:00+00:00,108.48,
13000,2025-12-24 16:00:00+00:00,117.91,
13001,2025-12-24 17:00:00+00:00,,
13002,2025-12-24 18:00:00+00:00,,
13003,2025-12-24 19:00:00+00:00,,
13004,2025-12-24 20:00:00+00:00,,
13005,2025-12-24 21:00:00+00:00,116.89,
13006,2025-12-24 22:00:00+00:00,,
13007,2025-12-24 23:00:00+00:00,,
13008,2025-12-25 00:00:00+00:00,,
13009,2025-12-25 01:00:00+00:00,,
13010,2025-12-25 02:00:00+00:00,98.93,
13011,2025-12-25 03:00:00+00:00,99.84,
13012,2025-12-25 04:00:00+00:00,,
13013,2025-12-25 05:00:00+00:00,,
13014,2025-12-25 06:00:00+00:00,97.055,
13015,2025-12-25 07:00:00+00:00,,
13016,2025-12-25 08:00:00+00:00,,
13017,2025-12-25 09:00:00+00:00,60.485,
13018,2025-12-25 10:00:00+00:00,47.62,
13019,2025-12-25 11:00:00+00:00,48.9,
13020,2025-12-25 12:00:00+00:00,,
13021,2025-12-25 13:00:00+00:00,,
13022,2025-12-25 14:00:00+00:00,,
13023,2025-12-25 15:00:00+00:00,,
13024,2025-12-25 16:00:00+00:00,,
13025,2025-12-25 17:00:00+00:00,,
13026,2025-12-25 18:00:00+00:00,,
13027,2025-12-25 19:00:00+00:00,,
13028,2025-12-25 20:00:00+00:00,,
13029,2025-12-25 21:00:00+00:00,,
13030,2025-12-25 22:00:00+00:00,,
13031,2025-12-25 23:00:00+00:00,,
13032,2025-12-26 00:00:00+00:00,,
13033,2025-12-26 01:00:00+00:00,,
13034,2025-12-26 02:00:00+00:00,,
13035,2025-12-26 03:00:00+00:00,,
13036,2025-12-26 04:00:00+00:00,,
13037,2025-12-26 05:00:00+00:00,,
13038,2025-12-26 06:00:00+00:00,,
13039,2025-12-26 07:00:00+00:00,,
13040,2025-12-26 08:00:00+00:00,,
13041,2025-12-26 09:00:00+00:00,,
13042,2025-12-26 10:00:00+00:00,,
13043,2025-12-26 11:00:00+00:00,,
13044,2025-12-26 12:00:00+00:00,,
13045,2025-12-26 13:00:00+00:00,,
13046,2025-12-26 14:00:00+00:00,,
13047,2025-12-26 15:00:00+00:00,119.34,
13048,2025-12-26 16:00:00+00:00,120.19,
13049,2025-12-26 17:00:00+00:00,,
13050,2025-12-26 18:00:00+00:00,,
13051,2025-12-26 19:00:00+00:00,117.11666666666667,
13052,2025-12-26 20:00:00+00:00,,
13053,2025-12-26 21:00:00+00:00,,
13054,2025-12-26 22:00:00+00:00,,
13055,2025-12-26 23:00:00+00:00,,
13056,2025-12-27 00:00:00+00:00,104.65,
13057,2025-12-27 01:00:00+00:00,,
13058,2025-12-27 02:00:00+00:00,,
13059,2025-12-27 03:00:00+00:00,,
13060,2025-12-27 04:00:00+00:00,83.4,
13061,2025-12-27 05:00:00+00:00,,
13062,2025-12-27 06:00:00+00:00,,
13063,2025-12-27 07:00:00+00:00,,
13064,2025-12-27 08:00:00+00:00,,
13065,2025-12-27 09:00:00+00:00,,
13066,2025-12-27 10:00:00+00:00,,
13067,2025-12-27 11:00:00+00:00,,
13068,2025-12-27 12:00:00+00:00,,
13069,2025-12-27 13:00:00+00:00,92.73,
13070,2025-12-27 14:00:00+00:00,,
13071,2025-12-27 15:00:00+00:00,,
13072,2025-12-27 16:00:00+00:00,,
13073,2025-12-27 17:00:00+00:00,,
13074,2025-12-27 18:00:00+00:00,,
13075,2025-12-27 19:00:00+00:00,90.34,
13076,2025-12-27 20:00:00+00:00,,
13077,2025-12-27 21:00:00+00:00,,
13078,2025-12-27 22:00:00+00:00,60.31,
13079,2025-12-27 23:00:00+00:00,53.91499999999999,
13080,2025-12-28 00:00:00+00:00,42.45,
13081,2025-12-28 01:00:00+00:00,55.02,
13082,2025-12-28 02:00:00+00:00,57.84,
13083,2025-12-28 03:00:00+00:00,,
13084,2025-12-28 04:00:00+00:00,68.94,
13085,2025-12-28 05:00:00+00:00,,
13086,2025-12-28 06:00:00+00:00,55.8,
13087,2025-12-28 07:00:00+00:00,,
13088,2025-12-28 08:00:00+00:00,,
13089,2025-12-28 09:00:00+00:00,80.34,
13090,2025-12-28 10:00:00+00:00,,
13091,2025-12-28 11:00:00+00:00,79.55,
13092,2025-12-28 12:00:00+00:00,,
13093,2025-12-28 13:00:00+00:00,,
13094,2025-12-28 14:00:00+00:00,,
13095,2025-12-28 15:00:00+00:00,,
13096,2025-12-28 16:00:00+00:00,,
13097,2025-12-28 17:00:00+00:00,,
13098,2025-12-28 18:00:00+00:00,,
13099,2025-12-28 19:00:00+00:00,,
13100,2025-12-28 20:00:00+00:00,,
13101,2025-12-28 21:00:00+00:00,98.7,
13102,2025-12-28 22:00:00+00:00,,
13103,2025-12-28 23:00:00+00:00,,
13104,2025-12-29 00:00:00+00:00,,
13105,2025-12-29 01:00:00+00:00,,
13106,2025-12-29 02:00:00+00:00,84.38,
13107,2025-12-29 03:00:00+00:00,84.79,
13108,2025-12-29 04:00:00+00:00,,
13109,2025-12-29 05:00:00+00:00,127.85,
13110,2025-12-29 06:00:00+00:00,,
13111,2025-12-29 07:00:00+00:00,119.18,
13112,2025-12-29 08:00:00+00:00,,
13113,2025-12-29 09:00:00+00:00,,
13114,2025-12-29 10:00:00+00:00,,
13115,2025-12-29 11:00:00+00:00,,
13116,2025-12-29 12:00:00+00:00,,
13117,2025-12-29 13:00:00+00:00,,
13118,2025-12-29 14:00:00+00:00,,
13119,2025-12-29 15:00:00+00:00,,
13120,2025-12-29 16:00:00+00:00,,
13121,2025-12-29 17:00:00+00:00,,
13122,2025-12-29 18:00:00+00:00,,
13123,2025-12-29 19:00:00+00:00,,
13124,2025-12-29 20:00:00+00:00,,
13125,2025-12-29 21:00:00+00:00,,
13126,2025-12-29 22:00:00+00:00,73.4,
13127,2025-12-29 23:00:00+00:00,60.605000000000004,
13128,2025-12-30 00:00:00+00:00,56.346666666666664,
13129,2025-12-30 01:00:00+00:00,47.485,
13130,2025-12-30 02:00:00+00:00,54.03,
13131,2025-12-30 03:00:00+00:00,47.50333333333333,
13132,2025-12-30 04:00:00+00:00,47.83,
13133,2025-12-30 05:00:00+00:00,66.86,
13134,2025-12-30 06:00:00+00:00,,
13135,2025-12-30 07:00:00+00:00,,
13136,2025-12-30 08:00:00+00:00,,
13137,2025-12-30 09:00:00+00:00,,
13138,2025-12-30 10:00:00+00:00,78.56,
13139,2025-12-30 11:00:00+00:00,,
13140,2025-12-30 12:00:00+00:00,,
13141,2025-12-30 13:00:00+00:00,,
13142,2025-12-30 14:00:00+00:00,,
13143,2025-12-30 15:00:00+00:00,,
13144,2025-12-30 16:00:00+00:00,114.62,
13145,2025-12-30 17:00:00+00:00,,
13146,2025-12-30 18:00:00+00:00,,
13147,2025-12-30 19:00:00+00:00,,
13148,2025-12-30 20:00:00+00:00,,
13149,2025-12-30 21:00:00+00:00,,
13150,2025-12-30 22:00:00+00:00,77.68,
13151,2025-12-30 23:00:00+00:00,,
13152,2025-12-31 00:00:00+00:00,76.39,
13153,2025-12-31 01:00:00+00:00,,
13154,2025-12-31 02:00:00+00:00,,
13155,2025-12-31 03:00:00+00:00,74.41,
13156,2025-12-31 04:00:00+00:00,78.15333333333332,
13157,2025-12-31 05:00:00+00:00,,
13158,2025-12-31 06:00:00+00:00,,
13159,2025-12-31 07:00:00+00:00,,
13160,2025-12-31 08:00:00+00:00,,
13161,2025-12-31 09:00:00+00:00,,
13162,2025-12-31 10:00:00+00:00,,
13163,2025-12-31 11:00:00+00:00,107.76,
13164,2025-12-31 12:00:00+00:00,145.37,
13165,2025-12-31 13:00:00+00:00,,
13166,2025-12-31 14:00:00+00:00,137.54,
13167,2025-12-31 15:00:00+00:00,154.36,
13168,2025-12-31 16:00:00+00:00,130.375,
13169,2025-12-31 17:00:00+00:00,,
13170,2025-12-31 18:00:00+00:00,,
13171,2025-12-31 19:00:00+00:00,119.64,
13172,2025-12-31 20:00:00+00:00,108.03,
13173,2025-12-31 21:00:00+00:00,,
13174,2025-12-31 22:00:00+00:00,104.32,
13175,2025-12-31 23:00:00+00:00,108.695,
13176,2026-01-01 00:00:00+00:00,,
13177,2026-01-01 01:00:00+00:00,,
13178,2026-01-01 02:00:00+00:00,58.34,
13179,2026-01-01 03:00:00+00:00,31.725,
13180,2026-01-01 04:00:00+00:00,31.349999999999998,
13181,2026-01-01 05:00:00+00:00,19.205,
13182,2026-01-01 06:00:00+00:00,,
13183,2026-01-01 07:00:00+00:00,-4.73,
13184,2026-01-01 08:00:00+00:00,,
13185,2026-01-01 09:00:00+00:00,,
13186,2026-01-01 10:00:00+00:00,-0.13,
13187,2026-01-01 11:00:00+00:00,5.08,
13188,2026-01-01 12:00:00+00:00,15.26,
13189,2026-01-01 13:00:00+00:00,17.886666666666667,
13190,2026-01-01 14:00:00+00:00,28.083333333333332,
13191,2026-01-01 15:00:00+00:00,44.373333333333335,
13192,2026-01-01 16:00:00+00:00,39.855000000000004,
13193,2026-01-01 17:00:00+00:00,37.81,
13194,2026-01-01 18:00:00+00:00,37.199999999999996,
13195,2026-01-01 19:00:00+00:00,28.57,
13196,2026-01-01 20:00:00+00:00,19.509999999999998,
13197,2026-01-01 21:00:00+00:00,15.99,
13198,2026-01-01 22:00:00+00:00,,
13199,2026-01-01 23:00:00+00:00,-0.79,
13200,2026-01-02 00:00:00+00:00,-0.72,
13201,2026-01-02 01:00:00+00:00,,
13202,2026-01-02 02:00:00+00:00,,
13203,2026-01-02 03:00:00+00:00,,
13204,2026-01-02 04:00:00+00:00,,
13205,2026-01-02 05:00:00+00:00,6.14,
13206,2026-01-02 06:00:00+00:00,,
13207,2026-01-02 07:00:00+00:00,,
13208,2026-01-02 08:00:00+00:00,,
13209,2026-01-02 09:00:00+00:00,70.595,
13210,2026-01-02 10:00:00+00:00,,
13211,2026-01-02 11:00:00+00:00,69.34,
13212,2026-01-02 12:00:00+00:00,,
13213,2026-01-02 13:00:00+00:00,78.94,
13214,2026-01-02 14:00:00+00:00,,
13215,2026-01-02 15:00:00+00:00,,
13216,2026-01-02 16:00:00+00:00,,
13217,2026-01-02 17:00:00+00:00,,
13218,2026-01-02 18:00:00+00:00,,
13219,2026-01-02 19:00:00+00:00,,
13220,2026-01-02 20:00:00+00:00,,
13221,2026-01-02 21:00:00+00:00,,
13222,2026-01-02 22:00:00+00:00,83.32,
13223,2026-01-02 23:00:00+00:00,,
13224,2026-01-03 00:00:00+00:00,59.21,
13225,2026-01-03 01:00:00+00:00,58.19333333333333,
13226,2026-01-03 02:00:00+00:00,57.02333333333333,
13227,2026-01-03 03:00:00+00:00,55.86666666666667,
13228,2026-01-03 04:00:00+00:00,,
13229,2026-01-03 05:00:00+00:00,,
13230,2026-01-03 06:00:00+00:00,79.51,
13231,2026-01-03 07:00:00+00:00,,
13232,2026-01-03 08:00:00+00:00,94.34,
13233,2026-01-03 09:00:00+00:00,,
13234,2026-01-03 10:00:00+00:00,91.95,
13235,2026-01-03 11:00:00+00:00,,
13236,2026-01-03 12:00:00+00:00,88.99,
13237,2026-01-03 13:00:00+00:00,,
13238,2026-01-03 14:00:00+00:00,,
13239,2026-01-03 15:00:00+00:00,,
13240,2026-01-03 16:00:00+00:00,,
13241,2026-01-03 17:00:00+00:00,,
13242,2026-01-03 18:00:00+00:00,,
13243,2026-01-03 19:00:00+00:00,,
13244,2026-01-03 20:00:00+00:00,,
13245,2026-01-03 21:00:00+00:00,,
13246,2026-01-03 22:00:00+00:00,81.34,
13247,2026-01-03 23:00:00+00:00,,
13248,2026-01-04 00:00:00+00:00,,
13249,2026-01-04 01:00:00+00:00,,
13250,2026-01-04 02:00:00+00:00,84.98,
13251,2026-01-04 03:00:00+00:00,,
13252,2026-01-04 04:00:00+00:00,,
13253,2026-01-04 05:00:00+00:00,,
13254,2026-01-04 06:00:00+00:00,,
13255,2026-01-04 07:00:00+00:00,,
13256,2026-01-04 08:00:00+00:00,95.99,
13257,2026-01-04 09:00:00+00:00,,
13258,2026-01-04 10:00:00+00:00,,
13259,2026-01-04 11:00:00+00:00,,
13260,2026-01-04 12:00:00+00:00,,
13261,2026-01-04 13:00:00+00:00,,
13262,2026-01-04 14:00:00+00:00,,
13263,2026-01-04 15:00:00+00:00,116.62,
13264,2026-01-04 16:00:00+00:00,,
13265,2026-01-04 17:00:00+00:00,,
13266,2026-01-04 18:00:00+00:00,115.06,
13267,2026-01-04 19:00:00+00:00,,
13268,2026-01-04 20:00:00+00:00,,
13269,2026-01-04 21:00:00+00:00,,
13270,2026-01-04 22:00:00+00:00,89.73,
13271,2026-01-04 23:00:00+00:00,91.48,
13272,2026-01-05 00:00:00+00:00,92.96,
13273,2026-01-05 01:00:00+00:00,,
13274,2026-01-05 02:00:00+00:00,,
13275,2026-01-05 03:00:00+00:00,90.3,
13276,2026-01-05 04:00:00+00:00,,
13277,2026-01-05 05:00:00+00:00,,
13278,2026-01-05 06:00:00+00:00,,
13279,2026-01-05 07:00:00+00:00,150.92000000000002,
13280,2026-01-05 08:00:00+00:00,,
13281,2026-01-05 09:00:00+00:00,,
13282,2026-01-05 10:00:00+00:00,,
13283,2026-01-05 11:00:00+00:00,133.39,
13284,2026-01-05 12:00:00+00:00,155.2,
13285,2026-01-05 13:00:00+00:00,218.80333333333337,
13286,2026-01-05 14:00:00+00:00,215.415,
13287,2026-01-05 15:00:00+00:00,222.925,
13288,2026-01-05 16:00:00+00:00,223.95,
13289,2026-01-05 17:00:00+00:00,213.585,
13290,2026-01-05 18:00:00+00:00,189.73333333333335,
13291,2026-01-05 19:00:00+00:00,138.09,
13292,2026-01-05 20:00:00+00:00,136.435,
13293,2026-01-05 21:00:00+00:00,124.17,
13294,2026-01-05 22:00:00+00:00,,
13295,2026-01-05 23:00:00+00:00,,
13296,2026-01-06 00:00:00+00:00,,
13297,2026-01-06 01:00:00+00:00,,
13298,2026-01-06 02:00:00+00:00,,
13299,2026-01-06 03:00:00+00:00,,
13300,2026-01-06 04:00:00+00:00,,
13301,2026-01-06 05:00:00+00:00,,
13302,2026-01-06 06:00:00+00:00,,
13303,2026-01-06 07:00:00+00:00,,
13304,2026-01-06 08:00:00+00:00,,
13305,2026-01-06 09:00:00+00:00,,
13306,2026-01-06 10:00:00+00:00,,
13307,2026-01-06 11:00:00+00:00,,
13308,2026-01-06 12:00:00+00:00,,
13309,2026-01-06 13:00:00+00:00,,
13310,2026-01-06 14:00:00+00:00,,
13311,2026-01-06 15:00:00+00:00,,
13312,2026-01-06 16:00:00+00:00,,
13313,2026-01-06 17:00:00+00:00,,
13314,2026-01-06 18:00:00+00:00,,
13315,2026-01-06 19:00:00+00:00,,
13316,2026-01-06 20:00:00+00:00,,
13317,2026-01-06 21:00:00+00:00,112.01,
13318,2026-01-06 22:00:00+00:00,109.18,
13319,2026-01-06 23:00:00+00:00,104.8075,
13320,2026-01-07 00:00:00+00:00,101.73,105.3674586160738
13321,2026-01-07 01:00:00+00:00,92.1675,104.48487348884952
13322,2026-01-07 02:00:00+00:00,92.54,104.3708692061106
13323,2026-01-07 03:00:00+00:00,89.2775,105.53402643093523
13324,2026-01-07 04:00:00+00:00,108.345,116.13529000132343
13325,2026-01-07 05:00:00+00:00,154.895,162.14880853965025
13326,2026-01-07 06:00:00+00:00,214.33499999999998,247.89891122844932
13327,2026-01-07 07:00:00+00:00,259.8875,255.76496983979848
13328,2026-01-07 08:00:00+00:00,251.115,242.8918984229302
13329,2026-01-07 09:00:00+00:00,199.20999999999998,209.70292161151693
13330,2026-01-07 10:00:00+00:00,220.16500000000002,210.10834886880284
13331,2026-01-07 11:00:00+00:00,240.0325,207.91702743751955
13332,2026-01-07 12:00:00+00:00,290.6075,211.5548389135596
13333,2026-01-07 13:00:00+00:00,277.98,212.09484625090911
13334,2026-01-07 14:00:00+00:00,313.27,250.8010201199357
13335,2026-01-07 15:00:00+00:00,287.4575,265.1615612657285
13336,2026-01-07 16:00:00+00:00,270.545,262.12755338271813
13337,2026-01-07 17:00:00+00:00,237.365,245.33977557269972
13338,2026-01-07 18:00:00+00:00,225.345,241.95751880454804
13339,2026-01-07 19:00:00+00:00,209.78,183.0524065989853
13340,2026-01-07 20:00:00+00:00,140.89499999999998,134.95445792285028
13341,2026-01-07 21:00:00+00:00,119.31,119.63744371761862
13342,2026-01-07 22:00:00+00:00,114.28750000000001,113.91594698676622
13343,2026-01-07 23:00:00+00:00,113.41499999999999,109.1165415004981
13344,2026-01-08 00:00:00+00:00,98.96000000000001,103.49149059465266
13345,2026-01-08 01:00:00+00:00,95.645,103.13857069894271
13346,2026-01-08 02:00:00+00:00,94.95,102.77183366597701
13347,2026-01-08 03:00:00+00:00,106.9525,104.23085148430704
13348,2026-01-08 04:00:00+00:00,103.5775,109.84830017667451
13349,2026-01-08 05:00:00+00:00,157.045,158.9811068927816
13350,2026-01-08 06:00:00+00:00,250.08749999999998,236.35194679439329
13351,2026-01-08 07:00:00+00:00,279.645,244.44503814721858
13352,2026-01-08 08:00:00+00:00,240.2025,241.37207741472892
13353,2026-01-08 09:00:00+00:00,206.995,199.0633715224527
13354,2026-01-08 10:00:00+00:00,211.3125,200.42438268632952
13355,2026-01-08 11:00:00+00:00,217.4625,204.29657185907104
13356,2026-01-08 12:00:00+00:00,232.62,231.9151968058453
13357,2026-01-08 13:00:00+00:00,259.56,260.43765570734774
13358,2026-01-08 14:00:00+00:00,258.98,263.9073588961196
13359,2026-01-08 15:00:00+00:00,259.01,255.671172013689
13360,2026-01-08 16:00:00+00:00,271.645,260.5978516691384
13361,2026-01-08 17:00:00+00:00,285.2925,258.7938353721891
13362,2026-01-08 18:00:00+00:00,293.6875,249.13205159512347
13363,2026-01-08 19:00:00+00:00,229.1475,223.98255044113228
13364,2026-01-08 20:00:00+00:00,142.6775,140.5391476056432
13365,2026-01-08 21:00:00+00:00,116.97,119.0086995077584
13366,2026-01-08 22:00:00+00:00,116.22749999999999,115.12672350131183
13367,2026-01-08 23:00:00+00:00,109.2975,113.10303808005385
13368,2026-01-09 00:00:00+00:00,104.41,106.78645407995748
13369,2026-01-09 01:00:00+00:00,108.19,109.09347163984322
13370,2026-01-09 02:00:00+00:00,109.215,109.45408469917083
13371,2026-01-09 03:00:00+00:00,99.5125,110.41760067698506
13372,2026-01-09 04:00:00+00:00,110.16,108.36412324992276
13373,2026-01-09 05:00:00+00:00,138.615,152.51279453036463
13374,2026-01-09 06:00:00+00:00,187.46,200.04310299719725
13375,2026-01-09 07:00:00+00:00,211.6325,205.19662427113002
13376,2026-01-09 08:00:00+00:00,208.405,181.9313172805819
13377,2026-01-09 09:00:00+00:00,122.34,159.2126223759164
13378,2026-01-09 10:00:00+00:00,175.4225,160.6500960282164
13379,2026-01-09 11:00:00+00:00,161.65,163.17253487114752
13380,2026-01-09 12:00:00+00:00,169.8225,169.0053641287754
13381,2026-01-09 13:00:00+00:00,123.7975,162.86126747387115
13382,2026-01-09 14:00:00+00:00,145.7725,171.35454466908982
13383,2026-01-09 15:00:00+00:00,157.2125,169.4638640210059
13384,2026-01-09 16:00:00+00:00,136.8,150.84080367655474
13385,2026-01-09 17:00:00+00:00,124.8925,142.3177930655394
13386,2026-01-09 18:00:00+00:00,113.8825,140.84440744258237
13387,2026-01-09 19:00:00+00:00,108.7975,139.12705622322662
13388,2026-01-09 20:00:00+00:00,102.1825,120.82407435976893
13389,2026-01-09 21:00:00+00:00,102.0325,112.53178976506881
13390,2026-01-09 22:00:00+00:00,105.295,111.22307856990062
13391,2026-01-09 23:00:00+00:00,135.9675,113.76034959979123
13392,2026-01-10 00:00:00+00:00,120.8675,112.89871528204371
13393,2026-01-10 01:00:00+00:00,118.6275,114.35609751492983
13394,2026-01-10 02:00:00+00:00,120.39500000000001,114.39892930540339
13395,2026-01-10 03:00:00+00:00,119.845,111.05043055503315
13396,2026-01-10 04:00:00+00:00,121.92999999999999,115.52746815577855
13397,2026-01-10 05:00:00+00:00,121.6825,135.2900129419801
13398,2026-01-10 06:00:00+00:00,137.8225,146.08951415764966
13399,2026-01-10 07:00:00+00:00,177.9375,173.78434734567495
13400,2026-01-10 08:00:00+00:00,177.075,163.45837251247485
13401,2026-01-10 09:00:00+00:00,152.5075,142.41639589109414
13402,2026-01-10 10:00:00+00:00,140.10250000000002,134.91444474895366
13403,2026-01-10 11:00:00+00:00,136.6825,132.80623533273413
13404,2026-01-10 12:00:00+00:00,132.855,134.59226544996488
13405,2026-01-10 13:00:00+00:00,127.41499999999999,122.74231551693698
13406,2026-01-10 14:00:00+00:00,125.45,131.53844500873942
13407,2026-01-10 15:00:00+00:00,132.02,140.7712761406167
13408,2026-01-10 16:00:00+00:00,140.79,133.07537599896824
13409,2026-01-10 17:00:00+00:00,137.4425,130.6895284012181
13410,2026-01-10 18:00:00+00:00,128.365,124.97411137175749
13411,2026-01-10 19:00:00+00:00,120.735,123.43030858909168
13412,2026-01-10 20:00:00+00:00,113.5625,113.07525335965246
13413,2026-01-10 21:00:00+00:00,107.87,111.13679736640768
13414,2026-01-10 22:00:00+00:00,98.1975,95.03751096636378
13415,2026-01-10 23:00:00+00:00,96.9025,86.15032849171652
13416,2026-01-11 00:00:00+00:00,92.7475,84.7119365867162
13417,2026-01-11 01:00:00+00:00,88.035,80.65603085436075
13418,2026-01-11 02:00:00+00:00,84.86,78.5712826014252
13419,2026-01-11 03:00:00+00:00,82.68,77.7993674915936
13420,2026-01-11 04:00:00+00:00,82.26,78.14939033048442
13421,2026-01-11 05:00:00+00:00,81.6025,80.4033887850714
13422,2026-01-11 06:00:00+00:00,84.25999999999999,89.88414895536661
13423,2026-01-11 07:00:00+00:00,92.1,95.00299659122422
13424,2026-01-11 08:00:00+00:00,103.52,104.85580463087099
13425,2026-01-11 09:00:00+00:00,101.14750000000001,99.86395249471951
13426,2026-01-11 10:00:00+00:00,100.36,98.33273891093228
13427,2026-01-11 11:00:00+00:00,97.235,100.63198460568869
13428,2026-01-11 12:00:00+00:00,96.9725,100.75346407418537
13429,2026-01-11 13:00:00+00:00,99.56,100.54941828593208
13430,2026-01-11 14:00:00+00:00,101.93,103.69772846198799
13431,2026-01-11 15:00:00+00:00,114.16,115.23071261817357
13432,2026-01-11 16:00:00+00:00,117.745,119.7489104375732
13433,2026-01-11 17:00:00+00:00,114.7175,118.53063822015311
13434,2026-01-11 18:00:00+00:00,110.7425,118.21581927316727
13435,2026-01-11 19:00:00+00:00,105.2925,116.34396739489355
13436,2026-01-11 20:00:00+00:00,101.50999999999999,108.81573689573972
13437,2026-01-11 21:00:00+00:00,98.99,101.18226086907141
13438,2026-01-11 22:00:00+00:00,88.155,94.92817795105046
13439,2026-01-11 23:00:00+00:00,91.45,96.96631768633878
13440,2026-01-12 00:00:00+00:00,90.3925,91.94800063071766
13441,2026-01-12 01:00:00+00:00,93.945,91.45138335130358
13442,2026-01-12 02:00:00+00:00,95.01,93.19917540979081
13443,2026-01-12 03:00:00+00:00,100.565,100.59824415097599
13444,2026-01-12 04:00:00+00:00,94.0125,117.60511609733545
13445,2026-01-12 05:00:00+00:00,160.7175,187.9447062798805
13446,2026-01-12 06:00:00+00:00,272.4025,264.8606385726882
13447,2026-01-12 07:00:00+00:00,336.53,316.99807362535677
13448,2026-01-12 08:00:00+00:00,382.10249999999996,329.21438624632754
13449,2026-01-12 09:00:00+00:00,315.3025,277.3495593483459
13450,2026-01-12 10:00:00+00:00,291.58,247.40497963697578
13451,2026-01-12 11:00:00+00:00,304.1675,264.343819094578
13452,2026-01-12 12:00:00+00:00,340.125,315.53521266860594
13453,2026-01-12 13:00:00+00:00,358.47,339.0122612609988
13454,2026-01-12 14:00:00+00:00,411.0875,373.74829493061617
13455,2026-01-12 15:00:00+00:00,512.16,377.70855273184264
13456,2026-01-12 16:00:00+00:00,474.55,374.95236994474544
13457,2026-01-12 17:00:00+00:00,382.5775,368.32171921799636
13458,2026-01-12 18:00:00+00:00,360.42,366.69179692102773
13459,2026-01-12 19:00:00+00:00,320.3225,239.72864451467962
13460,2026-01-12 20:00:00+00:00,186.9,139.44813359654955
13461,2026-01-12 21:00:00+00:00,127.455,122.53798257048135
13462,2026-01-12 22:00:00+00:00,108.17,111.25844603905605
13463,2026-01-12 23:00:00+00:00,104.25,108.2602240013122
13464,2026-01-13 00:00:00+00:00,102.5325,105.23437333909824
13465,2026-01-13 01:00:00+00:00,107.785,107.6692848770779
13466,2026-01-13 02:00:00+00:00,107.2625,107.73471884081532
13467,2026-01-13 03:00:00+00:00,108.4375,107.8591458216979
13468,2026-01-13 04:00:00+00:00,109.695,108.82288344947297
13469,2026-01-13 05:00:00+00:00,161.1375,175.67285572936234
13470,2026-01-13 06:00:00+00:00,292.08,284.5906489889932
13471,2026-01-13 07:00:00+00:00,500.00249999999994,363.1690950620832
13472,2026-01-13 08:00:00+00:00,491.0125,401.2150728728174
13473,2026-01-13 09:00:00+00:00,310.5475,389.7307302866755
13474,2026-01-13 10:00:00+00:00,457.6175,401.1735602984392
13475,2026-01-13 11:00:00+00:00,475.15250000000003,392.766479667653
13476,2026-01-13 12:00:00+00:00,481.1375,409.0474843297216
13477,2026-01-13 13:00:00+00:00,360.375,397.3213639353803
13478,2026-01-13 14:00:00+00:00,378.73249999999996,374.71947359689716
13479,2026-01-13 15:00:00+00:00,346.9075,358.0445309781155
13480,2026-01-13 16:00:00+00:00,312.9125,344.56949552389125
13481,2026-01-13 17:00:00+00:00,291.875,292.35350203485666
13482,2026-01-13 18:00:00+00:00,264.9975,273.9455759552381
13483,2026-01-13 19:00:00+00:00,226.3575,254.5428111404022
13484,2026-01-13 20:00:00+00:00,132.39,138.2189685386525
13485,2026-01-13 21:00:00+00:00,109.735,121.79143978829995
13486,2026-01-13 22:00:00+00:00,102.62,110.65071719745407
13487,2026-01-13 23:00:00+00:00,108.285,110.34910764731285
13488,2026-01-14 00:00:00+00:00,103.0125,109.04120393662835
13489,2026-01-14 01:00:00+00:00,96.1925,101.58518262026531
13490,2026-01-14 02:00:00+00:00,95.26,100.55620107929752
13491,2026-01-14 03:00:00+00:00,96.6425,100.90366584531006
13492,2026-01-14 04:00:00+00:00,104.3925,111.85086790404412
13493,2026-01-14 05:00:00+00:00,119.5475,135.20999922733444
13494,2026-01-14 06:00:00+00:00,133.7175,142.21711715255637
13495,2026-01-14 07:00:00+00:00,139.075,146.47479227747291
13496,2026-01-14 08:00:00+00:00,132.22,139.491207017878
13497,2026-01-14 09:00:00+00:00,125.4075,134.88532278461074
13498,2026-01-14 10:00:00+00:00,125.2175,136.30814898609518
13499,2026-01-14 11:00:00+00:00,122.3575,136.39048765441416
13500,2026-01-14 12:00:00+00:00,123.425,144.26166095916963
13501,2026-01-14 13:00:00+00:00,134.3825,146.94481671015782
13502,2026-01-14 14:00:00+00:00,151.535,153.93336416006835
13503,2026-01-14 15:00:00+00:00,154.0,158.50884972900775
13504,2026-01-14 16:00:00+00:00,176.2275,159.61049961069492
13505,2026-01-14 17:00:00+00:00,171.5175,158.91721339421397
13506,2026-01-14 18:00:00+00:00,154.005,155.74420728647226
13507,2026-01-14 19:00:00+00:00,142.15,153.0461686716605
13508,2026-01-14 20:00:00+00:00,128.785,127.79441798652337
13509,2026-01-14 21:00:00+00:00,119.9375,117.35427700632883
13510,2026-01-14 22:00:00+00:00,107.015,111.84551658588674
13511,2026-01-14 23:00:00+00:00,116.35249999999999,115.66427909826496
13512,2026-01-15 00:00:00+00:00,117.36749999999999,113.31294007129046
13513,2026-01-15 01:00:00+00:00,116.775,112.67512056847073
13514,2026-01-15 02:00:00+00:00,112.57,111.59489799757104
13515,2026-01-15 03:00:00+00:00,110.86999999999999,111.6247921752821
13516,2026-01-15 04:00:00+00:00,113.455,116.59720827321357
13517,2026-01-15 05:00:00+00:00,152.33,159.42484304042765
13518,2026-01-15 06:00:00+00:00,275.255,243.70552443430097
13519,2026-01-15 07:00:00+00:00,325.67,249.9411419529481
13520,2026-01-15 08:00:00+00:00,284.8175,231.988055625589
13521,2026-01-15 09:00:00+00:00,196.48,204.31589707952054
13522,2026-01-15 10:00:00+00:00,201.97,185.73192656396236
13523,2026-01-15 11:00:00+00:00,198.89999999999998,179.67026996524754
13524,2026-01-15 12:00:00+00:00,198.01500000000001,179.9777220235124
13525,2026-01-15 13:00:00+00:00,187.29500000000002,199.19854816015547
13526,2026-01-15 14:00:00+00:00,194.165,214.80363211439658
13527,2026-01-15 15:00:00+00:00,234.87,215.74326566943836
13528,2026-01-15 16:00:00+00:00,205.32,200.0295404593765
13529,2026-01-15 17:00:00+00:00,176.41750000000002,179.34156130050374
13530,2026-01-15 18:00:00+00:00,164.66,180.179685925696
13531,2026-01-15 19:00:00+00:00,147.26999999999998,151.11924795638922
13532,2026-01-15 20:00:00+00:00,115.94,121.32678638757244
13533,2026-01-15 21:00:00+00:00,106.34,115.69023673778216
13534,2026-01-15 22:00:00+00:00,105.705,111.06444237565843
13535,2026-01-15 23:00:00+00:00,113.1625,111.8963531330084
13536,2026-01-16 00:00:00+00:00,104.4825,107.46884045074975
13537,2026-01-16 01:00:00+00:00,103.3675,106.5618753731109
13538,2026-01-16 02:00:00+00:00,101.3425,105.16429826645641
13539,2026-01-16 03:00:00+00:00,102.08500000000001,102.84602046212758
13540,2026-01-16 04:00:00+00:00,105.1925,108.15616554666803
13541,2026-01-16 05:00:00+00:00,122.54749999999999,132.47138828082942
13542,2026-01-16 06:00:00+00:00,135.8225,143.06639506675918
13543,2026-01-16 07:00:00+00:00,140.7975,141.92368650680996
13544,2026-01-16 08:00:00+00:00,149.6925,139.84170516568668
13545,2026-01-16 09:00:00+00:00,142.365,136.21176287686208
13546,2026-01-16 10:00:00+00:00,132.9875,133.0057495139765
13547,2026-01-16 11:00:00+00:00,131.1675,132.03963424342484
13548,2026-01-16 12:00:00+00:00,128.0225,134.92592266176368
13549,2026-01-16 13:00:00+00:00,134.5075,137.1236639842733
13550,2026-01-16 14:00:00+00:00,153.3025,151.17663542295574
13551,2026-01-16 15:00:00+00:00,160.07999999999998,154.69488514647585
13552,2026-01-16 16:00:00+00:00,154.9225,155.20402620285017
13553,2026-01-16 17:00:00+00:00,150.2025,155.38122658172705
13554,2026-01-16 18:00:00+00:00,153.82,155.54301531077382
13555,2026-01-16 19:00:00+00:00,139.195,141.04889972106443
13556,2026-01-16 20:00:00+00:00,122.89,118.13167337643343
13557,2026-01-16 21:00:00+00:00,121.0475,115.61371941130984
13558,2026-01-16 22:00:00+00:00,113.64,112.89371088099362
13559,2026-01-16 23:00:00+00:00,120.0925,114.65518113632606
13560,2026-01-17 00:00:00+00:00,120.3375,114.21823371428549
13561,2026-01-17 01:00:00+00:00,119.39500000000001,113.7485260716
13562,2026-01-17 02:00:00+00:00,115.895,112.29631471755724
13563,2026-01-17 03:00:00+00:00,117.7425,112.69799095708277
13564,2026-01-17 04:00:00+00:00,115.5025,113.11691480571355
13565,2026-01-17 05:00:00+00:00,111.2625,115.13781745315757
13566,2026-01-17 06:00:00+00:00,111.64,129.31907628346136
13567,2026-01-17 07:00:00+00:00,116.405,131.74227679448532
13568,2026-01-17 08:00:00+00:00,120.71,132.32841942207693
13569,2026-01-17 09:00:00+00:00,117.9125,128.37244073409488
13570,2026-01-17 10:00:00+00:00,115.48,120.57577840315909
13571,2026-01-17 11:00:00+00:00,114.4,118.60896077653614
13572,2026-01-17 12:00:00+00:00,112.2375,118.76691649695609
13573,2026-01-17 13:00:00+00:00,115.0075,124.73307848984035
13574,2026-01-17 14:00:00+00:00,122.89,132.82218382506733
13575,2026-01-17 15:00:00+00:00,136.9475,138.8156924044199
13576,2026-01-17 16:00:00+00:00,141.0525,137.79457847403697
13577,2026-01-17 17:00:00+00:00,142.84750000000003,135.14841056203747
13578,2026-01-17 18:00:00+00:00,138.5875,137.07617190087734
13579,2026-01-17 19:00:00+00:00,123.49,132.25083162894035
13580,2026-01-17 20:00:00+00:00,119.355,118.4832857240719
13581,2026-01-17 21:00:00+00:00,117.0025,114.4095098349804
13582,2026-01-17 22:00:00+00:00,107.50999999999999,105.65439021318323
13583,2026-01-17 23:00:00+00:00,113.5675,111.59815741833067
13584,2026-01-18 00:00:00+00:00,109.19,109.53205493873895
13585,2026-01-18 01:00:00+00:00,107.39,104.13324867792107
13586,2026-01-18 02:00:00+00:00,102.53999999999999,102.36472077959296
13587,2026-01-18 03:00:00+00:00,102.235,104.77299607208221
13588,2026-01-18 04:00:00+00:00,102.9325,103.84637905537795
13589,2026-01-18 05:00:00+00:00,102.16,106.18935312575414
13590,2026-01-18 06:00:00+00:00,114.69,105.94593123533987
13591,2026-01-18 07:00:00+00:00,117.16749999999999,106.96107558439178
13592,2026-01-18 08:00:00+00:00,107.9175,100.43582257766342
13593,2026-01-18 09:00:00+00:00,101.91,84.78933496964365
13594,2026-01-18 10:00:00+00:00,99.445,83.59613051249404
13595,2026-01-18 11:00:00+00:00,96.855,86.80713646126941
13596,2026-01-18 12:00:00+00:00,99.8975,91.26716377618021
13597,2026-01-18 13:00:00+00:00,121.14,107.10864167890139
13598,2026-01-18 14:00:00+00:00,123.175,118.91475594339286
13599,2026-01-18 15:00:00+00:00,120.65,127.12735415625026
13600,2026-01-18 16:00:00+00:00,127.655,129.48083730020616
13601,2026-01-18 17:00:00+00:00,141.18,134.72370298679868
13602,2026-01-18 18:00:00+00:00,136.5425,128.57107830773694
13603,2026-01-18 19:00:00+00:00,123.2175,121.68934028874855
13604,2026-01-18 20:00:00+00:00,122.0875,114.34754936978169
13605,2026-01-18 21:00:00+00:00,122.58,114.29059176628047
13606,2026-01-18 22:00:00+00:00,111.78999999999999,100.93934387571541
13607,2026-01-18 23:00:00+00:00,106.9375,99.52320194822458
13608,2026-01-19 00:00:00+00:00,102.945,101.12395629103247
13609,2026-01-19 01:00:00+00:00,100.8325,92.60559220364861
13610,2026-01-19 02:00:00+00:00,100.4375,96.82920001459195
13611,2026-01-19 03:00:00+00:00,104.47,101.6170200338364
13612,2026-01-19 04:00:00+00:00,112.79,101.34203218294698
13613,2026-01-19 05:00:00+00:00,132.45749999999998,131.41158184910967
13614,2026-01-19 06:00:00+00:00,161.065,157.11625623696827
13615,2026-01-19 07:00:00+00:00,175.98000000000002,166.38175386311545
13616,2026-01-19 08:00:00+00:00,153.82999999999998,137.30578666900828
13617,2026-01-19 09:00:00+00:00,126.72749999999999,113.24862568760054
13618,2026-01-19 10:00:00+00:00,120.1725,108.88153197953434
13619,2026-01-19 11:00:00+00:00,118.3425,110.1638375204771
13620,2026-01-19 12:00:00+00:00,125.0025,113.84080777132675
13621,2026-01-19 13:00:00+00:00,144.735,130.79915985574257
13622,2026-01-19 14:00:00+00:00,171.1025,172.6736536241406
13623,2026-01-19 15:00:00+00:00,215.6,194.0946861486588
13624,2026-01-19 16:00:00+00:00,201.1825,180.89680188711918
13625,2026-01-19 17:00:00+00:00,177.6875,169.39508357104833
13626,2026-01-19 18:00:00+00:00,173.9925,168.11217208735218
13627,2026-01-19 19:00:00+00:00,163.66500000000002,162.43290505545568
13628,2026-01-19 20:00:00+00:00,135.2475,129.192251702598
13629,2026-01-19 21:00:00+00:00,126.9725,124.97765468419169
13630,2026-01-19 22:00:00+00:00,115.875,119.24689561699518
13631,2026-01-19 23:00:00+00:00,116.8625,118.79424159998379
13632,2026-01-20 00:00:00+00:00,114.8725,105.83401055052917
13633,2026-01-20 01:00:00+00:00,112.21,105.0621831866726
13634,2026-01-20 02:00:00+00:00,110.9275,105.54703402535714
13635,2026-01-20 03:00:00+00:00,113.99000000000001,106.27321841380196
13636,2026-01-20 04:00:00+00:00,125.86500000000001,115.34716621681453
13637,2026-01-20 05:00:00+00:00,138.45999999999998,136.95512801631247
13638,2026-01-20 06:00:00+00:00,212.235,169.57165226923917
13639,2026-01-20 07:00:00+00:00,128.08,151.62782079959123
13640,2026-01-20 08:00:00+00:00,107.2925,127.93660268548682
13641,2026-01-20 09:00:00+00:00,106.3575,109.69765479394114
13642,2026-01-20 10:00:00+00:00,108.0825,107.77523286208056
13643,2026-01-20 11:00:00+00:00,105.0675,108.67995673631282
13644,2026-01-20 12:00:00+00:00,107.4675,110.22692969799681
13645,2026-01-20 13:00:00+00:00,129.525,131.7266797038382
13646,2026-01-20 14:00:00+00:00,187.36,174.8473964693268
13647,2026-01-20 15:00:00+00:00,248.505,199.8600055489643
13648,2026-01-20 16:00:00+00:00,213.1725,178.21365945208342
13649,2026-01-20 17:00:00+00:00,173.9475,167.06354282269177
13650,2026-01-20 18:00:00+00:00,178.9925,164.08211665487258
13651,2026-01-20 19:00:00+00:00,158.08499999999998,161.33700485781313
13652,2026-01-20 20:00:00+00:00,131.8225,125.34578652280024
13653,2026-01-20 21:00:00+00:00,125.3375,120.49655335309427
13654,2026-01-20 22:00:00+00:00,113.92,113.94560269202469
13655,2026-01-20 23:00:00+00:00,118.285,113.4631845216264
13656,2026-01-21 00:00:00+00:00,114.2825,114.41180390925473
13657,2026-01-21 01:00:00+00:00,114.6425,113.72386677568282
13658,2026-01-21 02:00:00+00:00,113.93,112.67387709526855
13659,2026-01-21 03:00:00+00:00,111.5525,113.41341945244709
13660,2026-01-21 04:00:00+00:00,112.4175,121.8389403274106
13661,2026-01-21 05:00:00+00:00,151.51,154.81581150347844
13662,2026-01-21 06:00:00+00:00,235.715,219.6172068276006
13663,2026-01-21 07:00:00+00:00,196.2025,185.30948618261016
13664,2026-01-21 08:00:00+00:00,142.17,130.82461170489057
13665,2026-01-21 09:00:00+00:00,110.32249999999999,110.98989780388112
13666,2026-01-21 10:00:00+00:00,105.8575,108.57638707510321
13667,2026-01-21 11:00:00+00:00,106.23,108.62380857537782
13668,2026-01-21 12:00:00+00:00,118.9625,110.19210998855098
13669,2026-01-21 13:00:00+00:00,145.035,130.79240725007506
13670,2026-01-21 14:00:00+00:00,236.5,198.73384476664697
13671,2026-01-21 15:00:00+00:00,283.905,263.92311081122676
13672,2026-01-21 16:00:00+00:00,348.395,279.86549858837674
13673,2026-01-21 17:00:00+00:00,252.555,221.15007792365287
13674,2026-01-21 18:00:00+00:00,247.27249999999998,218.76573687967283
13675,2026-01-21 19:00:00+00:00,235.9925,186.19782252100154
13676,2026-01-21 20:00:00+00:00,153.2975,140.6131280558609
13677,2026-01-21 21:00:00+00:00,129.0,126.66193769425341
13678,2026-01-21 22:00:00+00:00,116.49,115.40081242928888
13679,2026-01-21 23:00:00+00:00,117.09,115.29049021156214
13680,2026-01-22 00:00:00+00:00,112.305,113.40004597728498
13681,2026-01-22 01:00:00+00:00,111.39,113.3315473924572
13682,2026-01-22 02:00:00+00:00,111.595,113.43851789804803
13683,2026-01-22 03:00:00+00:00,112.545,113.69369105371048
13684,2026-01-22 04:00:00+00:00,116.87,114.2295178531673
13685,2026-01-22 05:00:00+00:00,156.5925,154.03507598836555
13686,2026-01-22 06:00:00+00:00,228.4425,231.60729794603984
13687,2026-01-22 07:00:00+00:00,212.565,198.47735174757312
13688,2026-01-22 08:00:00+00:00,154.975,148.3923300827888
13689,2026-01-22 09:00:00+00:00,114.95750000000001,118.94217013226172
13690,2026-01-22 10:00:00+00:00,110.75999999999999,112.80961600781202
13691,2026-01-22 11:00:00+00:00,105.075,108.57469465729915
13692,2026-01-22 12:00:00+00:00,107.0775,111.32017461375294
13693,2026-01-22 13:00:00+00:00,126.66250000000001,135.70648269740312
13694,2026-01-22 14:00:00+00:00,183.7,180.58538339084788
13695,2026-01-22 15:00:00+00:00,203.695,184.48555445266524
13696,2026-01-22 16:00:00+00:00,183.0675,163.42106724236055
13697,2026-01-22 17:00:00+00:00,154.255,151.7232315710967
13698,2026-01-22 18:00:00+00:00,144.78750000000002,146.83879201660727
13699,2026-01-22 19:00:00+00:00,126.6475,141.09476845914466
13700,2026-01-22 20:00:00+00:00,109.9375,121.6833778997841
13701,2026-01-22 21:00:00+00:00,117.515,118.651298622787
13702,2026-01-22 22:00:00+00:00,113.3625,112.7227122373953
13703,2026-01-22 23:00:00+00:00,114.2825,112.98107976754422
13704,2026-01-23 00:00:00+00:00,116.03,114.39483100610269
13705,2026-01-23 01:00:00+00:00,115.345,113.87965859945973
13706,2026-01-23 02:00:00+00:00,115.3425,113.71497127352906
13707,2026-01-23 03:00:00+00:00,115.345,114.34929191773601
13708,2026-01-23 04:00:00+00:00,114.1125,114.50358536658433
13709,2026-01-23 05:00:00+00:00,140.29000000000002,146.5357241761706
13710,2026-01-23 06:00:00+00:00,194.7975,196.53719261930203
13711,2026-01-23 07:00:00+00:00,228.41750000000002,203.48436179507996
13712,2026-01-23 08:00:00+00:00,206.0575,173.629906161138
13713,2026-01-23 09:00:00+00:00,182.9625,165.46424035943753
13714,2026-01-23 10:00:00+00:00,168.03,159.0495533844036
13715,2026-01-23 11:00:00+00:00,149.015,154.14382355868128
13716,2026-01-23 12:00:00+00:00,146.645,155.05770360442847
13717,2026-01-23 13:00:00+00:00,155.09,159.15546959584063
13718,2026-01-23 14:00:00+00:00,166.415,175.24474683060586
13719,2026-01-23 15:00:00+00:00,177.9875,190.269320356338
13720,2026-01-23 16:00:00+00:00,181.85,176.04475811466975
13721,2026-01-23 17:00:00+00:00,151.3825,160.2815051557374
13722,2026-01-23 18:00:00+00:00,142.6975,157.6159687007566
13723,2026-01-23 19:00:00+00:00,134.5625,147.04091876776545
13724,2026-01-23 20:00:00+00:00,119.1075,122.41171293547715
13725,2026-01-23 21:00:00+00:00,119.435,116.36973876333548
13726,2026-01-23 22:00:00+00:00,113.3075,113.70742280101638
13727,2026-01-23 23:00:00+00:00,112.89750000000001,112.98331607922955
13728,2026-01-24 00:00:00+00:00,107.7175,111.40875978198007
13729,2026-01-24 01:00:00+00:00,105.6,110.08955509278042
13730,2026-01-24 02:00:00+00:00,104.5725,109.84859454771095
13731,2026-01-24 03:00:00+00:00,105.6625,109.87959576595962
13732,2026-01-24 04:00:00+00:00,111.405,113.14473267278598
13733,2026-01-24 05:00:00+00:00,108.9575,123.11462911411404
13734,2026-01-24 06:00:00+00:00,111.8575,136.37906872891833
13735,2026-01-24 07:00:00+00:00,124.67750000000001,153.40540829011192
13736,2026-01-24 08:00:00+00:00,142.8425,148.48593612556095
13737,2026-01-24 09:00:00+00:00,152.54500000000002,145.34103965898646
13738,2026-01-24 10:00:00+00:00,148.6625,146.29401425041172
13739,2026-01-24 11:00:00+00:00,144.5325,140.4075082179965
13740,2026-01-24 12:00:00+00:00,144.01999999999998,136.16055818618338
13741,2026-01-24 13:00:00+00:00,140.235,135.41002790048404
13742,2026-01-24 14:00:00+00:00,142.14000000000001,142.80610397644318
13743,2026-01-24 15:00:00+00:00,142.5275,144.76493149207053
13744,2026-01-24 16:00:00+00:00,148.6375,146.0858428355151
13745,2026-01-24 17:00:00+00:00,143.9775,135.13757014652418
13746,2026-01-24 18:00:00+00:00,134.355,131.90782016129816
13747,2026-01-24 19:00:00+00:00,123.62,136.37433245036314
13748,2026-01-24 20:00:00+00:00,116.235,120.12806256616706
13749,2026-01-24 21:00:00+00:00,116.6825,115.9351128545125
13750,2026-01-24 22:00:00+00:00,110.6325,114.28246821754453
13751,2026-01-24 23:00:00+00:00,117.85,115.37982847786309
13752,2026-01-25 00:00:00+00:00,113.8175,111.36809959684238
13753,2026-01-25 01:00:00+00:00,110.495,109.57270452387058
13754,2026-01-25 02:00:00+00:00,107.405,108.66165793510275
13755,2026-01-25 03:00:00+00:00,106.9125,108.54165580304316
13756,2026-01-25 04:00:00+00:00,109.4275,110.6231384850113
13757,2026-01-25 05:00:00+00:00,113.53999999999999,111.48996541793758
13758,2026-01-25 06:00:00+00:00,116.43,112.32704817830542
13759,2026-01-25 07:00:00+00:00,113.89750000000001,114.1759277003364
13760,2026-01-25 08:00:00+00:00,117.7175,126.41084052693859
13761,2026-01-25 09:00:00+00:00,122.02,129.1691016781551
13762,2026-01-25 10:00:00+00:00,123.045,127.12601108177927
13763,2026-01-25 11:00:00+00:00,125.02250000000001,126.94634099539991
13764,2026-01-25 12:00:00+00:00,122.3775,127.0637776297898
13765,2026-01-25 13:00:00+00:00,120.62,126.24986272733062
13766,2026-01-25 14:00:00+00:00,116.91,126.44338568673224
13767,2026-01-25 15:00:00+00:00,121.5525,127.32019591103341
13768,2026-01-25 16:00:00+00:00,133.8,131.52153221155763
13769,2026-01-25 17:00:00+00:00,137.8075,132.13484165951502
13770,2026-01-25 18:00:00+00:00,132.575,131.70908155762484
13771,2026-01-25 19:00:00+00:00,124.4925,128.2236820261537
13772,2026-01-25 20:00:00+00:00,114.02250000000001,115.34287866174652
13773,2026-01-25 21:00:00+00:00,111.9425,111.204682293086
13774,2026-01-25 22:00:00+00:00,104.49,105.2136391054107
13775,2026-01-25 23:00:00+00:00,103.925,106.28607259629983
13776,2026-01-26 00:00:00+00:00,101.095,96.4809103395859
13777,2026-01-26 01:00:00+00:00,98.38250000000001,93.50534790691123
13778,2026-01-26 02:00:00+00:00,96.0275,92.83913908287741
13779,2026-01-26 03:00:00+00:00,95.7675,93.08567488740808
13780,2026-01-26 04:00:00+00:00,105.0475,105.43063356781055
13781,2026-01-26 05:00:00+00:00,122.375,138.06252809981765
13782,2026-01-26 06:00:00+00:00,173.45749999999998,166.3987205374317
13783,2026-01-26 07:00:00+00:00,197.4225,180.4425933481695
13784,2026-01-26 08:00:00+00:00,201.7375,186.8458045572327
13785,2026-01-26 09:00:00+00:00,189.8875,181.31312603850532
13786,2026-01-26 10:00:00+00:00,191.03,183.63095011154527
13787,2026-01-26 11:00:00+00:00,183.285,182.8458578439565
13788,2026-01-26 12:00:00+00:00,200.1,186.3834334641075
13789,2026-01-26 13:00:00+00:00,207.0025,188.593748316828
13790,2026-01-26 14:00:00+00:00,227.4375,238.6191499399667
13791,2026-01-26 15:00:00+00:00,248.4275,261.8832358434668
13792,2026-01-26 16:00:00+00:00,285.1175,257.103901085085
13793,2026-01-26 17:00:00+00:00,250.785,255.16661487465586
13794,2026-01-26 18:00:00+00:00,241.18,258.0966453168307
13795,2026-01-26 19:00:00+00:00,206.2525,206.55484250253602
13796,2026-01-26 20:00:00+00:00,152.49,141.9329028036859
13797,2026-01-26 21:00:00+00:00,129.255,129.04359309667052
13798,2026-01-26 22:00:00+00:00,114.10249999999999,116.49170363360787
13799,2026-01-26 23:00:00+00:00,120.5675,115.56007138360552
13800,2026-01-27 00:00:00+00:00,115.7525,113.2955125378119
13801,2026-01-27 01:00:00+00:00,115.85499999999999,113.43544622086053
13802,2026-01-27 02:00:00+00:00,117.3175,113.81637398551406
13803,2026-01-27 03:00:00+00:00,117.88,113.96396833777102
13804,2026-01-27 04:00:00+00:00,121.43249999999999,126.17854634732905
13805,2026-01-27 05:00:00+00:00,150.735,181.54012959795764
13806,2026-01-27 06:00:00+00:00,369.07,294.91011829643975
13807,2026-01-27 07:00:00+00:00,338.77,304.3815938816931
13808,2026-01-27 08:00:00+00:00,268.59000000000003,282.2325143430659
13809,2026-01-27 09:00:00+00:00,198.1125,245.48473487033257
13810,2026-01-27 10:00:00+00:00,175.64,224.01984609054776
13811,2026-01-27 11:00:00+00:00,174.9225,221.09853631581103
13812,2026-01-27 12:00:00+00:00,200.82999999999998,239.67733334517067
13813,2026-01-27 13:00:00+00:00,240.04,271.97879166122794
13814,2026-01-27 14:00:00+00:00,359.6,331.49656425328385
13815,2026-01-27 15:00:00+00:00,379.4325,347.8774580411906
13816,2026-01-27 16:00:00+00:00,358.01750000000004,371.50778285833627
13817,2026-01-27 17:00:00+00:00,346.55,346.23497064216235
13818,2026-01-27 18:00:00+00:00,346.59749999999997,335.9687768477056
13819,2026-01-27 19:00:00+00:00,294.385,260.3187916920834
13820,2026-01-27 20:00:00+00:00,149.94,145.78852145188247
13821,2026-01-27 21:00:00+00:00,129.6075,133.79267508555887
13822,2026-01-27 22:00:00+00:00,118.675,116.77908717750817
13823,2026-01-27 23:00:00+00:00,114.1725,115.14719928925615
13824,2026-01-28 00:00:00+00:00,115.54,114.10514866864837
13825,2026-01-28 01:00:00+00:00,115.8375,114.14367540363315
13826,2026-01-28 02:00:00+00:00,115.53,114.3025041975486
13827,2026-01-28 03:00:00+00:00,112.33,114.30160083957207
13828,2026-01-28 04:00:00+00:00,123.83,125.16893646470031
13829,2026-01-28 05:00:00+00:00,198.23000000000002,166.57247662355803
13830,2026-01-28 06:00:00+00:00,284.68,269.08048791611157
13831,2026-01-28 07:00:00+00:00,280.3925,265.3820831417385
13832,2026-01-28 08:00:00+00:00,266.4525,258.51957161837015
13833,2026-01-28 09:00:00+00:00,216.1275,216.63046575122132
13834,2026-01-28 10:00:00+00:00,204.6025,188.6102492011981
13835,2026-01-28 11:00:00+00:00,198.69,187.32912632772008
13836,2026-01-28 12:00:00+00:00,209.1975,206.16448489686033
13837,2026-01-28 13:00:00+00:00,212.7475,235.75912719170188
13838,2026-01-28 14:00:00+00:00,248.3225,272.97339537353054
13839,2026-01-28 15:00:00+00:00,253.645,272.45708451246435
13840,2026-01-28 16:00:00+00:00,221.2375,244.666821363187
13841,2026-01-28 17:00:00+00:00,170.425,217.74107649104297
13842,2026-01-28 18:00:00+00:00,161.225,213.01277140342825
13843,2026-01-28 19:00:00+00:00,146.7725,201.733974820639
13844,2026-01-28 20:00:00+00:00,125.0325,135.05785582850302
13845,2026-01-28 21:00:00+00:00,121.22749999999999,128.04081807160878
13846,2026-01-28 22:00:00+00:00,115.21000000000001,115.048272476675
13847,2026-01-28 23:00:00+00:00,116.78,114.44454839525157
13848,2026-01-29 00:00:00+00:00,115.775,114.38096591414902
13849,2026-01-29 01:00:00+00:00,113.0325,113.85931213944444
13850,2026-01-29 02:00:00+00:00,114.69,113.79584080658309
13851,2026-01-29 03:00:00+00:00,115.55,114.24892378111039
13852,2026-01-29 04:00:00+00:00,112.545,118.65033414699259
13853,2026-01-29 05:00:00+00:00,127.6425,162.08938355658125
13854,2026-01-29 06:00:00+00:00,164.85750000000002,193.7633311714557
13855,2026-01-29 07:00:00+00:00,178.66,206.88077850255743
13856,2026-01-29 08:00:00+00:00,193.195,211.3629222586417
13857,2026-01-29 09:00:00+00:00,190.4475,194.94750250911312
13858,2026-01-29 10:00:00+00:00,180.565,186.29888714796408
13859,2026-01-29 11:00:00+00:00,178.6925,188.83430766351674
13860,2026-01-29 12:00:00+00:00,178.7125,201.3486068480345
13861,2026-01-29 13:00:00+00:00,186.965,199.07812719999814
13862,2026-01-29 14:00:00+00:00,172.73,202.49532378322832
13863,2026-01-29 15:00:00+00:00,171.78,202.24305287804123
13864,2026-01-29 16:00:00+00:00,166.70250000000001,204.65735723351526
13865,2026-01-29 17:00:00+00:00,159.865,171.55903525344803
13866,2026-01-29 18:00:00+00:00,153.9075,176.12901220595003
13867,2026-01-29 19:00:00+00:00,135.48749999999998,155.60854603901808
13868,2026-01-29 20:00:00+00:00,121.66499999999999,127.4544899689554
13869,2026-01-29 21:00:00+00:00,116.13250000000001,117.5173537121063
13870,2026-01-29 22:00:00+00:00,112.2625,113.9360258296295
13871,2026-01-29 23:00:00+00:00,119.58,115.34170380453986
13872,2026-01-30 00:00:00+00:00,115.2375,115.04866701423705
13873,2026-01-30 01:00:00+00:00,115.3075,114.51016770781864
13874,2026-01-30 02:00:00+00:00,116.27250000000001,114.21440393771896
13875,2026-01-30 03:00:00+00:00,117.16,114.13116624943255
13876,2026-01-30 04:00:00+00:00,117.2425,116.78746872837202
13877,2026-01-30 05:00:00+00:00,122.41749999999999,139.89829127209924
13878,2026-01-30 06:00:00+00:00,156.405,165.8934569605909
13879,2026-01-30 07:00:00+00:00,174.2775,174.47778679843853
13880,2026-01-30 08:00:00+00:00,181.535,180.67172920807974
13881,2026-01-30 09:00:00+00:00,185.68,175.07405256571485
13882,2026-01-30 10:00:00+00:00,175.3725,163.22254549118466
13883,2026-01-30 11:00:00+00:00,157.7375,160.74597345714676
13884,2026-01-30 12:00:00+00:00,158.375,158.66998322026086
13885,2026-01-30 13:00:00+00:00,150.3975,159.96876879412326
13886,2026-01-30 14:00:00+00:00,154.53,158.8266157371536
13887,2026-01-30 15:00:00+00:00,146.29250000000002,165.85009078916622
13888,2026-01-30 16:00:00+00:00,145.56,156.03979598643767
13889,2026-01-30 17:00:00+00:00,132.2475,150.5622890518709
13890,2026-01-30 18:00:00+00:00,128.1275,147.6527086244053
13891,2026-01-30 19:00:00+00:00,120.32,141.0404568831325
13892,2026-01-30 20:00:00+00:00,113.7225,118.55775701776994
13893,2026-01-30 21:00:00+00:00,111.17750000000001,112.0167027370548
13894,2026-01-30 22:00:00+00:00,106.22749999999999,110.49509231718095
13895,2026-01-30 23:00:00+00:00,106.05,108.54050161944193
13896,2026-01-31 00:00:00+00:00,101.7675,103.70344413354404
13897,2026-01-31 01:00:00+00:00,96.8925,102.60867882755215
13898,2026-01-31 02:00:00+00:00,101.03,102.51679604831187
13899,2026-01-31 03:00:00+00:00,100.0925,103.06911417007888
13900,2026-01-31 04:00:00+00:00,100.9925,105.37902895957755
13901,2026-01-31 05:00:00+00:00,104.7575,112.19592545341635
13902,2026-01-31 06:00:00+00:00,106.3725,124.88628147499868
13903,2026-01-31 07:00:00+00:00,113.7675,125.05356868770448
13904,2026-01-31 08:00:00+00:00,116.8625,112.84331268357386
13905,2026-01-31 09:00:00+00:00,114.3625,107.99635887111697
13906,2026-01-31 10:00:00+00:00,112.7675,102.1688861044606
13907,2026-01-31 11:00:00+00:00,110.065,105.58542944850616
13908,2026-01-31 12:00:00+00:00,109.3925,106.39413417524574
13909,2026-01-31 13:00:00+00:00,111.8775,106.57876556820852
13910,2026-01-31 14:00:00+00:00,115.0875,125.44290559973516
13911,2026-01-31 15:00:00+00:00,124.2625,133.80689318390225
13912,2026-01-31 16:00:00+00:00,136.53,137.02292879705487
13913,2026-01-31 17:00:00+00:00,138.1025,131.2259611163345
13914,2026-01-31 18:00:00+00:00,135.70250000000001,129.5546097507432
13915,2026-01-31 19:00:00+00:00,126.13,124.5741863087886
13916,2026-01-31 20:00:00+00:00,114.25,114.25370930637813
13917,2026-01-31 21:00:00+00:00,112.4825,112.85282958643485
13918,2026-01-31 22:00:00+00:00,106.475,103.12063417110907
13919,2026-01-31 23:00:00+00:00,99.9825,104.69184040996589
13920,2026-02-01 00:00:00+00:00,97.9075,104.3674607399232
13921,2026-02-01 01:00:00+00:00,99.08,103.41871126483342
13922,2026-02-01 02:00:00+00:00,96.2325,103.4085895702939
13923,2026-02-01 03:00:00+00:00,98.3125,103.72284165324048
13924,2026-02-01 04:00:00+00:00,99.2875,108.01716035690532
13925,2026-02-01 05:00:00+00:00,102.1125,108.75582700603609
13926,2026-02-01 06:00:00+00:00,103.99000000000001,106.1703369554242
13927,2026-02-01 07:00:00+00:00,108.1275,118.73569382645576
13928,2026-02-01 08:00:00+00:00,108.555,103.68116033836792
13929,2026-02-01 09:00:00+00:00,108.32,91.74920631532359
13930,2026-02-01 10:00:00+00:00,105.7575,92.00709268307816
13931,2026-02-01 11:00:00+00:00,104.5975,93.74043241200367
13932,2026-02-01 12:00:00+00:00,100.62,101.81791657276479
13933,2026-02-01 13:00:00+00:00,104.9375,105.37643725108246
13934,2026-02-01 14:00:00+00:00,112.55,117.77383205072606
13935,2026-02-01 15:00:00+00:00,115.4875,128.4198795242376
13936,2026-02-01 16:00:00+00:00,130.39499999999998,131.58771008364513
13937,2026-02-01 17:00:00+00:00,137.905,132.15397009404597
13938,2026-02-01 18:00:00+00:00,138.1225,131.9516276509136
13939,2026-02-01 19:00:00+00:00,126.60249999999999,129.1952998316938
13940,2026-02-01 20:00:00+00:00,114.0425,113.4630684565875
13941,2026-02-01 21:00:00+00:00,115.545,111.75980912883325
13942,2026-02-01 22:00:00+00:00,108.69,106.59011624393983
13943,2026-02-01 23:00:00+00:00,105.84,106.17689569845547
13944,2026-02-02 00:00:00+00:00,108.0675,105.47228043294417
13945,2026-02-02 01:00:00+00:00,107.605,105.29137112647912
13946,2026-02-02 02:00:00+00:00,108.575,105.257703655182
13947,2026-02-02 03:00:00+00:00,107.005,105.15802801382829
13948,2026-02-02 04:00:00+00:00,109.7825,111.11471399818129
13949,2026-02-02 05:00:00+00:00,148.2225,142.6506461735937
13950,2026-02-02 06:00:00+00:00,212.8175,183.9846255412296
13951,2026-02-02 07:00:00+00:00,201.45000000000002,186.42913857828168
13952,2026-02-02 08:00:00+00:00,147.4,138.26217377858706
13953,2026-02-02 09:00:00+00:00,134.6,134.87594340764252
13954,2026-02-02 10:00:00+00:00,124.2025,116.69977617532626
13955,2026-02-02 11:00:00+00:00,117.8875,115.81989930252509
13956,2026-02-02 12:00:00+00:00,119.645,114.1056203857733
13957,2026-02-02 13:00:00+00:00,124.9075,122.79692824005126
13958,2026-02-02 14:00:00+00:00,197.8875,176.81379610315966
13959,2026-02-02 15:00:00+00:00,226.435,199.7734796413335
13960,2026-02-02 16:00:00+00:00,202.41,192.01706359294502
13961,2026-02-02 17:00:00+00:00,178.765,180.4490210204348
13962,2026-02-02 18:00:00+00:00,185.5325,185.81555605825085
13963,2026-02-02 19:00:00+00:00,168.72,181.35811870928654
13964,2026-02-02 20:00:00+00:00,119.285,129.90020004524348
13965,2026-02-02 21:00:00+00:00,105.4525,111.51919519147155
13966,2026-02-02 22:00:00+00:00,102.6575,107.97845088613853
13967,2026-02-02 23:00:00+00:00,107.60499999999999,108.48815097267178
13968,2026-02-03 00:00:00+00:00,100.8125,104.79500543218131
13969,2026-02-03 01:00:00+00:00,101.15,104.1235934031935
13970,2026-02-03 02:00:00+00:00,103.17,105.16824763282634
13971,2026-02-03 03:00:00+00:00,103.945,107.71957034339563
13972,2026-02-03 04:00:00+00:00,108.9125,111.02785416352697
13973,2026-02-03 05:00:00+00:00,117.34,141.56959477245368
13974,2026-02-03 06:00:00+00:00,204.0525,171.14350457236435
13975,2026-02-03 07:00:00+00:00,165.3675,159.64773337231495
13976,2026-02-03 08:00:00+00:00,153.975,142.1752593532599
13977,2026-02-03 09:00:00+00:00,121.63499999999999,123.49508640764392
13978,2026-02-03 10:00:00+00:00,114.28,113.14112105953784
13979,2026-02-03 11:00:00+00:00,112.1875,112.43342513654687
13980,2026-02-03 12:00:00+00:00,114.9675,113.36249964285166
13981,2026-02-03 13:00:00+00:00,132.89249999999998,123.40330402766789
13982,2026-02-03 14:00:00+00:00,179.57,153.21225807036092
13983,2026-02-03 15:00:00+00:00,142.39499999999998,157.81209326781388
13984,2026-02-03 16:00:00+00:00,138.15,153.35515158611696
13985,2026-02-03 17:00:00+00:00,130.5,142.75509134914867
13986,2026-02-03 18:00:00+00:00,129.7275,141.91743789636266
13987,2026-02-03 19:00:00+00:00,122.07,137.89450745094175
13988,2026-02-03 20:00:00+00:00,110.80250000000001,115.23115334308115
13989,2026-02-03 21:00:00+00:00,107.06,109.76835579841013
13990,2026-02-03 22:00:00+00:00,101.055,109.16755965197609
13991,2026-02-03 23:00:00+00:00,100.0525,109.96539992946829
13992,2026-02-04 00:00:00+00:00,99.3425,104.26329469544818
13993,2026-02-04 01:00:00+00:00,98.81,102.78754269972222
13994,2026-02-04 02:00:00+00:00,98.095,102.67515255435973
13995,2026-02-04 03:00:00+00:00,99.39,105.86730750746933
13996,2026-02-04 04:00:00+00:00,111.35249999999999,111.93195303076571
13997,2026-02-04 05:00:00+00:00,118.965,137.6628859037181
13998,2026-02-04 06:00:00+00:00,141.42000000000002,170.18057289266756
13999,2026-02-04 07:00:00+00:00,153.36,176.21455374378638
14000,2026-02-04 08:00:00+00:00,158.4625,159.84086412827116
14001,2026-02-04 09:00:00+00:00,146.91750000000002,162.00036893895958
14002,2026-02-04 10:00:00+00:00,151.9725,159.4677348403634
14003,2026-02-04 11:00:00+00:00,152.41750000000002,157.2685804922409
14004,2026-02-04 12:00:00+00:00,165.83,171.49157669528879
14005,2026-02-04 13:00:00+00:00,166.3475,171.51496316039152
14006,2026-02-04 14:00:00+00:00,173.78,189.22344480472518
14007,2026-02-04 15:00:00+00:00,171.37,181.18615099919018
14008,2026-02-04 16:00:00+00:00,166.76749999999998,185.84077246273665
14009,2026-02-04 17:00:00+00:00,157.82,178.13948299731106
14010,2026-02-04 18:00:00+00:00,151.7125,174.96335572182713
14011,2026-02-04 19:00:00+00:00,132.935,151.79439175018692
14012,2026-02-04 20:00:00+00:00,108.325,120.40326279921018
14013,2026-02-04 21:00:00+00:00,115.3375,115.15205064347114
14014,2026-02-04 22:00:00+00:00,114.6525,112.03139259249065
14015,2026-02-04 23:00:00+00:00,106.7375,109.88203951603602
14016,2026-02-05 00:00:00+00:00,104.99,104.80818203439676
14017,2026-02-05 01:00:00+00:00,100.59,104.37541988453333
14018,2026-02-05 02:00:00+00:00,98.455,104.02191775916748
14019,2026-02-05 03:00:00+00:00,101.175,103.91341752312702
14020,2026-02-05 04:00:00+00:00,113.355,114.47332949445769
14021,2026-02-05 05:00:00+00:00,115.0825,136.50695011707282
14022,2026-02-05 06:00:00+00:00,130.4575,161.32620626092123
14023,2026-02-05 07:00:00+00:00,135.745,161.1526308252039
14024,2026-02-05 08:00:00+00:00,131.9825,155.82562278158386
14025,2026-02-05 09:00:00+00:00,129.1325,146.62136512339757
14026,2026-02-05 10:00:00+00:00,129.1425,146.94873047294914
14027,2026-02-05 11:00:00+00:00,120.325,143.26899012888728
14028,2026-02-05 12:00:00+00:00,121.9675,149.77139049295755
14029,2026-02-05 13:00:00+00:00,127.04,153.21283709779078
14030,2026-02-05 14:00:00+00:00,139.635,163.75658941156445
14031,2026-02-05 15:00:00+00:00,140.01999999999998,167.80823309163168
14032,2026-02-05 16:00:00+00:00,145.765,170.71573746744525
14033,2026-02-05 17:00:00+00:00,141.79500000000002,168.67115047475073
14034,2026-02-05 18:00:00+00:00,140.0,169.19508231144883
14035,2026-02-05 19:00:00+00:00,130.79,151.58512841537421
14036,2026-02-05 20:00:00+00:00,118.405,122.017587818659
14037,2026-02-05 21:00:00+00:00,112.6525,115.00674421697903
14038,2026-02-05 22:00:00+00:00,112.655,113.46157156846002
14039,2026-02-05 23:00:00+00:00,113.81,110.10109319232635
14040,2026-02-06 00:00:00+00:00,114.1575,109.22948069933233
14041,2026-02-06 01:00:00+00:00,112.6875,106.91875333353327
14042,2026-02-06 02:00:00+00:00,112.3825,107.05767103280934
14043,2026-02-06 03:00:00+00:00,111.975,107.1775149764463
14044,2026-02-06 04:00:00+00:00,110.185,113.765990167542
14045,2026-02-06 05:00:00+00:00,122.045,141.87907876088389
14046,2026-02-06 06:00:00+00:00,143.42000000000002,161.37895561469014
14047,2026-02-06 07:00:00+00:00,149.3625,162.60376440557036
14048,2026-02-06 08:00:00+00:00,146.9225,157.1480939791368
14049,2026-02-06 09:00:00+00:00,145.75,151.9587988522741
14050,2026-02-06 10:00:00+00:00,143.6575,147.62083063878566
14051,2026-02-06 11:00:00+00:00,141.39,145.17726641692255
14052,2026-02-06 12:00:00+00:00,142.1825,148.003291870789
14053,2026-02-06 13:00:00+00:00,143.56,146.82858239101597
14054,2026-02-06 14:00:00+00:00,152.16,160.383588717549
14055,2026-02-06 15:00:00+00:00,191.9675,192.29252339130733
14056,2026-02-06 16:00:00+00:00,202.18,181.0885531125701
14057,2026-02-06 17:00:00+00:00,187.9625,179.46729348044238
14058,2026-02-06 18:00:00+00:00,196.81,186.7344724553864
14059,2026-02-06 19:00:00+00:00,183.5575,167.0841497556982
14060,2026-02-06 20:00:00+00:00,125.27,123.65398285038182
14061,2026-02-06 21:00:00+00:00,115.88499999999999,117.29405730883938
14062,2026-02-06 22:00:00+00:00,109.4025,114.4110231654072
14063,2026-02-06 23:00:00+00:00,115.8825,114.12140903291663
14064,2026-02-07 00:00:00+00:00,111.1725,113.17744460339911
14065,2026-02-07 01:00:00+00:00,110.00999999999999,112.66249656422923
14066,2026-02-07 02:00:00+00:00,109.04,112.43905121486328
14067,2026-02-07 03:00:00+00:00,109.04,112.68361049635139
14068,2026-02-07 04:00:00+00:00,109.0425,116.10084272192853
14069,2026-02-07 05:00:00+00:00,107.4425,118.6737032883258
14070,2026-02-07 06:00:00+00:00,108.31,120.36616354999867
14071,2026-02-07 07:00:00+00:00,116.0,120.36343917452376
14072,2026-02-07 08:00:00+00:00,120.2325,117.97204761886157
14073,2026-02-07 09:00:00+00:00,113.7875,114.6917182263483
14074,2026-02-07 10:00:00+00:00,108.58,112.06885849502892
14075,2026-02-07 11:00:00+00:00,105.9125,111.61560107823618
14076,2026-02-07 12:00:00+00:00,107.305,112.54297772914214
14077,2026-02-07 13:00:00+00:00,110.58500000000001,114.61660891214893
14078,2026-02-07 14:00:00+00:00,113.605,122.08271215243876
14079,2026-02-07 15:00:00+00:00,124.5825,142.72880400816967
14080,2026-02-07 16:00:00+00:00,136.965,151.5768796100716
14081,2026-02-07 17:00:00+00:00,136.9625,146.3632605368
14082,2026-02-07 18:00:00+00:00,128.78,147.6701585060912
14083,2026-02-07 19:00:00+00:00,119.495,161.36303757342918
14084,2026-02-07 20:00:00+00:00,112.585,123.37021547960137
14085,2026-02-07 21:00:00+00:00,110.94,114.7853086905906
14086,2026-02-07 22:00:00+00:00,114.3475,112.80951939116268
14087,2026-02-07 23:00:00+00:00,102.72999999999999,111.97667776776856
14088,2026-02-08 00:00:00+00:00,102.3475,109.47477786600862
14089,2026-02-08 01:00:00+00:00,102.4575,108.9265363428934
14090,2026-02-08 02:00:00+00:00,105.185,109.3123366252031
14091,2026-02-08 03:00:00+00:00,104.465,108.63090707489613
14092,2026-02-08 04:00:00+00:00,106.725,108.93250059150698
14093,2026-02-08 05:00:00+00:00,106.065,107.40901333525193
14094,2026-02-08 06:00:00+00:00,99.00999999999999,107.33301325809347
14095,2026-02-08 07:00:00+00:00,102.3875,107.304218317875
14096,2026-02-08 08:00:00+00:00,104.7575,110.00612959896786
14097,2026-02-08 09:00:00+00:00,108.06,114.04971977698446
14098,2026-02-08 10:00:00+00:00,105.405,115.53554404976863
14099,2026-02-08 11:00:00+00:00,101.83,119.16682360211935
14100,2026-02-08 12:00:00+00:00,105.0975,114.94977155862367
14101,2026-02-08 13:00:00+00:00,106.7775,116.73238450086194
14102,2026-02-08 14:00:00+00:00,105.7275,113.73001304022026
14103,2026-02-08 15:00:00+00:00,114.85249999999999,121.53484470541427
14104,2026-02-08 16:00:00+00:00,129.835,128.59934770240318
14105,2026-02-08 17:00:00+00:00,131.7525,130.22228748821925
14106,2026-02-08 18:00:00+00:00,127.0025,128.0438729387872
14107,2026-02-08 19:00:00+00:00,117.89750000000001,129.4676572573325
14108,2026-02-08 20:00:00+00:00,109.5325,117.3657825285176
14109,2026-02-08 21:00:00+00:00,106.85,111.0162251713261
14110,2026-02-08 22:00:00+00:00,103.14,109.97091715275148
14111,2026-02-08 23:00:00+00:00,105.89,105.48297472339391
14112,2026-02-09 00:00:00+00:00,101.74,103.32648442070767
14113,2026-02-09 01:00:00+00:00,99.1675,103.0263820488439
14114,2026-02-09 02:00:00+00:00,98.125,102.28981614443973
14115,2026-02-09 03:00:00+00:00,99.17999999999999,102.72756863990439
14116,2026-02-09 04:00:00+00:00,106.7425,121.03397943914061
14117,2026-02-09 05:00:00+00:00,134.825,156.86377329553326
14118,2026-02-09 06:00:00+00:00,160.99,176.0111258901117
14119,2026-02-09 07:00:00+00:00,180.215,185.73850994688408
14120,2026-02-09 08:00:00+00:00,171.2175,192.3959139475329
14121,2026-02-09 09:00:00+00:00,130.19,164.64161603082184
14122,2026-02-09 10:00:00+00:00,116.41499999999999,139.62070030417846
14123,2026-02-09 11:00:00+00:00,114.945,120.46126777304094
14124,2026-02-09 12:00:00+00:00,127.5,131.8887323472697
14125,2026-02-09 13:00:00+00:00,140.9925,145.81225096757072
14126,2026-02-09 14:00:00+00:00,152.92,171.7559753895606
14127,2026-02-09 15:00:00+00:00,173.845,187.011845448177
14128,2026-02-09 16:00:00+00:00,220.6625,198.99165072334785
14129,2026-02-09 17:00:00+00:00,185.32999999999998,193.6557697453183
14130,2026-02-09 18:00:00+00:00,168.225,189.43557829791263
14131,2026-02-09 19:00:00+00:00,146.71,163.36753525710995
14132,2026-02-09 20:00:00+00:00,137.9575,132.5813011205618
14133,2026-02-09 21:00:00+00:00,125.7175,122.70034649646692
14134,2026-02-09 22:00:00+00:00,111.8725,111.32910693682214
14135,2026-02-09 23:00:00+00:00,108.0325,111.04706055414499
14136,2026-02-10 00:00:00+00:00,107.265,104.53485374031952
14137,2026-02-10 01:00:00+00:00,106.41499999999999,104.68518784406162
14138,2026-02-10 02:00:00+00:00,107.095,104.78466666045686
14139,2026-02-10 03:00:00+00:00,107.6375,104.68517576476636
14140,2026-02-10 04:00:00+00:00,112.63,110.00153886686692
14141,2026-02-10 05:00:00+00:00,146.6325,162.1607716335984
14142,2026-02-10 06:00:00+00:00,188.155,203.90085150643114
14143,2026-02-10 07:00:00+00:00,179.8025,199.96063770732988
14144,2026-02-10 08:00:00+00:00,165.975,192.67119452363465
14145,2026-02-10 09:00:00+00:00,141.9725,165.72042953562777
14146,2026-02-10 10:00:00+00:00,133.57,127.3657095969967
14147,2026-02-10 11:00:00+00:00,132.87,127.96596586474612
14148,2026-02-10 12:00:00+00:00,135.515,137.1227854615477
14149,2026-02-10 13:00:00+00:00,151.22750000000002,153.61365776297623
14150,2026-02-10 14:00:00+00:00,157.285,171.02889124557225
14151,2026-02-10 15:00:00+00:00,184.8625,192.09648866959725
14152,2026-02-10 16:00:00+00:00,190.0025,233.19508516311643
14153,2026-02-10 17:00:00+00:00,178.1625,193.4418996737717
14154,2026-02-10 18:00:00+00:00,178.2625,184.60760571506512
14155,2026-02-10 19:00:00+00:00,155.0475,161.3951574759395
14156,2026-02-10 20:00:00+00:00,126.1375,131.49738939101906
14157,2026-02-10 21:00:00+00:00,116.725,120.09554722449938
14158,2026-02-10 22:00:00+00:00,105.22749999999999,112.62627324475139
14159,2026-02-10 23:00:00+00:00,107.84,109.33088917579353
14160,2026-02-11 00:00:00+00:00,102.345,108.74153015461013
14161,2026-02-11 01:00:00+00:00,100.49000000000001,106.54315326815521
14162,2026-02-11 02:00:00+00:00,107.3625,108.36499672112163
14163,2026-02-11 03:00:00+00:00,110.255,109.00617523636187
14164,2026-02-11 04:00:00+00:00,109.6925,117.92834877623865
14165,2026-02-11 05:00:00+00:00,115.06,143.73550755892174
14166,2026-02-11 06:00:00+00:00,134.0175,173.31728900206167
14167,2026-02-11 07:00:00+00:00,142.935,166.6338165945478
14168,2026-02-11 08:00:00+00:00,136.7375,156.0655521438778
14169,2026-02-11 09:00:00+00:00,133.54250000000002,136.05583811210533
14170,2026-02-11 10:00:00+00:00,128.8225,122.49707368616113
14171,2026-02-11 11:00:00+00:00,119.745,120.11545657862453
14172,2026-02-11 12:00:00+00:00,124.0675,122.30265420895445
14173,2026-02-11 13:00:00+00:00,124.0275,135.70297319447513
14174,2026-02-11 14:00:00+00:00,132.78750000000002,156.4217155851763
14175,2026-02-11 15:00:00+00:00,144.18,181.3379959142638
14176,2026-02-11 16:00:00+00:00,148.7825,183.2934402835455
14177,2026-02-11 17:00:00+00:00,139.2,179.50837958302586
14178,2026-02-11 18:00:00+00:00,146.4225,178.24338487345437
14179,2026-02-11 19:00:00+00:00,135.1575,158.69749699422502
14180,2026-02-11 20:00:00+00:00,113.4175,126.82332739693739
14181,2026-02-11 21:00:00+00:00,108.3625,120.4582017858343
14182,2026-02-11 22:00:00+00:00,103.38,110.10480355982835
14183,2026-02-11 23:00:00+00:00,111.89,113.81263407566638
14184,2026-02-12 00:00:00+00:00,112.445,110.89771001990738
14185,2026-02-12 01:00:00+00:00,114.2575,109.47858009512711
14186,2026-02-12 02:00:00+00:00,112.595,115.04361436781211
14187,2026-02-12 03:00:00+00:00,111.88499999999999,115.69185445622088
14188,2026-02-12 04:00:00+00:00,111.5325,121.58539311382938
14189,2026-02-12 05:00:00+00:00,127.6175,143.29998811632885
14190,2026-02-12 06:00:00+00:00,141.0425,166.70081372027974
14191,2026-02-12 07:00:00+00:00,135.7875,161.65425387110506
14192,2026-02-12 08:00:00+00:00,128.0125,149.05412518031994
14193,2026-02-12 09:00:00+00:00,121.21,129.72212786500145
14194,2026-02-12 10:00:00+00:00,115.5375,123.51116395186475
14195,2026-02-12 11:00:00+00:00,110.56,119.44439675984597
14196,2026-02-12 12:00:00+00:00,113.2275,125.53552371262926
14197,2026-02-12 13:00:00+00:00,120.7025,139.16483302369662
14198,2026-02-12 14:00:00+00:00,139.11,156.4656982334287
14199,2026-02-12 15:00:00+00:00,157.9425,167.94896348307603
14200,2026-02-12 16:00:00+00:00,165.7,171.267862970659
14201,2026-02-12 17:00:00+00:00,144.4,165.07377635158122
14202,2026-02-12 18:00:00+00:00,140.8375,161.13107123575503
14203,2026-02-12 19:00:00+00:00,141.725,147.4896618549775
14204,2026-02-12 20:00:00+00:00,110.1575,121.061683231799
14205,2026-02-12 21:00:00+00:00,107.9375,115.56437354831074
14206,2026-02-12 22:00:00+00:00,110.82,109.87021370509295
14207,2026-02-12 23:00:00+00:00,96.3675,100.08939178102698
14208,2026-02-13 00:00:00+00:00,89.34,95.75904901928062
14209,2026-02-13 01:00:00+00:00,87.47,92.75151033582124
14210,2026-02-13 02:00:00+00:00,86.76,92.76573195829424
14211,2026-02-13 03:00:00+00:00,89.6175,98.52598100248575
14212,2026-02-13 04:00:00+00:00,95.145,109.96815120002863
14213,2026-02-13 05:00:00+00:00,102.30000000000001,131.35828213046744
14214,2026-02-13 06:00:00+00:00,121.3725,140.11552329847487
14215,2026-02-13 07:00:00+00:00,125.22749999999999,136.52778207628498
14216,2026-02-13 08:00:00+00:00,120.175,134.09119763939145
14217,2026-02-13 09:00:00+00:00,107.46000000000001,119.37453687960696
14218,2026-02-13 10:00:00+00:00,102.3025,113.65470329597598
14219,2026-02-13 11:00:00+00:00,98.355,110.14432563391016
14220,2026-02-13 12:00:00+00:00,99.0975,111.01435684971439
14221,2026-02-13 13:00:00+00:00,103.61749999999999,126.98012344472238
14222,2026-02-13 14:00:00+00:00,128.025,136.42681501657327
14223,2026-02-13 15:00:00+00:00,134.555,147.94518680344473
14224,2026-02-13 16:00:00+00:00,141.23,152.31366360557243
14225,2026-02-13 17:00:00+00:00,137.8475,145.47430287521428
14226,2026-02-13 18:00:00+00:00,134.865,147.61961386312686
14227,2026-02-13 19:00:00+00:00,130.7575,141.18593554426695
14228,2026-02-13 20:00:00+00:00,122.535,122.02761285726552
14229,2026-02-13 21:00:00+00:00,113.94,115.11030952046214
14230,2026-02-13 22:00:00+00:00,105.13,115.74019210251781
14231,2026-02-13 23:00:00+00:00,101.8725,106.64262371762442
14232,2026-02-14 00:00:00+00:00,100.9525,104.94395647704845
14233,2026-02-14 01:00:00+00:00,103.55250000000001,102.88254287261965
14234,2026-02-14 02:00:00+00:00,100.45,102.56423810536027
14235,2026-02-14 03:00:00+00:00,100.605,103.994280804421
14236,2026-02-14 04:00:00+00:00,100.3975,110.39302529493874
14237,2026-02-14 05:00:00+00:00,99.11250000000001,107.04699660577043
14238,2026-02-14 06:00:00+00:00,97.48,111.40291842325907
14239,2026-02-14 07:00:00+00:00,108.6375,119.34213374892201
14240,2026-02-14 08:00:00+00:00,115.07249999999999,117.88540721635118
14241,2026-02-14 09:00:00+00:00,114.5925,116.06956929406739
14242,2026-02-14 10:00:00+00:00,117.2225,117.07779745788284
14243,2026-02-14 11:00:00+00:00,115.1275,116.54817723634935
14244,2026-02-14 12:00:00+00:00,125.055,118.32905774966703
14245,2026-02-14 13:00:00+00:00,129.7875,119.34967096311047
14246,2026-02-14 14:00:00+00:00,121.72500000000001,119.47491745924611
14247,2026-02-14 15:00:00+00:00,136.68,135.06478223647525
14248,2026-02-14 16:00:00+00:00,149.765,143.5475231070564
14249,2026-02-14 17:00:00+00:00,140.82750000000001,141.48177093964637
14250,2026-02-14 18:00:00+00:00,132.27249999999998,140.53193001771206
14251,2026-02-14 19:00:00+00:00,124.9025,144.26302672079126
14252,2026-02-14 20:00:00+00:00,121.08500000000001,127.64122184428737
14253,2026-02-14 21:00:00+00:00,114.42,116.18953013892893
14254,2026-02-14 22:00:00+00:00,107.7575,108.08628630833027
14255,2026-02-14 23:00:00+00:00,106.0925,104.60215804307431
14256,2026-02-15 00:00:00+00:00,104.8675,104.76162556000658
14257,2026-02-15 01:00:00+00:00,107.205,107.50431323720458
14258,2026-02-15 02:00:00+00:00,106.775,106.28297843492203
14259,2026-02-15 03:00:00+00:00,105.675,106.1732834019859
14260,2026-02-15 04:00:00+00:00,102.88,106.41207793126982
14261,2026-02-15 05:00:00+00:00,101.1,106.1605987283978
14262,2026-02-15 06:00:00+00:00,103.615,105.77435472377019
14263,2026-02-15 07:00:00+00:00,102.9425,108.48316519619017
14264,2026-02-15 08:00:00+00:00,103.0075,120.59128754842392
14265,2026-02-15 09:00:00+00:00,104.455,116.63481997940639
14266,2026-02-15 10:00:00+00:00,106.775,115.12041387847111
14267,2026-02-15 11:00:00+00:00,102.7175,112.61445107023843
14268,2026-02-15 12:00:00+00:00,109.8275,115.84237524096454
14269,2026-02-15 13:00:00+00:00,119.5775,121.04966363870088
14270,2026-02-15 14:00:00+00:00,118.3475,125.01605115778884
14271,2026-02-15 15:00:00+00:00,107.25,118.7018701062947
14272,2026-02-15 16:00:00+00:00,141.1875,144.92042529435494
14273,2026-02-15 17:00:00+00:00,139.0075,143.96273263328303
14274,2026-02-15 18:00:00+00:00,152.765,145.099525315146
14275,2026-02-15 19:00:00+00:00,152.98,141.5598143345379
14276,2026-02-15 20:00:00+00:00,125.765,122.45301803015083
14277,2026-02-15 21:00:00+00:00,110.875,113.56215321766811
14278,2026-02-15 22:00:00+00:00,103.215,108.97228167976127
14279,2026-02-15 23:00:00+00:00,101.4875,106.0732246256188
14280,2026-02-16 00:00:00+00:00,99.89,103.12272918429917
14281,2026-02-16 01:00:00+00:00,96.78,102.60645483113703
14282,2026-02-16 02:00:00+00:00,94.3125,100.84532212611116
14283,2026-02-16 03:00:00+00:00,94.0275,98.91511062119753
14284,2026-02-16 04:00:00+00:00,95.3175,105.46072808028917
14285,2026-02-16 05:00:00+00:00,113.81,142.00681015294026
14286,2026-02-16 06:00:00+00:00,138.55,146.8560762848682
14287,2026-02-16 07:00:00+00:00,118.2325,127.6881344222647
14288,2026-02-16 08:00:00+00:00,109.125,109.95154187166092
14289,2026-02-16 09:00:00+00:00,99.605,102.30711697095599
14290,2026-02-16 10:00:00+00:00,100.8325,102.6711703498244
14291,2026-02-16 11:00:00+00:00,94.8275,103.49888338074742
14292,2026-02-16 12:00:00+00:00,96.5,106.34547320140675
14293,2026-02-16 13:00:00+00:00,106.9275,121.9301853456175
14294,2026-02-16 14:00:00+00:00,126.44,126.18479337149343
14295,2026-02-16 15:00:00+00:00,130.94,145.5193810789254
14296,2026-02-16 16:00:00+00:00,156.39000000000001,156.28730864390866
14297,2026-02-16 17:00:00+00:00,148.96249999999998,152.0146455299005
14298,2026-02-16 18:00:00+00:00,143.145,152.75783579074792
14299,2026-02-16 19:00:00+00:00,131.96,146.59582796577013
14300,2026-02-16 20:00:00+00:00,112.2675,118.6728711967278
14301,2026-02-16 21:00:00+00:00,106.37,111.84674780765714
14302,2026-02-16 22:00:00+00:00,97.10249999999999,109.2699920688159
14303,2026-02-16 23:00:00+00:00,103.91749999999999,104.62721565492298
14304,2026-02-17 00:00:00+00:00,100.2775,103.60566931506145
14305,2026-02-17 01:00:00+00:00,100.6925,103.15821160521986
14306,2026-02-17 02:00:00+00:00,101.24000000000001,102.96151150818642
14307,2026-02-17 03:00:00+00:00,98.3825,102.69016090454832
14308,2026-02-17 04:00:00+00:00,93.71,104.27864913560936
14309,2026-02-17 05:00:00+00:00,112.61999999999999,142.52492184164186
14310,2026-02-17 06:00:00+00:00,143.765,179.33850293910325
14311,2026-02-17 07:00:00+00:00,148.375,173.8876070008161
14312,2026-02-17 08:00:00+00:00,141.2675,161.64297437403744
14313,2026-02-17 09:00:00+00:00,119.62,145.8273670622914
14314,2026-02-17 10:00:00+00:00,112.405,130.01575314919154
14315,2026-02-17 11:00:00+00:00,110.0175,122.6079776685954
14316,2026-02-17 12:00:00+00:00,116.1175,142.01643166491212
14317,2026-02-17 13:00:00+00:00,133.07,155.6316940466071
14318,2026-02-17 14:00:00+00:00,164.29250000000002,168.92523845112635
14319,2026-02-17 15:00:00+00:00,184.8,191.79895089379687
14320,2026-02-17 16:00:00+00:00,225.98000000000002,210.45807528129143
14321,2026-02-17 17:00:00+00:00,182.1875,200.86843487558585
14322,2026-02-17 18:00:00+00:00,168.5725,198.90971798105068
14323,2026-02-17 19:00:00+00:00,166.34,165.0986342050927
14324,2026-02-17 20:00:00+00:00,126.3675,125.65373433269673
14325,2026-02-17 21:00:00+00:00,104.765,109.75056992579142
14326,2026-02-17 22:00:00+00:00,95.6725,102.89307060840784
14327,2026-02-17 23:00:00+00:00,102.0675,102.90558833717921
14328,2026-02-18 00:00:00+00:00,100.52,102.23048954415962
14329,2026-02-18 01:00:00+00:00,100.755,102.5570911804735
14330,2026-02-18 02:00:00+00:00,98.74,102.81090238563009
14331,2026-02-18 03:00:00+00:00,99.5875,102.51414943706129
14332,2026-02-18 04:00:00+00:00,105.2375,106.94769101756009
14333,2026-02-18 05:00:00+00:00,126.54499999999999,151.30961125386685
14334,2026-02-18 06:00:00+00:00,189.88750000000002,206.47512943363438
14335,2026-02-18 07:00:00+00:00,193.60750000000002,200.8847349509793
14336,2026-02-18 08:00:00+00:00,135.45,166.85388787446564
14337,2026-02-18 09:00:00+00:00,121.9725,155.05530014516592
14338,2026-02-18 10:00:00+00:00,111.9575,129.95980640430088
14339,2026-02-18 11:00:00+00:00,107.63,129.20803842661607
14340,2026-02-18 12:00:00+00:00,107.21000000000001,121.82489492498482
14341,2026-02-18 13:00:00+00:00,110.41,134.78505985765824
14342,2026-02-18 14:00:00+00:00,126.8775,166.69762448499552
14343,2026-02-18 15:00:00+00:00,142.2975,181.3114953889277
14344,2026-02-18 16:00:00+00:00,175.095,223.97713727864874
14345,2026-02-18 17:00:00+00:00,180.15,198.30713625634598
14346,2026-02-18 18:00:00+00:00,180.185,197.22504759839592
14347,2026-02-18 19:00:00+00:00,162.86,171.8346282817904
14348,2026-02-18 20:00:00+00:00,138.26749999999998,135.62762857380486
14349,2026-02-18 21:00:00+00:00,115.8425,109.50487118873363
14350,2026-02-18 22:00:00+00:00,104.28999999999999,103.74845064769535
14351,2026-02-18 23:00:00+00:00,98.6625,101.91480062175961
14352,2026-02-19 00:00:00+00:00,97.0175,102.69748643864263
14353,2026-02-19 01:00:00+00:00,93.815,102.76199476403184
14354,2026-02-19 02:00:00+00:00,98.1875,102.56099873316225
14355,2026-02-19 03:00:00+00:00,99.96,102.51126595984285
14356,2026-02-19 04:00:00+00:00,95.69749999999999,103.10653012532266
14357,2026-02-19 05:00:00+00:00,136.33499999999998,151.10443671008733
14358,2026-02-19 06:00:00+00:00,187.6475,199.0141490705893
14359,2026-02-19 07:00:00+00:00,165.3125,176.7184984889435
14360,2026-02-19 08:00:00+00:00,122.6725,129.74455368251856
14361,2026-02-19 09:00:00+00:00,112.3375,116.60286933584047
14362,2026-02-19 10:00:00+00:00,108.8375,110.4502774239791
14363,2026-02-19 11:00:00+00:00,104.84,107.51156051861538
14364,2026-02-19 12:00:00+00:00,107.4,108.3456436585463
14365,2026-02-19 13:00:00+00:00,108.2425,111.61425202459917
14366,2026-02-19 14:00:00+00:00,143.195,141.7098184194685
14367,2026-02-19 15:00:00+00:00,189.74,174.90799023131444
14368,2026-02-19 16:00:00+00:00,225.1,199.56207560429905
14369,2026-02-19 17:00:00+00:00,203.4575,196.33251555833317
14370,2026-02-19 18:00:00+00:00,173.14,195.83422027257373
14371,2026-02-19 19:00:00+00:00,149.66750000000002,169.0138856010969
14372,2026-02-19 20:00:00+00:00,119.41,135.28526539923487
14373,2026-02-19 21:00:00+00:00,99.41749999999999,114.82810331422559
14374,2026-02-19 22:00:00+00:00,94.3825,102.44536858426676
14375,2026-02-19 23:00:00+00:00,104.585,101.65741701772829
14376,2026-02-20 00:00:00+00:00,102.5975,103.74356019088972
14377,2026-02-20 01:00:00+00:00,101.7625,103.62632306606476
14378,2026-02-20 02:00:00+00:00,101.76,103.8007902133045
14379,2026-02-20 03:00:00+00:00,100.92750000000001,103.119234485351
14380,2026-02-20 04:00:00+00:00,102.9525,103.31171748860521
14381,2026-02-20 05:00:00+00:00,142.265,148.67049878709074
14382,2026-02-20 06:00:00+00:00,178.61,185.58044341601658
14383,2026-02-20 07:00:00+00:00,144.575,153.18673336918866
14384,2026-02-20 08:00:00+00:00,117.2775,118.52780554325155
14385,2026-02-20 09:00:00+00:00,99.39,102.00740838922708
14386,2026-02-20 10:00:00+00:00,93.78,97.46044228480922
14387,2026-02-20 11:00:00+00:00,91.1325,95.13987614709558
14388,2026-02-20 12:00:00+00:00,90.9025,100.84319385590659
14389,2026-02-20 13:00:00+00:00,91.425,104.00045157747982
14390,2026-02-20 14:00:00+00:00,112.19,127.42380538530432
14391,2026-02-20 15:00:00+00:00,144.18,164.09758816570348
14392,2026-02-20 16:00:00+00:00,197.6225,214.11982748358943
14393,2026-02-20 17:00:00+00:00,151.0125,182.89852094832963
14394,2026-02-20 18:00:00+00:00,150.45,159.40106974951735
14395,2026-02-20 19:00:00+00:00,124.5875,142.8886420406212
14396,2026-02-20 20:00:00+00:00,93.365,108.23052998121081
14397,2026-02-20 21:00:00+00:00,100.78999999999999,106.10517234283998
14398,2026-02-20 22:00:00+00:00,83.015,99.77730673319672
14399,2026-02-20 23:00:00+00:00,86.7475,82.59479061057289
14400,2026-02-21 00:00:00+00:00,76.9025,80.33275100655929
14401,2026-02-21 01:00:00+00:00,76.89750000000001,78.94560578964341
14402,2026-02-21 02:00:00+00:00,75.715,78.35855392089415
14403,2026-02-21 03:00:00+00:00,76.9,79.20981557270277
14404,2026-02-21 04:00:00+00:00,74.0625,80.0118737567901
14405,2026-02-21 05:00:00+00:00,86.255,97.60332801716187
14406,2026-02-21 06:00:00+00:00,84.985,110.86401729940388
14407,2026-02-21 07:00:00+00:00,88.3475,97.98857941228272
14408,2026-02-21 08:00:00+00:00,87.4375,95.26077430695297
14409,2026-02-21 09:00:00+00:00,86.58,94.93701698956505
14410,2026-02-21 10:00:00+00:00,88.02,93.09978240028386
14411,2026-02-21 11:00:00+00:00,89.395,90.83810185617602
14412,2026-02-21 12:00:00+00:00,94.6725,92.92853225756069
14413,2026-02-21 13:00:00+00:00,94.53,95.33747495672398
14414,2026-02-21 14:00:00+00:00,88.5675,100.11684709579511
14415,2026-02-21 15:00:00+00:00,96.0,117.6843127825668
14416,2026-02-21 16:00:00+00:00,105.2625,122.66687807550699
14417,2026-02-21 17:00:00+00:00,111.3075,123.32541103100507
14418,2026-02-21 18:00:00+00:00,104.89,116.11482260859104
14419,2026-02-21 19:00:00+00:00,95.965,104.44081602860582
14420,2026-02-21 20:00:00+00:00,89.825,90.56803509211187
14421,2026-02-21 21:00:00+00:00,87.03,77.87245276080729
14422,2026-02-21 22:00:00+00:00,70.0025,69.59152081472782
14423,2026-02-21 23:00:00+00:00,59.28,69.04054500922749
14424,2026-02-22 00:00:00+00:00,55.005,57.30746564072747
14425,2026-02-22 01:00:00+00:00,50.445,56.176096460162455
14426,2026-02-22 02:00:00+00:00,52.2175,64.98302766152038
14427,2026-02-22 03:00:00+00:00,66.4525,71.19622640697344
14428,2026-02-22 04:00:00+00:00,74.785,83.67764692781196
14429,2026-02-22 05:00:00+00:00,87.6725,90.26560039145988
14430,2026-02-22 06:00:00+00:00,90.4175,99.89007558063538
14431,2026-02-22 07:00:00+00:00,81.2175,98.39837492126873
14432,2026-02-22 08:00:00+00:00,83.02250000000001,95.01298250431805
14433,2026-02-22 09:00:00+00:00,86.365,94.39269607163976
14434,2026-02-22 10:00:00+00:00,91.3175,94.99417108407941
14435,2026-02-22 11:00:00+00:00,92.86,102.39094609176482
14436,2026-02-22 12:00:00+00:00,94.44,103.57722712554204
14437,2026-02-22 13:00:00+00:00,94.375,104.7212612354989
14438,2026-02-22 14:00:00+00:00,101.7625,104.07129557848016
14439,2026-02-22 15:00:00+00:00,110.5375,112.34424842228219
14440,2026-02-22 16:00:00+00:00,109.455,117.2817993131625
14441,2026-02-22 17:00:00+00:00,109.2575,122.30255149924926
14442,2026-02-22 18:00:00+00:00,107.75999999999999,123.21187246438254
14443,2026-02-22 19:00:00+00:00,108.03,123.3852692332436
14444,2026-02-22 20:00:00+00:00,97.0325,101.78815092378883
14445,2026-02-22 21:00:00+00:00,85.55,91.01835470858214
14446,2026-02-22 22:00:00+00:00,57.8625,74.3353055048703
14447,2026-02-22 23:00:00+00:00,53.692499999999995,64.54856406735018
14448,2026-02-23 00:00:00+00:00,50.08,58.69342263751906
14449,2026-02-23 01:00:00+00:00,45.4425,50.55717905698302
14450,2026-02-23 02:00:00+00:00,46.85,49.87225875178694
14451,2026-02-23 03:00:00+00:00,47.1275,56.78904486175533
14452,2026-02-23 04:00:00+00:00,60.707499999999996,67.20406884607382
14453,2026-02-23 05:00:00+00:00,90.9425,107.59865037942087
14454,2026-02-23 06:00:00+00:00,116.655,124.52156907598378
14455,2026-02-23 07:00:00+00:00,123.94,124.14741850284884
14456,2026-02-23 08:00:00+00:00,112.875,121.72633534079834
14457,2026-02-23 09:00:00+00:00,91.4025,100.42962589294356
14458,2026-02-23 10:00:00+00:00,90.5,98.52985895047433
14459,2026-02-23 11:00:00+00:00,93.25,97.46662312402998
14460,2026-02-23 12:00:00+00:00,94.6075,97.81170363811204
14461,2026-02-23 13:00:00+00:00,90.195,98.1497905789822
14462,2026-02-23 14:00:00+00:00,105.46,116.90721469620958
14463,2026-02-23 15:00:00+00:00,136.0625,140.49265153341233
14464,2026-02-23 16:00:00+00:00,145.7275,150.0469694365117
14465,2026-02-23 17:00:00+00:00,143.3275,145.04321708146057
14466,2026-02-23 18:00:00+00:00,139.835,145.5781276901126
14467,2026-02-23 19:00:00+00:00,138.4875,145.83603027678058
14468,2026-02-23 20:00:00+00:00,99.96000000000001,115.3585421057993
14469,2026-02-23 21:00:00+00:00,98.9225,109.6812981477438
14470,2026-02-23 22:00:00+00:00,90.395,97.09254954363767
14471,2026-02-23 23:00:00+00:00,86.4575,90.39486712300064
14472,2026-02-24 00:00:00+00:00,87.2525,90.23477407227982
14473,2026-02-24 01:00:00+00:00,88.3125,88.8926751588552
14474,2026-02-24 02:00:00+00:00,89.1625,91.24775765383458
14475,2026-02-24 03:00:00+00:00,91.175,92.29958977091323
14476,2026-02-24 04:00:00+00:00,101.2925,112.54197250096246
14477,2026-02-24 05:00:00+00:00,113.7075,134.8287999976549
14478,2026-02-24 06:00:00+00:00,130.39249999999998,144.41543635821662
14479,2026-02-24 07:00:00+00:00,141.79500000000002,145.4061641951058
14480,2026-02-24 08:00:00+00:00,132.1725,140.27498565643208
14481,2026-02-24 09:00:00+00:00,121.8875,123.0827763787839
14482,2026-02-24 10:00:00+00:00,108.89750000000001,112.6259668094246
14483,2026-02-24 11:00:00+00:00,99.8375,108.62385725430715
14484,2026-02-24 12:00:00+00:00,97.365,110.83497064992387
14485,2026-02-24 13:00:00+00:00,98.195,127.38748595180901
14486,2026-02-24 14:00:00+00:00,110.0325,137.56671386177223
14487,2026-02-24 15:00:00+00:00,127.7625,171.19051457462888
14488,2026-02-24 16:00:00+00:00,179.41500000000002,182.52012742033423
14489,2026-02-24 17:00:00+00:00,183.76,185.3301614137801
14490,2026-02-24 18:00:00+00:00,151.665,183.83086074924162
14491,2026-02-24 19:00:00+00:00,121.64500000000001,151.38916351947552
14492,2026-02-24 20:00:00+00:00,113.0675,118.16527859191282
14493,2026-02-24 21:00:00+00:00,106.145,111.13283982852863
14494,2026-02-24 22:00:00+00:00,96.885,102.4157196188486
14495,2026-02-24 23:00:00+00:00,97.2775,97.88188754753178
14496,2026-02-25 00:00:00+00:00,93.3775,97.53213289475254
14497,2026-02-25 01:00:00+00:00,90.99,97.51835799672422
14498,2026-02-25 02:00:00+00:00,92.4925,100.35989857503775
14499,2026-02-25 03:00:00+00:00,94.1725,103.69607417539478
14500,2026-02-25 04:00:00+00:00,97.845,116.85028249450168
14501,2026-02-25 05:00:00+00:00,118.4425,139.91126850816985
14502,2026-02-25 06:00:00+00:00,134.7725,170.20819769960755
14503,2026-02-25 07:00:00+00:00,124.435,148.44786207918366
14504,2026-02-25 08:00:00+00:00,113.555,130.51819775230373
14505,2026-02-25 09:00:00+00:00,96.1775,115.92922477958449
14506,2026-02-25 10:00:00+00:00,87.3775,104.61146656170564
14507,2026-02-25 11:00:00+00:00,88.38250000000001,102.29276202216607
14508,2026-02-25 12:00:00+00:00,89.6025,100.43841885128825
14509,2026-02-25 13:00:00+00:00,89.9975,101.4381018012231
14510,2026-02-25 14:00:00+00:00,87.0675,117.78280476349717
14511,2026-02-25 15:00:00+00:00,111.08,159.39540930377407
14512,2026-02-25 16:00:00+00:00,179.8675,198.02731203068322
14513,2026-02-25 17:00:00+00:00,180.705,208.684353806154
14514,2026-02-25 18:00:00+00:00,178.1625,202.3555201880207
14515,2026-02-25 19:00:00+00:00,161.29,159.46346058935566
14516,2026-02-25 20:00:00+00:00,132.29749999999999,127.76029208027927
14517,2026-02-25 21:00:00+00:00,95.2125,108.84832413748273
14518,2026-02-25 22:00:00+00:00,88.9025,103.40138078243368
14519,2026-02-25 23:00:00+00:00,91.72749999999999,102.21181348970077
14520,2026-02-26 00:00:00+00:00,95.91499999999999,93.92876421705282
14521,2026-02-26 01:00:00+00:00,91.68,91.19685055316812
14522,2026-02-26 02:00:00+00:00,87.795,90.83457218549601
14523,2026-02-26 03:00:00+00:00,88.8575,93.78327523792741
14524,2026-02-26 04:00:00+00:00,91.43,103.80794850156701
14525,2026-02-26 05:00:00+00:00,115.835,133.72568271701803
14526,2026-02-26 06:00:00+00:00,112.93,123.88167520007372
14527,2026-02-26 07:00:00+00:00,101.485,101.1451215594282
14528,2026-02-26 08:00:00+00:00,86.175,81.06833277302593
14529,2026-02-26 09:00:00+00:00,73.355,53.167029844182274
14530,2026-02-26 10:00:00+00:00,58.0475,44.67395017066021
14531,2026-02-26 11:00:00+00:00,21.48,33.407151666358324
14532,2026-02-26 12:00:00+00:00,14.905000000000001,31.820795293192514
14533,2026-02-26 13:00:00+00:00,47.54,58.22534097109761
14534,2026-02-26 14:00:00+00:00,79.6625,94.81630115128728
14535,2026-02-26 15:00:00+00:00,102.03999999999999,118.16263890097727
14536,2026-02-26 16:00:00+00:00,115.49249999999999,142.3929168916705
14537,2026-02-26 17:00:00+00:00,116.55250000000001,131.9112025242626
14538,2026-02-26 18:00:00+00:00,109.22999999999999,126.84919349058735
14539,2026-02-26 19:00:00+00:00,109.99000000000001,125.72966086254806
14540,2026-02-26 20:00:00+00:00,96.9875,106.7984468946318
14541,2026-02-26 21:00:00+00:00,94.74,102.1575761466477
14542,2026-02-26 22:00:00+00:00,87.2475,88.04593368151741
14543,2026-02-26 23:00:00+00:00,76.0375,80.2547745951521
14544,2026-02-27 00:00:00+00:00,76.0,83.34893991615563
14545,2026-02-27 01:00:00+00:00,71.17,80.48207707266431
14546,2026-02-27 02:00:00+00:00,75.77250000000001,83.07589180878217
14547,2026-02-27 03:00:00+00:00,84.7775,89.67325971512301
14548,2026-02-27 04:00:00+00:00,94.715,103.33097597132986
14549,2026-02-27 05:00:00+00:00,157.22,134.80270666960328
14550,2026-02-27 06:00:00+00:00,135.595,123.93180310664242
14551,2026-02-27 07:00:00+00:00,85.53999999999999,101.68874413876081
14552,2026-02-27 08:00:00+00:00,69.215,89.92952822555846
14553,2026-02-27 09:00:00+00:00,35.5625,59.55424526609506
14554,2026-02-27 10:00:00+00:00,23.7925,44.371235531497405
14555,2026-02-27 11:00:00+00:00,18.965,39.29924814508772
14556,2026-02-27 12:00:00+00:00,41.595,40.69554944697121
14557,2026-02-27 13:00:00+00:00,66.755,68.418981611661
14558,2026-02-27 14:00:00+00:00,82.6375,97.02721590185176
14559,2026-02-27 15:00:00+00:00,101.53,128.54646258617197
14560,2026-02-27 16:00:00+00:00,130.73,139.76238556362276
14561,2026-02-27 17:00:00+00:00,126.275,136.86457938151196
14562,2026-02-27 18:00:00+00:00,124.3125,122.36919431846083
14563,2026-02-27 19:00:00+00:00,113.80250000000001,120.34465712115284
14564,2026-02-27 20:00:00+00:00,95.635,104.32627197361802
14565,2026-02-27 21:00:00+00:00,91.53999999999999,91.43547086695277
14566,2026-02-27 22:00:00+00:00,83.6675,82.8065603383652
14567,2026-02-27 23:00:00+00:00,92.84,81.91836203576122
14568,2026-02-28 00:00:00+00:00,91.3875,79.29454050945643
14569,2026-02-28 01:00:00+00:00,89.5675,76.482779745081
14570,2026-02-28 02:00:00+00:00,89.1425,79.95831577996468
14571,2026-02-28 03:00:00+00:00,92.7725,87.70334531557113
14572,2026-02-28 04:00:00+00:00,96.7175,90.0923016512474
14573,2026-02-28 05:00:00+00:00,97.4025,97.94426258329142
14574,2026-02-28 06:00:00+00:00,83.4,89.7281463298917
14575,2026-02-28 07:00:00+00:00,61.3475,44.80176789810209
14576,2026-02-28 08:00:00+00:00,19.88,19.959059551754656
14577,2026-02-28 09:00:00+00:00,0.07500000000000001,15.75339546265167
14578,2026-02-28 10:00:00+00:00,-0.025,6.992676818755354
14579,2026-02-28 11:00:00+00:00,-0.2,6.3820411339583005
14580,2026-02-28 12:00:00+00:00,-0.16999999999999998,14.7795333110339
14581,2026-02-28 13:00:00+00:00,-0.0075,17.15958175064484
14582,2026-02-28 14:00:00+00:00,59.7775,80.39528790262334
14583,2026-02-28 15:00:00+00:00,94.9075,111.15811136603232
14584,2026-02-28 16:00:00+00:00,100.97999999999999,122.32130772296408
14585,2026-02-28 17:00:00+00:00,103.8025,120.08014870801551
14586,2026-02-28 18:00:00+00:00,106.5025,113.55199305387274
14587,2026-02-28 19:00:00+00:00,100.76,110.33332281080553
14588,2026-02-28 20:00:00+00:00,97.855,103.9699218122157
14589,2026-02-28 21:00:00+00:00,100.6975,91.27546332358708
14590,2026-02-28 22:00:00+00:00,87.46000000000001,85.11765406013136
14591,2026-02-28 23:00:00+00:00,68.6725,79.19076855104788
14592,2026-03-01 00:00:00+00:00,63.56,86.03562946753507
14593,2026-03-01 01:00:00+00:00,60.545,74.373697806623
14594,2026-03-01 02:00:00+00:00,61.7725,73.60377204795573
14595,2026-03-01 03:00:00+00:00,64.855,77.97720263889433
14596,2026-03-01 04:00:00+00:00,68.07,78.93675097166575
14597,2026-03-01 05:00:00+00:00,68.505,68.4139944862835
14598,2026-03-01 06:00:00+00:00,68.4025,63.73712759654739
14599,2026-03-01 07:00:00+00:00,55.745,37.004593568034245
14600,2026-03-01 08:00:00+00:00,20.85,9.75985464794576
14601,2026-03-01 09:00:00+00:00,0.007500000000000007,1.369714365476371
14602,2026-03-01 10:00:00+00:00,-0.025,1.3238556195879219
14603,2026-03-01 11:00:00+00:00,-0.365,0.6286187731941688
14604,2026-03-01 12:00:00+00:00,-0.7875,2.6601474742080105
14605,2026-03-01 13:00:00+00:00,0.0025000000000000022,32.93421174703786
14606,2026-03-01 14:00:00+00:00,76.6375,83.77368180626618
14607,2026-03-01 15:00:00+00:00,102.9975,112.02510352495729
14608,2026-03-01 16:00:00+00:00,117.4675,122.8594816665795
14609,2026-03-01 17:00:00+00:00,119.205,130.58678323933228
14610,2026-03-01 18:00:00+00:00,118.6525,130.34303129131746
14611,2026-03-01 19:00:00+00:00,111.9175,120.68260997186482
14612,2026-03-01 20:00:00+00:00,108.4,116.89956540994437
14613,2026-03-01 21:00:00+00:00,109.3425,109.32972962262598
14614,2026-03-01 22:00:00+00:00,88.27250000000001,103.30066046719587
14615,2026-03-01 23:00:00+00:00,89.37,101.00524348084204
14616,2026-03-02 00:00:00+00:00,80.5325,89.47522197792077
14617,2026-03-02 01:00:00+00:00,82.83,87.0631699050222
14618,2026-03-02 02:00:00+00:00,82.8275,86.77552931733803
14619,2026-03-02 03:00:00+00:00,84.525,97.09497260877463
14620,2026-03-02 04:00:00+00:00,103.9025,119.49595418141175
14621,2026-03-02 05:00:00+00:00,154.065,137.8013013710715
14622,2026-03-02 06:00:00+00:00,153.6625,151.40240231157014
14623,2026-03-02 07:00:00+00:00,127.8975,129.52570225333506
14624,2026-03-02 08:00:00+00:00,92.395,89.85391398828969
14625,2026-03-02 09:00:00+00:00,73.585,61.12171428567781
14626,2026-03-02 10:00:00+00:00,56.43,31.325422016328833
14627,2026-03-02 11:00:00+00:00,41.2975,34.28678311477041
14628,2026-03-02 12:00:00+00:00,71.495,46.72178276705687
14629,2026-03-02 13:00:00+00:00,86.48,70.63743050232632
14630,2026-03-02 14:00:00+00:00,88.63,100.64619090553079
14631,2026-03-02 15:00:00+00:00,135.725,141.4135922442067
14632,2026-03-02 16:00:00+00:00,214.02499999999998,214.7364396688672
14633,2026-03-02 17:00:00+00:00,230.055,221.60204503612033
14634,2026-03-02 18:00:00+00:00,226.0225,215.56163703186016
14635,2026-03-02 19:00:00+00:00,188.185,171.99089428932007
14636,2026-03-02 20:00:00+00:00,145.505,137.53013422312307
14637,2026-03-02 21:00:00+00:00,109.5025,124.81185867742722
14638,2026-03-02 22:00:00+00:00,92.8725,98.54722323121456
14639,2026-03-02 23:00:00+00:00,92.31,101.31736397040613
14640,2026-03-03 00:00:00+00:00,93.1225,98.83878568615981
14641,2026-03-03 01:00:00+00:00,93.1325,100.80063889273262
14642,2026-03-03 02:00:00+00:00,97.36500000000001,101.42460430447267
14643,2026-03-03 03:00:00+00:00,100.0875,101.31684993331527
14644,2026-03-03 04:00:00+00:00,107.06,124.4826173874896
14645,2026-03-03 05:00:00+00:00,138.9425,155.91524108416533
14646,2026-03-03 06:00:00+00:00,156.775,167.035074297264
14647,2026-03-03 07:00:00+00:00,110.08,119.38400067536051
14648,2026-03-03 08:00:00+00:00,98.225,94.8167160903122
14649,2026-03-03 09:00:00+00:00,79.85,57.947578458364866
14650,2026-03-03 10:00:00+00:00,57.2225,44.13138775263499
14651,2026-03-03 11:00:00+00:00,32.675,39.378704706792284
14652,2026-03-03 12:00:00+00:00,36.7825,48.87216835281326
14653,2026-03-03 13:00:00+00:00,65.9825,60.383197337871906
14654,2026-03-03 14:00:00+00:00,100.4425,95.278095843838
14655,2026-03-03 15:00:00+00:00,116.625,129.09168296164393
14656,2026-03-03 16:00:00+00:00,168.8275,200.1935247694346
14657,2026-03-03 17:00:00+00:00,193.8875,215.32964942040286
14658,2026-03-03 18:00:00+00:00,171.4475,185.31995533655478
14659,2026-03-03 19:00:00+00:00,127.4875,151.82618941340323
14660,2026-03-03 20:00:00+00:00,118.945,127.03278158569778
14661,2026-03-03 21:00:00+00:00,114.0325,112.60874522062339
14662,2026-03-03 22:00:00+00:00,107.795,106.4840429376811
14663,2026-03-03 23:00:00+00:00,117.7225,105.87276983774932
14664,2026-03-04 00:00:00+00:00,112.89,108.5033720211434
14665,2026-03-04 01:00:00+00:00,116.3675,109.08283758959149
14666,2026-03-04 02:00:00+00:00,117.6675,109.46276814468311
14667,2026-03-04 03:00:00+00:00,124.0275,111.05232087259961
14668,2026-03-04 04:00:00+00:00,134.6225,119.70246206523157
14669,2026-03-04 05:00:00+00:00,205.7975,152.63596861138018
14670,2026-03-04 06:00:00+00:00,262.865,165.63429537990757
14671,2026-03-04 07:00:00+00:00,126.8075,107.55352323383049
14672,2026-03-04 08:00:00+00:00,83.9975,75.2972233127342
14673,2026-03-04 09:00:00+00:00,66.73,41.37401546016242
14674,2026-03-04 10:00:00+00:00,23.3675,24.897199989044985
14675,2026-03-04 11:00:00+00:00,4.835,16.214518528898626
14676,2026-03-04 12:00:00+00:00,20.7425,28.20501331504407
14677,2026-03-04 13:00:00+00:00,64.99000000000001,57.1498312725529
14678,2026-03-04 14:00:00+00:00,102.595,94.29315495252405
14679,2026-03-04 15:00:00+00:00,140.0525,124.14730900783746
14680,2026-03-04 16:00:00+00:00,223.6075,176.83076286700546
14681,2026-03-04 17:00:00+00:00,289.83500000000004,195.1439625755166
14682,2026-03-04 18:00:00+00:00,234.235,172.26927508842
14683,2026-03-04 19:00:00+00:00,169.5,151.23522468894066
14684,2026-03-04 20:00:00+00:00,155.405,129.74951953465197
14685,2026-03-04 21:00:00+00:00,145.5,119.29675010559231
14686,2026-03-04 22:00:00+00:00,127.7275,115.23694638100562
14687,2026-03-04 23:00:00+00:00,117.785,114.76172048007491
14688,2026-03-05 00:00:00+00:00,111.5675,112.88300977132026
14689,2026-03-05 01:00:00+00:00,110.89750000000001,115.56199788046717
14690,2026-03-05 02:00:00+00:00,110.985,116.2111695656843
14691,2026-03-05 03:00:00+00:00,113.24000000000001,117.45509079664888
14692,2026-03-05 04:00:00+00:00,129.0375,132.7264469681257
14693,2026-03-05 05:00:00+00:00,156.69,167.4460900019276
14694,2026-03-05 06:00:00+00:00,175.1575,169.72016936392666
14695,2026-03-05 07:00:00+00:00,137.17000000000002,121.36851176949149
14696,2026-03-05 08:00:00+00:00,94.0875,80.40778055786741
14697,2026-03-05 09:00:00+00:00,45.6275,45.08152368221044
14698,2026-03-05 10:00:00+00:00,-4.602500000000001,19.563583887798927
14699,2026-03-05 11:00:00+00:00,-16.3025,15.128715635610554
14700,2026-03-05 12:00:00+00:00,1.195,23.70648887080348
14701,2026-03-05 13:00:00+00:00,39.275,54.01839509742362
14702,2026-03-05 14:00:00+00:00,93.2025,97.39663368307988
14703,2026-03-05 15:00:00+00:00,140.39,135.617312855003
14704,2026-03-05 16:00:00+00:00,186.07999999999998,206.10970125491204
14705,2026-03-05 17:00:00+00:00,247.65,262.31270968628274
14706,2026-03-05 18:00:00+00:00,222.325,223.86530947896776
14707,2026-03-05 19:00:00+00:00,188.1225,168.21216491302985
14708,2026-03-05 20:00:00+00:00,141.65,140.81231820446578
14709,2026-03-05 21:00:00+00:00,133.225,136.58545401038884
14710,2026-03-05 22:00:00+00:00,123.5525,127.5520344906506
14711,2026-03-05 23:00:00+00:00,106.92500000000001,115.84751618231229
14712,2026-03-06 00:00:00+00:00,108.8325,115.966737612799
14713,2026-03-06 01:00:00+00:00,111.7925,114.94299497247556
14714,2026-03-06 02:00:00+00:00,112.5575,115.08708991374479
14715,2026-03-06 03:00:00+00:00,118.9,117.30592025810397
14716,2026-03-06 04:00:00+00:00,133.475,129.0610654709849
14717,2026-03-06 05:00:00+00:00,158.64249999999998,158.03919726009335
14718,2026-03-06 06:00:00+00:00,172.3875,161.58558170892218
14719,2026-03-06 07:00:00+00:00,123.9325,112.8952438740522
14720,2026-03-06 08:00:00+00:00,77.895,82.10756715706181
14721,2026-03-06 09:00:00+00:00,-3.4675000000000002,43.311484120199495
14722,2026-03-06 10:00:00+00:00,-12.3275,14.165046076026565
14723,2026-03-06 11:00:00+00:00,-3.2175000000000002,13.233885344542493
14724,2026-03-06 12:00:00+00:00,0.0024999999999999467,15.410282867820612
14725,2026-03-06 13:00:00+00:00,49.584999999999994,46.80089622748761
14726,2026-03-06 14:00:00+00:00,99.32,93.0839591328444
14727,2026-03-06 15:00:00+00:00,131.9925,136.2597557084645
14728,2026-03-06 16:00:00+00:00,161.62,174.58692683210214
14729,2026-03-06 17:00:00+00:00,191.995,212.783112316083
14730,2026-03-06 18:00:00+00:00,173.0,196.6618176698349
14731,2026-03-06 19:00:00+00:00,149.27,160.4436754651623
14732,2026-03-06 20:00:00+00:00,135.6975,137.4047067195773
14733,2026-03-06 21:00:00+00:00,129.1375,132.7871880019998
14734,2026-03-06 22:00:00+00:00,128.45,124.42437466060065
14735,2026-03-06 23:00:00+00:00,139.1275,118.69442918790509
14736,2026-03-07 00:00:00+00:00,134.4175,116.74452878032824
14737,2026-03-07 01:00:00+00:00,129.4125,118.87730819087533
14738,2026-03-07 02:00:00+00:00,128.7075,118.88297324262847
14739,2026-03-07 03:00:00+00:00,129.3125,122.51918441909754
14740,2026-03-07 04:00:00+00:00,134.1925,129.57352171203027
14741,2026-03-07 05:00:00+00:00,140.16000000000003,134.45233984151204
14742,2026-03-07 06:00:00+00:00,133.5575,130.65425758043241
14743,2026-03-07 07:00:00+00:00,100.16,90.70140680575705
14744,2026-03-07 08:00:00+00:00,52.79,44.30489986205067
14745,2026-03-07 09:00:00+00:00,22.9525,19.03511755875529
14746,2026-03-07 10:00:00+00:00,12.3675,13.979642202006321
14747,2026-03-07 11:00:00+00:00,4.165,8.779205869665729
14748,2026-03-07 12:00:00+00:00,0.425,10.073523356946756
14749,2026-03-07 13:00:00+00:00,16.335,24.76668749193857
14750,2026-03-07 14:00:00+00:00,86.0625,91.87146469502746
14751,2026-03-07 15:00:00+00:00,133.9325,130.04774952037104
14752,2026-03-07 16:00:00+00:00,144.29749999999999,148.07815853127406
14753,2026-03-07 17:00:00+00:00,174.685,163.82076489644334
14754,2026-03-07 18:00:00+00:00,164.9,164.56260304625587
14755,2026-03-07 19:00:00+00:00,149.1,148.08433177389375
14756,2026-03-07 20:00:00+00:00,140.5775,135.41988620751226
14757,2026-03-07 21:00:00+00:00,136.3825,129.23655103432128
14758,2026-03-07 22:00:00+00:00,132.9525,126.84137706019216
14759,2026-03-07 23:00:00+00:00,137.70499999999998,126.76867966664656
14760,2026-03-08 00:00:00+00:00,134.8075,126.06784572081406
14761,2026-03-08 01:00:00+00:00,133.4675,126.09568276527358
14762,2026-03-08 02:00:00+00:00,132.68,123.06690555289426
14763,2026-03-08 03:00:00+00:00,132.03,124.40009693144833
14764,2026-03-08 04:00:00+00:00,132.1975,126.96380175292569
14765,2026-03-08 05:00:00+00:00,133.3725,126.65276137218349
14766,2026-03-08 06:00:00+00:00,117.86250000000001,118.90062911834808
14767,2026-03-08 07:00:00+00:00,50.7625,65.42262695562617
14768,2026-03-08 08:00:00+00:00,-42.417500000000004,16.612762474630998
14769,2026-03-08 09:00:00+00:00,-31.515,1.0582077036370545
14770,2026-03-08 10:00:00+00:00,-2.4825,-0.411832350319072
14771,2026-03-08 11:00:00+00:00,0.22249999999999998,-0.6668064197937694
14772,2026-03-08 12:00:00+00:00,-0.10250000000000001,-0.829175508869276
14773,2026-03-08 13:00:00+00:00,6.1475,0.9566464046779499
14774,2026-03-08 14:00:00+00:00,66.1825,66.44847849368772
14775,2026-03-08 15:00:00+00:00,121.85,120.80913677267186
14776,2026-03-08 16:00:00+00:00,146.93,133.67897563866302
14777,2026-03-08 17:00:00+00:00,158.5675,148.80759560380292
14778,2026-03-08 18:00:00+00:00,154.0525,146.39623823397227
14779,2026-03-08 19:00:00+00:00,138.6425,136.81488932759822
14780,2026-03-08 20:00:00+00:00,109.905,112.78217802936356
14781,2026-03-08 21:00:00+00:00,97.9975,91.01320158545622
14782,2026-03-08 22:00:00+00:00,96.35249999999999,93.26894407640924
14783,2026-03-08 23:00:00+00:00,98.86500000000001,91.27182093509877
14784,2026-03-09 00:00:00+00:00,99.93,89.72501279434762
14785,2026-03-09 01:00:00+00:00,99.9325,84.4172434500456
14786,2026-03-09 02:00:00+00:00,101.3575,91.13990121111885
14787,2026-03-09 03:00:00+00:00,116.5175,98.1268094809009
14788,2026-03-09 04:00:00+00:00,138.3075,107.6912019266541
14789,2026-03-09 05:00:00+00:00,165.5275,130.98213045108875
14790,2026-03-09 06:00:00+00:00,189.2425,143.57974390014758
14791,2026-03-09 07:00:00+00:00,100.16499999999999,87.98818915320611
14792,2026-03-09 08:00:00+00:00,36.055,46.63861446380899
14793,2026-03-09 09:00:00+00:00,12.8375,22.929882544863148
14794,2026-03-09 10:00:00+00:00,10.485,15.446762411047722
14795,2026-03-09 11:00:00+00:00,0.295,11.936264932819412
14796,2026-03-09 12:00:00+00:00,20.479999999999997,14.973464198116211
14797,2026-03-09 13:00:00+00:00,64.42,29.691809057276313
14798,2026-03-09 14:00:00+00:00,113.7675,88.26571847059124
14799,2026-03-09 15:00:00+00:00,144.995,136.43376228125442
14800,2026-03-09 16:00:00+00:00,180.66750000000002,159.80588043104322
14801,2026-03-09 17:00:00+00:00,238.89249999999998,175.13231134059572
14802,2026-03-09 18:00:00+00:00,222.01,173.61251912399683
14803,2026-03-09 19:00:00+00:00,177.86,147.66682123275478
14804,2026-03-09 20:00:00+00:00,132.1125,125.38140474709948
14805,2026-03-09 21:00:00+00:00,107.69,95.25483674141898
14806,2026-03-09 22:00:00+00:00,103.055,88.27015582478967
14807,2026-03-09 23:00:00+00:00,101.31,82.84020049661163
14808,2026-03-10 00:00:00+00:00,90.065,72.62695711029565
14809,2026-03-10 01:00:00+00:00,89.83000000000001,73.08172344626175
14810,2026-03-10 02:00:00+00:00,93.995,83.40029742490337
14811,2026-03-10 03:00:00+00:00,99.6325,89.34291103581035
14812,2026-03-10 04:00:00+00:00,109.4875,110.60274950953766
14813,2026-03-10 05:00:00+00:00,154.73000000000002,131.8198911239
14814,2026-03-10 06:00:00+00:00,167.4425,138.42074401139027
14815,2026-03-10 07:00:00+00:00,104.005,96.62233739733257
14816,2026-03-10 08:00:00+00:00,65.595,56.81455280232899
14817,2026-03-10 09:00:00+00:00,16.15,22.791050052633768
14818,2026-03-10 10:00:00+00:00,3.7375,14.316760040303258
14819,2026-03-10 11:00:00+00:00,-3.6824999999999997,13.596224949210521
14820,2026-03-10 12:00:00+00:00,37.1075,24.095360112993344
14821,2026-03-10 13:00:00+00:00,89.69,60.79984106124205
14822,2026-03-10 14:00:00+00:00,113.52250000000001,101.96975429170963
14823,2026-03-10 15:00:00+00:00,136.4575,137.3994426712665
14824,2026-03-10 16:00:00+00:00,167.765,171.91419519751486
14825,2026-03-10 17:00:00+00:00,210.3325,203.04882030027272
14826,2026-03-10 18:00:00+00:00,184.495,173.4945057067627
14827,2026-03-10 19:00:00+00:00,157.795,157.09860196340887
14828,2026-03-10 20:00:00+00:00,114.82,126.26727180097765
14829,2026-03-10 21:00:00+00:00,100.61500000000001,107.33000715661366
14830,2026-03-10 22:00:00+00:00,83.5225,92.98931310249516
14831,2026-03-10 23:00:00+00:00,101.205,97.24685626391437
14832,2026-03-11 00:00:00+00:00,97.355,101.00377901387847
14833,2026-03-11 01:00:00+00:00,92.49,98.98898321305947
14834,2026-03-11 02:00:00+00:00,93.37,100.74252931591694
14835,2026-03-11 03:00:00+00:00,102.4525,105.8074600115302
14836,2026-03-11 04:00:00+00:00,105.55000000000001,111.44670722597654
14837,2026-03-11 05:00:00+00:00,116.135,131.35891586640403
14838,2026-03-11 06:00:00+00:00,100.0,117.84644442836424
14839,2026-03-11 07:00:00+00:00,77.3475,91.43449674784904
14840,2026-03-11 08:00:00+00:00,59.8475,57.20143545103426
14841,2026-03-11 09:00:00+00:00,17.6875,21.158153970204577
14842,2026-03-11 10:00:00+00:00,14.725,16.742636844530033
14843,2026-03-11 11:00:00+00:00,11.62,12.281405168625644
14844,2026-03-11 12:00:00+00:00,15.32,17.06186447651996
14845,2026-03-11 13:00:00+00:00,44.045,49.889547129387694
14846,2026-03-11 14:00:00+00:00,90.72749999999999,88.68150381886531
14847,2026-03-11 15:00:00+00:00,101.2425,118.4727246693735
14848,2026-03-11 16:00:00+00:00,118.695,153.04741125931122
14849,2026-03-11 17:00:00+00:00,143.9475,157.46550646000895
14850,2026-03-11 18:00:00+00:00,151.1625,152.28365595202672
14851,2026-03-11 19:00:00+00:00,110.42,131.21481581707218
14852,2026-03-11 20:00:00+00:00,99.21000000000001,103.75218920103052
14853,2026-03-11 21:00:00+00:00,98.23,94.43543823860657
14854,2026-03-11 22:00:00+00:00,82.4,83.59631541043773
14855,2026-03-11 23:00:00+00:00,56.285,76.4431129800692
14856,2026-03-12 00:00:00+00:00,40.13,77.69336600111257
14857,2026-03-12 01:00:00+00:00,46.05,78.00896279498411
14858,2026-03-12 02:00:00+00:00,69.4525,83.06581779852769
14859,2026-03-12 03:00:00+00:00,92.89,90.85600465210156
14860,2026-03-12 04:00:00+00:00,97.77000000000001,100.80005540327643
14861,2026-03-12 05:00:00+00:00,111.7575,118.39637113618569
14862,2026-03-12 06:00:00+00:00,123.555,122.00107242961097
14863,2026-03-12 07:00:00+00:00,100.3875,111.58226496640583
14864,2026-03-12 08:00:00+00:00,81.8025,89.5782571501323
14865,2026-03-12 09:00:00+00:00,69.19749999999999,67.5119150514406
14866,2026-03-12 10:00:00+00:00,64.36,60.73514492915024
14867,2026-03-12 11:00:00+00:00,64.0,48.390010103591386
14868,2026-03-12 12:00:00+00:00,83.4975,74.05295496219195
14869,2026-03-12 13:00:00+00:00,98.6075,97.39650477085425
14870,2026-03-12 14:00:00+00:00,94.6325,107.83718395934272
14871,2026-03-12 15:00:00+00:00,164.29500000000002,134.89567943198074
14872,2026-03-12 16:00:00+00:00,175.9175,182.33253356920784
14873,2026-03-12 17:00:00+00:00,265.0325,202.4904643190135
14874,2026-03-12 18:00:00+00:00,274.71,201.17531551473715
14875,2026-03-12 19:00:00+00:00,194.41250000000002,154.05328624390486
14876,2026-03-12 20:00:00+00:00,123.80250000000001,126.6715855125324
14877,2026-03-12 21:00:00+00:00,98.72749999999999,107.56639120059015
14878,2026-03-12 22:00:00+00:00,90.6775,92.9237347456271
14879,2026-03-12 23:00:00+00:00,106.8275,95.3597781703914
14880,2026-03-13 00:00:00+00:00,100.22,91.4584731361582
14881,2026-03-13 01:00:00+00:00,87.425,87.7961097048237
14882,2026-03-13 02:00:00+00:00,86.96000000000001,90.100133070571
14883,2026-03-13 03:00:00+00:00,90.875,94.18827971739684
14884,2026-03-13 04:00:00+00:00,96.16,100.44228276689525
14885,2026-03-13 05:00:00+00:00,103.66,109.19244562330088
14886,2026-03-13 06:00:00+00:00,100.8125,105.81094012441108
14887,2026-03-13 07:00:00+00:00,47.255,65.73703598165493
14888,2026-03-13 08:00:00+00:00,-3.3875,29.025761942502687
14889,2026-03-13 09:00:00+00:00,-0.49749999999999994,14.425692364814758
14890,2026-03-13 10:00:00+00:00,-0.34249999999999997,9.401872235389266
14891,2026-03-13 11:00:00+00:00,-1.6225,8.302356835160126
14892,2026-03-13 12:00:00+00:00,0.0050000000000000044,6.569019151057187
14893,2026-03-13 13:00:00+00:00,0.0050000000000001155,8.285072351865066
14894,2026-03-13 14:00:00+00:00,34.05,25.510066388095257
14895,2026-03-13 15:00:00+00:00,106.065,82.23751863030573
14896,2026-03-13 16:00:00+00:00,149.0575,134.3487597905061
14897,2026-03-13 17:00:00+00:00,180.31,153.272259375833
14898,2026-03-13 18:00:00+00:00,166.4625,149.86769229786424
14899,2026-03-13 19:00:00+00:00,146.83249999999998,129.07854239855175
14900,2026-03-13 20:00:00+00:00,132.3775,105.38345518959346
14901,2026-03-13 21:00:00+00:00,124.25,100.85637960905213
14902,2026-03-13 22:00:00+00:00,113.43,93.44472691051604
14903,2026-03-13 23:00:00+00:00,111.84,94.61042890802706
14904,2026-03-14 00:00:00+00:00,109.6275,95.57193460073213
14905,2026-03-14 01:00:00+00:00,104.29,92.25464541571552
14906,2026-03-14 02:00:00+00:00,104.2225,92.21712869348553
14907,2026-03-14 03:00:00+00:00,106.6225,95.71980356740835
14908,2026-03-14 04:00:00+00:00,107.205,95.59010537553253
14909,2026-03-14 05:00:00+00:00,109.275,89.30036275120618
14910,2026-03-14 06:00:00+00:00,75.4175,44.68387601179918
14911,2026-03-14 07:00:00+00:00,21.0,24.55438877571692
14912,2026-03-14 08:00:00+00:00,-10.0,10.449992510426307
14913,2026-03-14 09:00:00+00:00,-16.1925,-2.8914689087253778
14914,2026-03-14 10:00:00+00:00,-3.7624999999999997,-9.120791032002787
14915,2026-03-14 11:00:00+00:00,-12.01,-10.300190272329589
14916,2026-03-14 12:00:00+00:00,-16.842499999999998,-9.67323456893287
14917,2026-03-14 13:00:00+00:00,7.237499999999999,-2.468554134055957
14918,2026-03-14 14:00:00+00:00,73.5875,41.03646587876981
14919,2026-03-14 15:00:00+00:00,122.8475,100.94128315990842
14920,2026-03-14 16:00:00+00:00,140.4025,133.8968184606748
14921,2026-03-14 17:00:00+00:00,161.1,150.0869157477754
14922,2026-03-14 18:00:00+00:00,169.83499999999998,142.66596318920392
14923,2026-03-14 19:00:00+00:00,150.265,131.35795289077197
14924,2026-03-14 20:00:00+00:00,137.4525,119.07263982215878
14925,2026-03-14 21:00:00+00:00,135.2375,104.87688568547867
14926,2026-03-14 22:00:00+00:00,128.04500000000002,104.44974753321947
14927,2026-03-14 23:00:00+00:00,117.1225,100.83585004321567
14928,2026-03-15 00:00:00+00:00,116.7425,90.47951805559916
14929,2026-03-15 01:00:00+00:00,117.6,90.30201854722104
14930,2026-03-15 02:00:00+00:00,112.775,92.82483862956943
14931,2026-03-15 03:00:00+00:00,122.745,100.93008347566925
14932,2026-03-15 04:00:00+00:00,124.785,101.86419544707788
14933,2026-03-15 05:00:00+00:00,125.69749999999999,99.49987468982974
14934,2026-03-15 06:00:00+00:00,106.95,74.04704030743778
14935,2026-03-15 07:00:00+00:00,78.50999999999999,56.29870124459103
14936,2026-03-15 08:00:00+00:00,79.6425,39.40777143089793
14937,2026-03-15 09:00:00+00:00,68.4975,35.52830061561069
14938,2026-03-15 10:00:00+00:00,60.875,30.009655347264264
14939,2026-03-15 11:00:00+00:00,43.6675,25.74385352616103
14940,2026-03-15 12:00:00+00:00,30.952499999999997,41.55962897674219
14941,2026-03-15 13:00:00+00:00,55.4925,66.21413756721415
14942,2026-03-15 14:00:00+00:00,85.73,99.35163833424241
14943,2026-03-15 15:00:00+00:00,102.0475,112.74389997158063
14944,2026-03-15 16:00:00+00:00,132.74,136.7618577309568
14945,2026-03-15 17:00:00+00:00,153.0275,156.19386429400313
14946,2026-03-15 18:00:00+00:00,175.775,162.3858451306497
14947,2026-03-15 19:00:00+00:00,206.0975,163.9366189215933
14948,2026-03-15 20:00:00+00:00,163.8375,146.00619366390714
14949,2026-03-15 21:00:00+00:00,145.1175,129.25698654898136
14950,2026-03-15 22:00:00+00:00,122.9775,114.37681566554762
14951,2026-03-15 23:00:00+00:00,100.6925,104.72785987414616
14952,2026-03-16 00:00:00+00:00,97.41749999999999,100.00665184609335
14953,2026-03-16 01:00:00+00:00,96.89750000000001,98.32544354682966
14954,2026-03-16 02:00:00+00:00,96.0475,99.82533688292001
14955,2026-03-16 03:00:00+00:00,100.25999999999999,102.81763898674089
14956,2026-03-16 04:00:00+00:00,105.325,122.03349526436048
14957,2026-03-16 05:00:00+00:00,162.8075,153.14963936194906
14958,2026-03-16 06:00:00+00:00,174.335,159.25070306409867
14959,2026-03-16 07:00:00+00:00,103.5325,130.77925837694593
14960,2026-03-16 08:00:00+00:00,91.96000000000001,111.55736484620519
14961,2026-03-16 09:00:00+00:00,94.795,90.33646684235393
14962,2026-03-16 10:00:00+00:00,89.9425,84.0159861611222
14963,2026-03-16 11:00:00+00:00,89.9175,83.76342894658067
14964,2026-03-16 12:00:00+00:00,98.16,94.62183878526322
14965,2026-03-16 13:00:00+00:00,98.2775,107.28318030547125
14966,2026-03-16 14:00:00+00:00,111.0125,115.89918321254915
14967,2026-03-16 15:00:00+00:00,145.9125,146.77050190417805
14968,2026-03-16 16:00:00+00:00,170.55,178.2564277591138
14969,2026-03-16 17:00:00+00:00,207.0,210.86159585611043
14970,2026-03-16 18:00:00+00:00,187.2825,196.33733100635635
14971,2026-03-16 19:00:00+00:00,156.93,169.18114311324746
14972,2026-03-16 20:00:00+00:00,126.145,135.05120988688978
14973,2026-03-16 21:00:00+00:00,118.14,120.07099712956533
14974,2026-03-16 22:00:00+00:00,99.9025,110.01223446489139
14975,2026-03-16 23:00:00+00:00,113.9025,108.23077978982879
14976,2026-03-17 00:00:00+00:00,105.9825,107.42977738999518
14977,2026-03-17 01:00:00+00:00,107.0575,104.53062179227902
14978,2026-03-17 02:00:00+00:00,107.775,104.37794585176742
14979,2026-03-17 03:00:00+00:00,110.8825,108.10320193681243
14980,2026-03-17 04:00:00+00:00,121.245,121.92856539032508
14981,2026-03-17 05:00:00+00:00,149.775,143.71090484629892
14982,2026-03-17 06:00:00+00:00,168.89000000000001,165.31590603895526
14983,2026-03-17 07:00:00+00:00,153.0275,131.802867015656
14984,2026-03-17 08:00:00+00:00,126.7225,118.69418809958428
14985,2026-03-17 09:00:00+00:00,113.61749999999999,96.60921694997778
14986,2026-03-17 10:00:00+00:00,106.2225,99.11400042151654
14987,2026-03-17 11:00:00+00:00,105.2025,102.69963962232313
14988,2026-03-17 12:00:00+00:00,103.685,103.47283776188279
14989,2026-03-17 13:00:00+00:00,105.83,103.22498885468804
14990,2026-03-17 14:00:00+00:00,119.0275,115.37393861585048
14991,2026-03-17 15:00:00+00:00,138.6325,136.13789613484272
14992,2026-03-17 16:00:00+00:00,166.82,182.88919677502187
14993,2026-03-17 17:00:00+00:00,205.6325,215.32553987619977
14994,2026-03-17 18:00:00+00:00,214.4275,197.69902250940274
14995,2026-03-17 19:00:00+00:00,151.1925,158.01210375919692
14996,2026-03-17 20:00:00+00:00,132.4175,132.95399612691367
14997,2026-03-17 21:00:00+00:00,117.015,119.46557468221566
14998,2026-03-17 22:00:00+00:00,104.2375,110.2067513848444
14999,2026-03-17 23:00:00+00:00,95.1175,107.26268274350404
15000,2026-03-18 00:00:00+00:00,94.8875,104.94447967733856
15001,2026-03-18 01:00:00+00:00,93.2375,104.93007079193715
15002,2026-03-18 02:00:00+00:00,92.25,107.10955107341516
15003,2026-03-18 03:00:00+00:00,94.7625,113.22865866437782
15004,2026-03-18 04:00:00+00:00,105.45,118.92288622649151
15005,2026-03-18 05:00:00+00:00,134.755,152.25001751113598
15006,2026-03-18 06:00:00+00:00,136.6575,134.16644929229517
15007,2026-03-18 07:00:00+00:00,102.1475,97.55264354927007
15008,2026-03-18 08:00:00+00:00,61.9575,47.21756721348259
15009,2026-03-18 09:00:00+00:00,-23.4075,17.335716372899636
15010,2026-03-18 10:00:00+00:00,-15.59,13.344584470155223
15011,2026-03-18 11:00:00+00:00,-15.625,12.682836523163882
15012,2026-03-18 12:00:00+00:00,-4.435,17.973546279244108
15013,2026-03-18 13:00:00+00:00,3.6,23.238296476463255
15014,2026-03-18 14:00:00+00:00,73.08500000000001,86.03890706473625
15015,2026-03-18 15:00:00+00:00,116.7025,124.95665702567402
15016,2026-03-18 16:00:00+00:00,149.005,173.04490959968996
15017,2026-03-18 17:00:00+00:00,182.375,201.50293920252693
15018,2026-03-18 18:00:00+00:00,177.985,197.78337372824842
15019,2026-03-18 19:00:00+00:00,153.355,159.14712729449803
15020,2026-03-18 20:00:00+00:00,135.6575,134.84395635879943
15021,2026-03-18 21:00:00+00:00,126.97749999999999,124.18993454335892
15022,2026-03-18 22:00:00+00:00,117.375,116.09729215525223
15023,2026-03-18 23:00:00+00:00,111.605,111.29039223564801
15024,2026-03-19 00:00:00+00:00,115.07249999999999,110.813282229331
15025,2026-03-19 01:00:00+00:00,116.66,110.69665815793086
15026,2026-03-19 02:00:00+00:00,118.375,109.76010694466959
15027,2026-03-19 03:00:00+00:00,126.3375,112.68078575883634
15028,2026-03-19 04:00:00+00:00,135.93,125.49685031893425
15029,2026-03-19 05:00:00+00:00,164.7025,155.47417938872576
15030,2026-03-19 06:00:00+00:00,159.4025,144.8523210189537
15031,2026-03-19 07:00:00+00:00,133.225,112.79834386839515
15032,2026-03-19 08:00:00+00:00,92.7875,64.93900260028029
15033,2026-03-19 09:00:00+00:00,54.05,37.5800641718701
15034,2026-03-19 10:00:00+00:00,7.385,12.855283605214122
15035,2026-03-19 11:00:00+00:00,1.9649999999999999,25.813237911626207
15036,2026-03-19 12:00:00+00:00,22.9725,59.165213328095106
15037,2026-03-19 13:00:00+00:00,70.175,81.08737627813284
15038,2026-03-19 14:00:00+00:00,102.505,105.44928171669775
15039,2026-03-19 15:00:00+00:00,125.955,128.58519285577265
15040,2026-03-19 16:00:00+00:00,153.01999999999998,178.06487718596426
15041,2026-03-19 17:00:00+00:00,206.905,197.02930292535515
15042,2026-03-19 18:00:00+00:00,212.125,193.59794575495297
15043,2026-03-19 19:00:00+00:00,169.9575,159.82647564381492
15044,2026-03-19 20:00:00+00:00,153.875,140.58135152999378
15045,2026-03-19 21:00:00+00:00,143.985,143.29064597880978
15046,2026-03-19 22:00:00+00:00,136.07,126.61405941254394
15047,2026-03-19 23:00:00+00:00,148.025,124.51524540347634
15048,2026-03-20 00:00:00+00:00,141.93,123.67602456967383
15049,2026-03-20 01:00:00+00:00,140.125,124.60919902929768
15050,2026-03-20 02:00:00+00:00,141.9625,124.83920427301253
15051,2026-03-20 03:00:00+00:00,144.7825,129.2117363573881
15052,2026-03-20 04:00:00+00:00,160.6,141.66842623617177
15053,2026-03-20 05:00:00+00:00,174.595,158.0735384160271
15054,2026-03-20 06:00:00+00:00,171.9125,161.26845121451717
15055,2026-03-20 07:00:00+00:00,149.11,142.88940302132258
15056,2026-03-20 08:00:00+00:00,140.3625,118.75198438224794
15057,2026-03-20 09:00:00+00:00,102.1275,105.35981032480743
15058,2026-03-20 10:00:00+00:00,91.32249999999999,98.89845204039922
15059,2026-03-20 11:00:00+00:00,91.155,99.48418237454378
15060,2026-03-20 12:00:00+00:00,100.435,105.04100492071011
15061,2026-03-20 13:00:00+00:00,113.595,110.79627418554335
15062,2026-03-20 14:00:00+00:00,135.89,124.43775613955876
15063,2026-03-20 15:00:00+00:00,150.9775,151.52059553441217
15064,2026-03-20 16:00:00+00:00,184.95499999999998,178.02258201341857
15065,2026-03-20 17:00:00+00:00,216.21,205.85322202475115
15066,2026-03-20 18:00:00+00:00,218.075,202.18278739967883
15067,2026-03-20 19:00:00+00:00,166.37,160.20387410322638
15068,2026-03-20 20:00:00+00:00,154.2575,144.7699176964555
15069,2026-03-20 21:00:00+00:00,156.7025,135.2038881954647
15070,2026-03-20 22:00:00+00:00,151.855,134.0952491748035
15071,2026-03-20 23:00:00+00:00,146.8025,130.19124499095756
15072,2026-03-21 00:00:00+00:00,137.2275,128.4538771080734
15073,2026-03-21 01:00:00+00:00,129.185,129.17257887637732
15074,2026-03-21 02:00:00+00:00,130.0825,128.1384673946763
15075,2026-03-21 03:00:00+00:00,137.425,130.43347345467797
15076,2026-03-21 04:00:00+00:00,143.065,132.37430279646446
15077,2026-03-21 05:00:00+00:00,147.7175,131.15893343660105
15078,2026-03-21 06:00:00+00:00,133.1625,126.45628761080938
15079,2026-03-21 07:00:00+00:00,96.845,93.18687337290656
15080,2026-03-21 08:00:00+00:00,50.0,46.52132295100054
15081,2026-03-21 09:00:00+00:00,27.012500000000003,24.068994095964918
15082,2026-03-21 10:00:00+00:00,3.6225,10.87487521854945
15083,2026-03-21 11:00:00+00:00,-8.7075,10.621703764708332
15084,2026-03-21 12:00:00+00:00,1.1749999999999998,15.125873551166638
15085,2026-03-21 13:00:00+00:00,37.5525,30.58238984785139
15086,2026-03-21 14:00:00+00:00,85.2175,81.49962673247533
15087,2026-03-21 15:00:00+00:00,122.88,122.87768887864415
15088,2026-03-21 16:00:00+00:00,151.685,145.53472231832123
15089,2026-03-21 17:00:00+00:00,174.165,175.8895135947405
15090,2026-03-21 18:00:00+00:00,164.725,169.46631917746672
15091,2026-03-21 19:00:00+00:00,145.0975,147.24562632255254
15092,2026-03-21 20:00:00+00:00,129.88,125.40227647090452
15093,2026-03-21 21:00:00+00:00,116.75999999999999,112.23712537485082
15094,2026-03-21 22:00:00+00:00,106.3375,103.5783383370567
15095,2026-03-21 23:00:00+00:00,101.98,94.4144004282561
15096,2026-03-22 00:00:00+00:00,98.3575,96.53543064135634
15097,2026-03-22 01:00:00+00:00,97.5175,95.40561139157826
15098,2026-03-22 02:00:00+00:00,98.64,98.82762053786888
15099,2026-03-22 03:00:00+00:00,102.16499999999999,102.75315675399158
15100,2026-03-22 04:00:00+00:00,105.6175,104.73049988855787
15101,2026-03-22 05:00:00+00:00,103.2975,104.10684248117396
15102,2026-03-22 06:00:00+00:00,87.185,83.69161520134638
15103,2026-03-22 07:00:00+00:00,41.86,35.87001612619081
15104,2026-03-22 08:00:00+00:00,5.2749999999999995,23.01832830351908
15105,2026-03-22 09:00:00+00:00,-1.8649999999999998,7.342273576714759
15106,2026-03-22 10:00:00+00:00,-21.475,-3.1852379944261133
15107,2026-03-22 11:00:00+00:00,-14.73,-7.676836575657606
15108,2026-03-22 12:00:00+00:00,-4.4525,14.895258000099407
15109,2026-03-22 13:00:00+00:00,-2.675,39.45821860728227
15110,2026-03-22 14:00:00+00:00,26.68,70.78047801406522
15111,2026-03-22 15:00:00+00:00,107.145,113.5876320441575
15112,2026-03-22 16:00:00+00:00,151.5875,138.51839017001492
15113,2026-03-22 17:00:00+00:00,175.6975,165.6506368750751
15114,2026-03-22 18:00:00+00:00,165.13,154.20188194738998
15115,2026-03-22 19:00:00+00:00,145.81,137.97500797946387
15116,2026-03-22 20:00:00+00:00,137.57999999999998,122.80561795584362
15117,2026-03-22 21:00:00+00:00,131.14,114.5419541678464
15118,2026-03-22 22:00:00+00:00,126.435,109.26924474784751
15119,2026-03-22 23:00:00+00:00,123.24000000000001,106.09436590716243
15120,2026-03-23 00:00:00+00:00,115.4975,102.66334303946684
15121,2026-03-23 01:00:00+00:00,117.8075,104.18507322032785
15122,2026-03-23 02:00:00+00:00,124.6075,105.30925397642287
15123,2026-03-23 03:00:00+00:00,139.7175,108.24426943289302
15124,2026-03-23 04:00:00+00:00,159.715,129.47486912102673
15125,2026-03-23 05:00:00+00:00,183.0125,154.1020955009336
15126,2026-03-23 06:00:00+00:00,158.1575,150.35331166495217
15127,2026-03-23 07:00:00+00:00,116.77250000000001,116.304642925576
15128,2026-03-23 08:00:00+00:00,84.5375,67.89382117537544
15129,2026-03-23 09:00:00+00:00,67.265,30.04162630884794
15130,2026-03-23 10:00:00+00:00,21.970000000000002,21.341018508369835
15131,2026-03-23 11:00:00+00:00,16.1725,34.60466765718107
15132,2026-03-23 12:00:00+00:00,68.3725,83.78046426017723
15133,2026-03-23 13:00:00+00:00,94.345,98.6453673625986
15134,2026-03-23 14:00:00+00:00,116.765,116.05943104649856
15135,2026-03-23 15:00:00+00:00,143.755,142.1743880823705
15136,2026-03-23 16:00:00+00:00,173.305,196.452288469899
15137,2026-03-23 17:00:00+00:00,259.6225,225.73918430429822
15138,2026-03-23 18:00:00+00:00,243.57750000000001,221.20689277761392
15139,2026-03-23 19:00:00+00:00,193.0275,177.5648865366893
15140,2026-03-23 20:00:00+00:00,140.48000000000002,142.35146405107446
15141,2026-03-23 21:00:00+00:00,154.97,138.7210881542021
15142,2026-03-23 22:00:00+00:00,141.6925,135.79195636724816
15143,2026-03-23 23:00:00+00:00,143.6575,129.5937166592157
15144,2026-03-24 00:00:00+00:00,119.6925,119.49569521475607
15145,2026-03-24 01:00:00+00:00,109.205,119.23459213747043
15146,2026-03-24 02:00:00+00:00,102.605,117.27645158157925
15147,2026-03-24 03:00:00+00:00,103.295,116.51710396855482
15148,2026-03-24 04:00:00+00:00,111.73,128.1826211533822
15149,2026-03-24 05:00:00+00:00,128.54,132.15219966176085
15150,2026-03-24 06:00:00+00:00,105.66999999999999,130.57086023771961
15151,2026-03-24 07:00:00+00:00,93.605,99.25746733230783
15152,2026-03-24 08:00:00+00:00,71.0375,75.2615418652442
15153,2026-03-24 09:00:00+00:00,16.8525,39.26947220441638
15154,2026-03-24 10:00:00+00:00,-16.5675,21.51389529424989
15155,2026-03-24 11:00:00+00:00,0.0024999999999999467,26.915286211235895
15156,2026-03-24 12:00:00+00:00,11.6475,37.113901492442594
15157,2026-03-24 13:00:00+00:00,57.7,74.48991022630852
15158,2026-03-24 14:00:00+00:00,99.0875,97.29179637060105
15159,2026-03-24 15:00:00+00:00,122.4975,128.06052063025302
15160,2026-03-24 16:00:00+00:00,143.5,154.64656275809267
15161,2026-03-24 17:00:00+00:00,140.585,166.04444541509932
15162,2026-03-24 18:00:00+00:00,127.35999999999999,148.75859737169833
15163,2026-03-24 19:00:00+00:00,113.1225,136.47130283864664
15164,2026-03-24 20:00:00+00:00,95.6075,111.24615273301838
15165,2026-03-24 21:00:00+00:00,79.285,90.27648084271337
15166,2026-03-24 22:00:00+00:00,47.79,73.60647786451047
15167,2026-03-24 23:00:00+00:00,45.81,70.82906881683463
15168,2026-03-25 00:00:00+00:00,24.04,62.65589488962974
15169,2026-03-25 01:00:00+00:00,4.8125,55.809546550018204
15170,2026-03-25 02:00:00+00:00,4.3925,51.45337144584423
15171,2026-03-25 03:00:00+00:00,8.2725,53.66863643049826
15172,2026-03-25 04:00:00+00:00,23.8325,59.46307815180825
15173,2026-03-25 05:00:00+00:00,70.19,88.9509002607023
15174,2026-03-25 06:00:00+00:00,44.455,84.20516608181997
15175,2026-03-25 07:00:00+00:00,-32.0275,29.466773368605217
15176,2026-03-25 08:00:00+00:00,-26.07,16.500450935937387
15177,2026-03-25 09:00:00+00:00,-10.0,4.308189679040264
15178,2026-03-25 10:00:00+00:00,-1.3275000000000001,9.853085912629194
15179,2026-03-25 11:00:00+00:00,-0.865,17.028469504024983
15180,2026-03-25 12:00:00+00:00,-1.4725,13.708755916090608
15181,2026-03-25 13:00:00+00:00,17.4825,30.16242531799958
15182,2026-03-25 14:00:00+00:00,70.1925,67.32820029203349
15183,2026-03-25 15:00:00+00:00,94.35249999999999,94.46158888916905
15184,2026-03-25 16:00:00+00:00,146.15,130.25258694167837
15185,2026-03-25 17:00:00+00:00,189.7725,150.25168429182028
15186,2026-03-25 18:00:00+00:00,171.5375,146.07704136775956
15187,2026-03-25 19:00:00+00:00,150.2,143.35740289295626
15188,2026-03-25 20:00:00+00:00,125.04249999999999,126.90348656373156
15189,2026-03-25 21:00:00+00:00,114.65,104.59092343460776
15190,2026-03-25 22:00:00+00:00,100.73,103.46944225036246
15191,2026-03-25 23:00:00+00:00,101.3125,102.29403175561187
15192,2026-03-26 00:00:00+00:00,97.27250000000001,97.86473789827338
15193,2026-03-26 01:00:00+00:00,93.5,93.36512882509385
15194,2026-03-26 02:00:00+00:00,97.5825,89.87299911961412
15195,2026-03-26 03:00:00+00:00,99.19,100.84455825900248
15196,2026-03-26 04:00:00+00:00,103.57,114.50050544832914
15197,2026-03-26 05:00:00+00:00,111.3725,124.22762140948569
15198,2026-03-26 06:00:00+00:00,122.9725,139.46107351209005
15199,2026-03-26 07:00:00+00:00,121.17,123.24111362409658
15200,2026-03-26 08:00:00+00:00,98.75999999999999,101.03391336805302
15201,2026-03-26 09:00:00+00:00,90.4,91.37309445337887
15202,2026-03-26 10:00:00+00:00,101.765,97.54400648959964
15203,2026-03-26 11:00:00+00:00,107.3275,96.61301333293979
15204,2026-03-26 12:00:00+00:00,107.9325,99.22362810803499
15205,2026-03-26 13:00:00+00:00,104.9475,97.12167130353652
15206,2026-03-26 14:00:00+00:00,109.16,101.49637124774432
15207,2026-03-26 15:00:00+00:00,118.27250000000001,123.53813597579959
15208,2026-03-26 16:00:00+00:00,123.985,146.3454552765705
15209,2026-03-26 17:00:00+00:00,160.0,176.54541630589011
15210,2026-03-26 18:00:00+00:00,149.26999999999998,171.70094423248744
15211,2026-03-26 19:00:00+00:00,121.1725,149.63973686727678
15212,2026-03-26 20:00:00+00:00,117.135,128.0936577110919
15213,2026-03-26 21:00:00+00:00,119.0875,124.68107004936947
15214,2026-03-26 22:00:00+00:00,115.36749999999999,111.27558446565145
15215,2026-03-26 23:00:00+00:00,114.035,110.9360699994051
15216,2026-03-27 00:00:00+00:00,113.4875,112.09685627438698
15217,2026-03-27 01:00:00+00:00,117.3425,112.73348058893379
15218,2026-03-27 02:00:00+00:00,117.8325,112.37148393111296
15219,2026-03-27 03:00:00+00:00,120.2475,112.89686911575298
15220,2026-03-27 04:00:00+00:00,134.99,118.76667298717555
15221,2026-03-27 05:00:00+00:00,146.88,126.03164267137932
15222,2026-03-27 06:00:00+00:00,127.705,122.97693341403367
15223,2026-03-27 07:00:00+00:00,112.4325,106.28641370689324
15224,2026-03-27 08:00:00+00:00,84.42999999999999,70.79734842226468
15225,2026-03-27 09:00:00+00:00,53.78,55.86247993790182
15226,2026-03-27 10:00:00+00:00,46.824999999999996,50.41677328517912
15227,2026-03-27 11:00:00+00:00,43.2775,50.43019725686308
15228,2026-03-27 12:00:00+00:00,46.345,49.19218161419534
15229,2026-03-27 13:00:00+00:00,70.655,81.8358923397309
15230,2026-03-27 14:00:00+00:00,93.0625,97.83531010207012
15231,2026-03-27 15:00:00+00:00,111.9425,120.28081062008006
15232,2026-03-27 16:00:00+00:00,130.0925,146.74076114457128
15233,2026-03-27 17:00:00+00:00,160.57,163.51497215464707
15234,2026-03-27 18:00:00+00:00,160.0775,159.95822173962176
15235,2026-03-27 19:00:00+00:00,137.925,141.36386279232545
15236,2026-03-27 20:00:00+00:00,121.5575,128.09921331640896
15237,2026-03-27 21:00:00+00:00,116.66,117.56671962734737
15238,2026-03-27 22:00:00+00:00,106.0125,112.35006792129865
15239,2026-03-27 23:00:00+00:00,108.8575,111.8985854446043
15240,2026-03-28 00:00:00+00:00,112.255,112.03556419907736
15241,2026-03-28 01:00:00+00:00,108.7725,112.81662672440865
15242,2026-03-28 02:00:00+00:00,106.765,111.66512791221943
15243,2026-03-28 03:00:00+00:00,105.9125,111.72997578097191
15244,2026-03-28 04:00:00+00:00,104.2175,112.94165579544966
15245,2026-03-28 05:00:00+00:00,102.8075,115.26155876116913
15246,2026-03-28 06:00:00+00:00,94.4875,104.85828349534296
15247,2026-03-28 07:00:00+00:00,68.3,86.89622857613266
15248,2026-03-28 08:00:00+00:00,44.97,61.2830087578912
15249,2026-03-28 09:00:00+00:00,17.5825,25.95289378141104
15250,2026-03-28 10:00:00+00:00,7.827500000000001,15.666067290922284
15251,2026-03-28 11:00:00+00:00,6.7075,13.783686012071266
15252,2026-03-28 12:00:00+00:00,7.9375,27.333343326779755
15253,2026-03-28 13:00:00+00:00,20.895,52.21982725098399
15254,2026-03-28 14:00:00+00:00,74.7,89.01531917383767
15255,2026-03-28 15:00:00+00:00,111.0575,119.0348258208242
15256,2026-03-28 16:00:00+00:00,119.11500000000001,129.7903772705694
15257,2026-03-28 17:00:00+00:00,142.57,153.35177722070472
15258,2026-03-28 18:00:00+00:00,154.07,155.1118380901161
15259,2026-03-28 19:00:00+00:00,144.8525,145.21394764336287
15260,2026-03-28 20:00:00+00:00,131.7825,126.31596036409461
15261,2026-03-28 21:00:00+00:00,126.3875,119.42977706694795
15262,2026-03-28 22:00:00+00:00,119.58,109.99039554608085
15263,2026-03-28 23:00:00+00:00,115.46000000000001,106.11326226443317
15264,2026-03-29 00:00:00+00:00,108.8175,102.00092286794266
15265,2026-03-29 01:00:00+00:00,105.1,100.75064341036965
15266,2026-03-29 02:00:00+00:00,111.155,101.17718293927523
15267,2026-03-29 03:00:00+00:00,108.655,101.75908941963345
15268,2026-03-29 04:00:00+00:00,109.9025,103.22995969350649
15269,2026-03-29 05:00:00+00:00,114.955,106.02050062691866
15270,2026-03-29 06:00:00+00:00,115.0,103.64482800590473
15271,2026-03-29 07:00:00+00:00,108.255,81.06128319829195
15272,2026-03-29 08:00:00+00:00,87.36,65.7294364804611
15273,2026-03-29 09:00:00+00:00,70.0125,38.65495605147586
15274,2026-03-29 10:00:00+00:00,48.5025,31.773801055982204
15275,2026-03-29 11:00:00+00:00,42.1925,16.61803155436146
15276,2026-03-29 12:00:00+00:00,26.68,18.272569579199285
15277,2026-03-29 13:00:00+00:00,34.0025,30.358670030940566
15278,2026-03-29 14:00:00+00:00,70.785,82.3024680054025
15279,2026-03-29 15:00:00+00:00,104.39750000000001,110.91267805560231
15280,2026-03-29 16:00:00+00:00,115.0,121.77290562133318
15281,2026-03-29 17:00:00+00:00,148.26,157.30457526947518
15282,2026-03-29 18:00:00+00:00,143.995,153.1050001882706
15283,2026-03-29 19:00:00+00:00,130.6925,142.36587481780606
15284,2026-03-29 20:00:00+00:00,125.7275,126.25415205589425
15285,2026-03-29 21:00:00+00:00,110.0,113.00547039477246
15286,2026-03-29 22:00:00+00:00,94.175,98.39351386556699
15287,2026-03-29 23:00:00+00:00,77.59,93.13756324921336
15288,2026-03-30 00:00:00+00:00,51.3,80.60587523138963
15289,2026-03-30 01:00:00+00:00,57.6175,81.63608247321528
15290,2026-03-30 02:00:00+00:00,74.68,88.47429200716499
15291,2026-03-30 03:00:00+00:00,94.285,99.05067424492711
15292,2026-03-30 04:00:00+00:00,140.2575,130.32522953544037
15293,2026-03-30 05:00:00+00:00,165.9825,155.06663410679238
15294,2026-03-30 06:00:00+00:00,129.0375,129.99688579420192
15295,2026-03-30 07:00:00+00:00,108.86,107.2172666686651
15296,2026-03-30 08:00:00+00:00,81.3375,83.812455961552
15297,2026-03-30 09:00:00+00:00,72.1325,50.82568847091137
15298,2026-03-30 10:00:00+00:00,65.89750000000001,46.01518430953655
15299,2026-03-30 11:00:00+00:00,61.042500000000004,53.78128819125097
15300,2026-03-30 12:00:00+00:00,70.8875,69.33715025703265
15301,2026-03-30 13:00:00+00:00,98.89,100.47982498432162
15302,2026-03-30 14:00:00+00:00,107.48,114.29564345030539
15303,2026-03-30 15:00:00+00:00,122.815,142.2654255504196
15304,2026-03-30 16:00:00+00:00,149.3925,178.828156244346
15305,2026-03-30 17:00:00+00:00,201.385,216.09842262686456
15306,2026-03-30 18:00:00+00:00,179.47,211.14141607265222
15307,2026-03-30 19:00:00+00:00,140.025,165.45201048900972
15308,2026-03-30 20:00:00+00:00,122.52250000000001,139.28260506812984
15309,2026-03-30 21:00:00+00:00,106.9,113.62784724878584
15310,2026-03-30 22:00:00+00:00,109.8425,107.78379295711063
15311,2026-03-30 23:00:00+00:00,103.4175,102.50652074296092
15312,2026-03-31 00:00:00+00:00,102.29249999999999,102.11455958998665
15313,2026-03-31 01:00:00+00:00,103.0875,101.3177703109944
15314,2026-03-31 02:00:00+00:00,104.225,101.96837998213422
15315,2026-03-31 03:00:00+00:00,107.39750000000001,109.00430128820074
15316,2026-03-31 04:00:00+00:00,167.0025,144.84266985374472
15317,2026-03-31 05:00:00+00:00,186.5025,170.23937791443
15318,2026-03-31 06:00:00+00:00,172.6525,146.3842659519551
15319,2026-03-31 07:00:00+00:00,145.2625,125.57286576035
15320,2026-03-31 08:00:00+00:00,125.60249999999999,107.15330335224742
15321,2026-03-31 09:00:00+00:00,112.595,103.60321397851608
15322,2026-03-31 10:00:00+00:00,102.675,99.6503381974464
15323,2026-03-31 11:00:00+00:00,89.9975,95.77920918886696
15324,2026-03-31 12:00:00+00:00,81.9875,91.24438954385322
15325,2026-03-31 13:00:00+00:00,88.8975,95.60465192803146
15326,2026-03-31 14:00:00+00:00,100.0875,101.50691546456984
15327,2026-03-31 15:00:00+00:00,115.855,121.568326349431
15328,2026-03-31 16:00:00+00:00,146.8875,146.7232955135536
15329,2026-03-31 17:00:00+00:00,182.17249999999999,198.5303225096668
15330,2026-03-31 18:00:00+00:00,175.1825,187.1738868814931
15331,2026-03-31 19:00:00+00:00,162.08,156.09391132789676
15332,2026-03-31 20:00:00+00:00,158.6175,139.42676804264792
15333,2026-03-31 21:00:00+00:00,149.1125,127.24418221770209
15334,2026-03-31 22:00:00+00:00,144.2275,125.85127721363875
15335,2026-03-31 23:00:00+00:00,127.6575,118.75245936359144
15336,2026-04-01 00:00:00+00:00,125.8475,114.37426017591024
15337,2026-04-01 01:00:00+00:00,129.4275,116.75052403266181
15338,2026-04-01 02:00:00+00:00,136.475,120.03532894013668
15339,2026-04-01 03:00:00+00:00,150.66,123.84719196997969
15340,2026-04-01 04:00:00+00:00,174.91,148.52947741289952
15341,2026-04-01 05:00:00+00:00,198.02249999999998,178.51791286336163
15342,2026-04-01 06:00:00+00:00,146.7175,147.04900371826577
15343,2026-04-01 07:00:00+00:00,140.3125,128.6443313826089
15344,2026-04-01 08:00:00+00:00,106.5625,98.52988352609442
15345,2026-04-01 09:00:00+00:00,81.85,60.06743214718369
15346,2026-04-01 10:00:00+00:00,78.67750000000001,55.99813812126626
15347,2026-04-01 11:00:00+00:00,60.307500000000005,51.13743834208365
15348,2026-04-01 12:00:00+00:00,59.85,40.10851684845176
15349,2026-04-01 13:00:00+00:00,79.9975,52.607593773765075
15350,2026-04-01 14:00:00+00:00,100.88,80.37039524885527
15351,2026-04-01 15:00:00+00:00,128.9975,120.17163221469781
15352,2026-04-01 16:00:00+00:00,146.1525,154.18131125560268
15353,2026-04-01 17:00:00+00:00,190.3075,194.33165236426692
15354,2026-04-01 18:00:00+00:00,179.85,197.3787130314735
15355,2026-04-01 19:00:00+00:00,163.295,157.17592755435794
15356,2026-04-01 20:00:00+00:00,153.07,146.85175106626986
15357,2026-04-01 21:00:00+00:00,134.07750000000001,130.78851173264064
15358,2026-04-01 22:00:00+00:00,127.51249999999999,126.12393623064952
15359,2026-04-01 23:00:00+00:00,118.995,120.92794553172736
15360,2026-04-02 00:00:00+00:00,114.13,117.41114788899044
15361,2026-04-02 01:00:00+00:00,109.69500000000001,117.16999921661825
15362,2026-04-02 02:00:00+00:00,107.73,118.87652634970468
15363,2026-04-02 03:00:00+00:00,119.395,125.10355439090539
15364,2026-04-02 04:00:00+00:00,152.96,153.4835777679746
15365,2026-04-02 05:00:00+00:00,160.0075,177.8854419283649
15366,2026-04-02 06:00:00+00:00,133.835,133.41925841544847
15367,2026-04-02 07:00:00+00:00,89.7825,100.66932185188756
15368,2026-04-02 08:00:00+00:00,60.4025,53.728736127364236
15369,2026-04-02 09:00:00+00:00,32.3275,40.85346687941018
15370,2026-04-02 10:00:00+00:00,7.8825,26.504153097339145
15371,2026-04-02 11:00:00+00:00,0.3,20.51984843822764
15372,2026-04-02 12:00:00+00:00,30.464999999999996,23.143630091561278
15373,2026-04-02 13:00:00+00:00,62.69,59.58059374834096
15374,2026-04-02 14:00:00+00:00,97.1925,89.10490705571036
15375,2026-04-02 15:00:00+00:00,110.06,115.49249157955227
15376,2026-04-02 16:00:00+00:00,131.725,161.8309232190947
15377,2026-04-02 17:00:00+00:00,161.7,190.07646137366876
15378,2026-04-02 18:00:00+00:00,159.51749999999998,193.3299982677525
15379,2026-04-02 19:00:00+00:00,139.355,159.5845198941157
15380,2026-04-02 20:00:00+00:00,134.76,142.30495640091797
15381,2026-04-02 21:00:00+00:00,122.775,132.17594272311078
15382,2026-04-02 22:00:00+00:00,134.02,128.2937685229541
15383,2026-04-02 23:00:00+00:00,121.92,119.87823284957817
15384,2026-04-03 00:00:00+00:00,119.6525,115.79364243510787
15385,2026-04-03 01:00:00+00:00,118.2125,113.79037812075072
15386,2026-04-03 02:00:00+00:00,121.1225,112.20035016643006
15387,2026-04-03 03:00:00+00:00,125.215,119.86168466124629
15388,2026-04-03 04:00:00+00:00,132.755,130.31935123816643
15389,2026-04-03 05:00:00+00:00,133.72500000000002,145.15139487107697
15390,2026-04-03 06:00:00+00:00,130.93,122.40366987257181
15391,2026-04-03 07:00:00+00:00,106.3925,93.19182582896467
15392,2026-04-03 08:00:00+00:00,85.8625,52.076622262427854
15393,2026-04-03 09:00:00+00:00,51.1875,24.96438154465711
15394,2026-04-03 10:00:00+00:00,24.5175,21.086085317036225
15395,2026-04-03 11:00:00+00:00,7.6025,11.058644886589587
15396,2026-04-03 12:00:00+00:00,2.7075,11.776779281616136
15397,2026-04-03 13:00:00+00:00,15.379999999999999,32.20266742561381
15398,2026-04-03 14:00:00+00:00,51.7025,60.313547424059465
15399,2026-04-03 15:00:00+00:00,99.52,98.54385445156746
15400,2026-04-03 16:00:00+00:00,114.02,135.2027069931128
15401,2026-04-03 17:00:00+00:00,177.79000000000002,168.5570969956725
15402,2026-04-03 18:00:00+00:00,185.54500000000002,167.28079554753623
15403,2026-04-03 19:00:00+00:00,114.9525,151.08310379670127
15404,2026-04-03 20:00:00+00:00,103.7975,141.00256260695713
15405,2026-04-03 21:00:00+00:00,109.875,124.45715677153662
15406,2026-04-03 22:00:00+00:00,98.335,118.7679301296159
15407,2026-04-03 23:00:00+00:00,93.455,103.5814015672945
15408,2026-04-04 00:00:00+00:00,78.5025,100.16112247326633
15409,2026-04-04 01:00:00+00:00,77.7025,90.56602875429013
15410,2026-04-04 02:00:00+00:00,61.16,86.98209890690843
15411,2026-04-04 03:00:00+00:00,49.045,86.80617272700505
15412,2026-04-04 04:00:00+00:00,34.7425,87.89887468876525
15413,2026-04-04 05:00:00+00:00,44.285,86.76174913989209
15414,2026-04-04 06:00:00+00:00,21.0375,40.102132239042376
15415,2026-04-04 07:00:00+00:00,13.605,34.723946282704766
15416,2026-04-04 08:00:00+00:00,5.005,12.617908000900195
15417,2026-04-04 09:00:00+00:00,1.4825,12.735134075979989
15418,2026-04-04 10:00:00+00:00,0.22499999999999998,22.231770443555632
15419,2026-04-04 11:00:00+00:00,-0.02,25.99300338863467
15420,2026-04-04 12:00:00+00:00,-0.01,12.797538097821546
15421,2026-04-04 13:00:00+00:00,0.0325,10.711652386569773
15422,2026-04-04 14:00:00+00:00,11.38,24.466219775812938
15423,2026-04-04 15:00:00+00:00,64.8275,27.32319149350189
15424,2026-04-04 16:00:00+00:00,112.74,42.69672637811471
15425,2026-04-04 17:00:00+00:00,152.74,105.72545662395318
15426,2026-04-04 18:00:00+00:00,139.575,138.01451147006108
15427,2026-04-04 19:00:00+00:00,107.23,120.63999139010504
15428,2026-04-04 20:00:00+00:00,97.295,107.70887120529088
15429,2026-04-04 21:00:00+00:00,91.235,105.85742025151791
15430,2026-04-04 22:00:00+00:00,90.565,100.95857979987119
15431,2026-04-04 23:00:00+00:00,93.44,93.8135902287547
15432,2026-04-05 00:00:00+00:00,91.905,90.56896056041478
15433,2026-04-05 01:00:00+00:00,84.155,83.19027614907783
15434,2026-04-05 02:00:00+00:00,65.0175,77.206743076175
15435,2026-04-05 03:00:00+00:00,36.18,78.34798597098629
15436,2026-04-05 04:00:00+00:00,3.515,72.39421739601447
15437,2026-04-05 05:00:00+00:00,-1.0875000000000001,85.0498291091124
15438,2026-04-05 06:00:00+00:00,-3.555,50.00245251785512
15439,2026-04-05 07:00:00+00:00,-15.68,14.788604764755275
15440,2026-04-05 08:00:00+00:00,-62.290000000000006,1.8994109288838317
15441,2026-04-05 09:00:00+00:00,-137.0,-3.306450782283806
15442,2026-04-05 10:00:00+00:00,-181.505,-17.862664743461945
15443,2026-04-05 11:00:00+00:00,-198.0525,-21.329013883892586
15444,2026-04-05 12:00:00+00:00,-152.015,-14.37219059355983
15445,2026-04-05 13:00:00+00:00,-81.73,-6.573566434820422
15446,2026-04-05 14:00:00+00:00,-37.1725,46.684144666448816
15447,2026-04-05 15:00:00+00:00,-9.885,78.32685514257288
15448,2026-04-05 16:00:00+00:00,1.255,96.439375172462
15449,2026-04-05 17:00:00+00:00,44.207499999999996,125.73679441719871
15450,2026-04-05 18:00:00+00:00,85.6375,118.9081737677654
15451,2026-04-05 19:00:00+00:00,87.15,108.277144132157
15452,2026-04-05 20:00:00+00:00,84.1425,99.59923577151375
15453,2026-04-05 21:00:00+00:00,60.027499999999996,91.13399838446757
15454,2026-04-05 22:00:00+00:00,-2.5175,73.2126702420535
15455,2026-04-05 23:00:00+00:00,6.2275,69.75571011973682
15456,2026-04-06 00:00:00+00:00,1.1125,67.18583859163734
15457,2026-04-06 01:00:00+00:00,1.58,60.1728906143268
15458,2026-04-06 02:00:00+00:00,1.175,39.35443517011546
15459,2026-04-06 03:00:00+00:00,-0.96,43.95920171442803
15460,2026-04-06 04:00:00+00:00,-1.6,48.30208831920085
15461,2026-04-06 05:00:00+00:00,-0.6975,80.57622060040376
15462,2026-04-06 06:00:00+00:00,0.3375,45.19412122340181
15463,2026-04-06 07:00:00+00:00,-14.467500000000001,28.364555598327616
15464,2026-04-06 08:00:00+00:00,-33.019999999999996,25.837468261247324
15465,2026-04-06 09:00:00+00:00,-97.0,-4.019249300269866
15466,2026-04-06 10:00:00+00:00,-112.2875,-8.94980392173577
15467,2026-04-06 11:00:00+00:00,-136.64,-42.45151044638374
15468,2026-04-06 12:00:00+00:00,-146.8125,-10.150692715948981
15469,2026-04-06 13:00:00+00:00,-89.71249999999999,-13.90237784354059
15470,2026-04-06 14:00:00+00:00,-28.8375,0.1291240501906934
15471,2026-04-06 15:00:00+00:00,-5.1075,11.61991460649385
15472,2026-04-06 16:00:00+00:00,41.730000000000004,12.021107711790906
15473,2026-04-06 17:00:00+00:00,101.0925,29.55069271597772
15474,2026-04-06 18:00:00+00:00,115.22,44.43394984946187
15475,2026-04-06 19:00:00+00:00,111.115,29.283276811938144
15476,2026-04-06 20:00:00+00:00,107.48,25.721851958113916
15477,2026-04-06 21:00:00+00:00,110.235,22.061661860526833
15478,2026-04-06 22:00:00+00:00,91.3175,-2.1008366074370413
15479,2026-04-06 23:00:00+00:00,88.295,-0.6825534106025384
15480,2026-04-07 00:00:00+00:00,91.30000000000001,-4.381863723721008
15481,2026-04-07 01:00:00+00:00,97.7475,-2.2905698573758317
15482,2026-04-07 02:00:00+00:00,97.0125,3.1984780135427853
15483,2026-04-07 03:00:00+00:00,104.6625,6.550391566829647
15484,2026-04-07 04:00:00+00:00,142.28,54.080734458021226
15485,2026-04-07 05:00:00+00:00,168.005,82.01105812954704
15486,2026-04-07 06:00:00+00:00,125.195,15.933739454196557
15487,2026-04-07 07:00:00+00:00,67.9325,13.086214427273685
15488,2026-04-07 08:00:00+00:00,10.52,13.928316193587616
15489,2026-04-07 09:00:00+00:00,-0.007499999999999979,14.847336736368753
15490,2026-04-07 10:00:00+00:00,-3.01,13.603941536464488
15491,2026-04-07 11:00:00+00:00,-10.705,18.038626860056027
15492,2026-04-07 12:00:00+00:00,-11.0725,14.560735115323785
15493,2026-04-07 13:00:00+00:00,-5.3675,13.150420939593596
15494,2026-04-07 14:00:00+00:00,3.4349999999999996,13.088987402370321
15495,2026-04-07 15:00:00+00:00,82.4925,32.393059349174365
15496,2026-04-07 16:00:00+00:00,135.38,97.14181354632501
15497,2026-04-07 17:00:00+00:00,183.27,121.20774198617757
15498,2026-04-07 18:00:00+00:00,181.5475,124.72687909921834
15499,2026-04-07 19:00:00+00:00,144.7575,123.98599010099751
15500,2026-04-07 20:00:00+00:00,130.355,112.02240652889942
15501,2026-04-07 21:00:00+00:00,119.7475,96.72268381514324
15502,2026-04-07 22:00:00+00:00,108.7625,83.11041232091264
15503,2026-04-07 23:00:00+00:00,103.8775,82.32048834506455
15504,2026-04-08 00:00:00+00:00,102.4375,84.01320387764929
15505,2026-04-08 01:00:00+00:00,105.57,85.97545645986087
15506,2026-04-08 02:00:00+00:00,109.7125,89.12165795364969
15507,2026-04-08 03:00:00+00:00,118.9325,97.94291957333215
15508,2026-04-08 04:00:00+00:00,144.26999999999998,127.52265595915864
15509,2026-04-08 05:00:00+00:00,163.245,149.26069462722018
15510,2026-04-08 06:00:00+00:00,134.7175,125.75979465118343
15511,2026-04-08 07:00:00+00:00,95.0675,106.87154091679373
15512,2026-04-08 08:00:00+00:00,78.7975,94.53200671297043
15513,2026-04-08 09:00:00+00:00,57.830000000000005,97.15298105608103
15514,2026-04-08 10:00:00+00:00,47.5,95.40424290291466
15515,2026-04-08 11:00:00+00:00,31.0775,95.08214928126819
15516,2026-04-08 12:00:00+00:00,20.4825,94.65869021889544
15517,2026-04-08 13:00:00+00:00,25.2825,96.084008815269
15518,2026-04-08 14:00:00+00:00,46.09,96.34444402351457
15519,2026-04-08 15:00:00+00:00,102.33500000000001,119.13510704562675
15520,2026-04-08 16:00:00+00:00,136.7375,137.20104317144248
15521,2026-04-08 17:00:00+00:00,166.20499999999998,153.8300058630107
15522,2026-04-08 18:00:00+00:00,160.595,161.63872173586057
15523,2026-04-08 19:00:00+00:00,135.6825,143.46967982653192
15524,2026-04-08 20:00:00+00:00,115.4275,127.6422270678687
15525,2026-04-08 21:00:00+00:00,103.56,113.96365666595194
15526,2026-04-08 22:00:00+00:00,103.6325,110.94736987208205
15527,2026-04-08 23:00:00+00:00,98.3425,109.46444129500053
15528,2026-04-09 00:00:00+00:00,99.88499999999999,108.83193041032784
15529,2026-04-09 01:00:00+00:00,102.14750000000001,107.55573978010632
15530,2026-04-09 02:00:00+00:00,106.0625,109.81025973384594
15531,2026-04-09 03:00:00+00:00,116.9925,113.65757274049415
15532,2026-04-09 04:00:00+00:00,146.5625,142.84337308600342
15533,2026-04-09 05:00:00+00:00,147.1125,156.2558844051988
15534,2026-04-09 06:00:00+00:00,127.61500000000001,126.47349674710922
15535,2026-04-09 07:00:00+00:00,95.8975,104.41776312620564
15536,2026-04-09 08:00:00+00:00,40.6475,60.99518391644656
15537,2026-04-09 09:00:00+00:00,1.23,49.658544064719635
15538,2026-04-09 10:00:00+00:00,-1.1225,45.452724505543614
15539,2026-04-09 11:00:00+00:00,-4.92,44.606385595848366
15540,2026-04-09 12:00:00+00:00,-4.7225,33.076741238012296
15541,2026-04-09 13:00:00+00:00,-0.6749999999999999,40.592491057129834
15542,2026-04-09 14:00:00+00:00,56.72,83.24977749311982
15543,2026-04-09 15:00:00+00:00,106.97999999999999,103.70976538166258
15544,2026-04-09 16:00:00+00:00,126.695,138.98434398836483
15545,2026-04-09 17:00:00+00:00,170.1925,168.61258740249636
15546,2026-04-09 18:00:00+00:00,188.56,173.96772820284932
15547,2026-04-09 19:00:00+00:00,119.4975,151.75929585355283
15548,2026-04-09 20:00:00+00:00,118.52,129.41351323587418
15549,2026-04-09 21:00:00+00:00,106.265,114.40943878779845
15550,2026-04-09 22:00:00+00:00,99.025,114.09933149544997
15551,2026-04-09 23:00:00+00:00,97.06,109.96072006038122
15552,2026-04-10 00:00:00+00:00,97.4,109.24877057749865
15553,2026-04-10 01:00:00+00:00,98.045,109.77508625437912
15554,2026-04-10 02:00:00+00:00,95.995,109.19691530848587
15555,2026-04-10 03:00:00+00:00,100.55499999999999,115.19878503529708
15556,2026-04-10 04:00:00+00:00,123.95,132.5791963193908
15557,2026-04-10 05:00:00+00:00,128.0025,150.7360840544067
15558,2026-04-10 06:00:00+00:00,121.7575,118.13870758783416
15559,2026-04-10 07:00:00+00:00,106.4175,56.80234317579886
15560,2026-04-10 08:00:00+00:00,96.83,31.784306753780946
15561,2026-04-10 09:00:00+00:00,83.0075,35.27226795642283
15562,2026-04-10 10:00:00+00:00,76.405,44.22528260300153
15563,2026-04-10 11:00:00+00:00,77.405,38.26347261448505
15564,2026-04-10 12:00:00+00:00,84.67750000000001,23.696694213794515
15565,2026-04-10 13:00:00+00:00,97.4375,29.092285867421257
15566,2026-04-10 14:00:00+00:00,112.0975,79.86574960130751
15567,2026-04-10 15:00:00+00:00,134.79,115.12010937068537
15568,2026-04-10 16:00:00+00:00,154.92000000000002,158.1334342460942
15569,2026-04-10 17:00:00+00:00,232.7325,179.5870618933062
15570,2026-04-10 18:00:00+00:00,267.445,178.36361087432542
15571,2026-04-10 19:00:00+00:00,175.2775,150.34912890466083
15572,2026-04-10 20:00:00+00:00,146.53,133.42604291220673
15573,2026-04-10 21:00:00+00:00,133.165,116.61062615625612
15574,2026-04-10 22:00:00+00:00,126.0725,112.58712283884434
15575,2026-04-10 23:00:00+00:00,123.2,112.22470776138509
15576,2026-04-11 00:00:00+00:00,117.62,111.34691857677983
15577,2026-04-11 01:00:00+00:00,116.9175,111.32679901840208
15578,2026-04-11 02:00:00+00:00,115.8925,111.59107445273234
15579,2026-04-11 03:00:00+00:00,113.0475,110.74843987765624
15580,2026-04-11 04:00:00+00:00,111.1625,125.25809550294731
15581,2026-04-11 05:00:00+00:00,114.175,126.39220378480681
15582,2026-04-11 06:00:00+00:00,103.1275,105.95600660160133
15583,2026-04-11 07:00:00+00:00,51.9425,79.6393139903908
15584,2026-04-11 08:00:00+00:00,-1.1475,41.08490134507956
15585,2026-04-11 09:00:00+00:00,0.0025000000000000022,33.73477818271635
15586,2026-04-11 10:00:00+00:00,0.0025,49.308401029614245
15587,2026-04-11 11:00:00+00:00,0.305,53.45415032350822
15588,2026-04-11 12:00:00+00:00,3.3225,34.75746961096148
15589,2026-04-11 13:00:00+00:00,14.815000000000001,32.1088672537312
15590,2026-04-11 14:00:00+00:00,76.865,46.6129678762987
15591,2026-04-11 15:00:00+00:00,117.07,95.866295138223
15592,2026-04-11 16:00:00+00:00,151.5175,134.78628952107258
15593,2026-04-11 17:00:00+00:00,170.06,180.6597564503381
15594,2026-04-11 18:00:00+00:00,145.53,191.37165833335573
15595,2026-04-11 19:00:00+00:00,114.655,141.80443041292293
15596,2026-04-11 20:00:00+00:00,105.60249999999999,123.83614088555922
15597,2026-04-11 21:00:00+00:00,107.5675,117.55092596300574
15598,2026-04-11 22:00:00+00:00,100.0975,111.4294617133075
15599,2026-04-11 23:00:00+00:00,97.8625,98.83311087572248
15600,2026-04-12 00:00:00+00:00,97.625,92.21572803201074
15601,2026-04-12 01:00:00+00:00,97.50750000000001,94.4418712734269
15602,2026-04-12 02:00:00+00:00,98.2175,98.97402992644984
15603,2026-04-12 03:00:00+00:00,99.3925,103.9329511128715
15604,2026-04-12 04:00:00+00:00,100.8825,103.96885302681092
15605,2026-04-12 05:00:00+00:00,98.02250000000001,104.2203911241297
15606,2026-04-12 06:00:00+00:00,70.89,35.011970335430945
15607,2026-04-12 07:00:00+00:00,31.427500000000002,25.330979372999423
15608,2026-04-12 08:00:00+00:00,2.5974999999999997,2.723875485681085
15609,2026-04-12 09:00:00+00:00,0.9025000000000001,-4.744566802976764
15610,2026-04-12 10:00:00+00:00,6.515,-17.306212213743898
15611,2026-04-12 11:00:00+00:00,0.8525,-14.710003099248631
15612,2026-04-12 12:00:00+00:00,1.9125,-7.8481507140121565
15613,2026-04-12 13:00:00+00:00,15.6675,4.0460527470961285
15614,2026-04-12 14:00:00+00:00,63.7775,27.22627864595039
15615,2026-04-12 15:00:00+00:00,105.33,92.04694989897786
15616,2026-04-12 16:00:00+00:00,131.815,132.2992231355339
15617,2026-04-12 17:00:00+00:00,143.3825,157.22023086087384
15618,2026-04-12 18:00:00+00:00,145.6725,141.4489546666824
15619,2026-04-12 19:00:00+00:00,136.73250000000002,120.78533845427765
15620,2026-04-12 20:00:00+00:00,130.6075,109.64038815631457
15621,2026-04-12 21:00:00+00:00,121.02250000000001,95.94477541631721
15622,2026-04-12 22:00:00+00:00,116.8725,86.89142278076787
15623,2026-04-12 23:00:00+00:00,109.795,82.79674087036257
15624,2026-04-13 00:00:00+00:00,107.775,76.16626946506182
15625,2026-04-13 01:00:00+00:00,108.36,71.91806992763486
15626,2026-04-13 02:00:00+00:00,110.5325,74.92218416516151
15627,2026-04-13 03:00:00+00:00,119.955,74.19862620047131
15628,2026-04-13 04:00:00+00:00,136.49,107.4257471856038
15629,2026-04-13 05:00:00+00:00,144.4375,140.04614465279784
15630,2026-04-13 06:00:00+00:00,149.7275,116.18701458481215
15631,2026-04-13 07:00:00+00:00,102.3125,47.78889058627297
15632,2026-04-13 08:00:00+00:00,56.3025,12.732096030539942
15633,2026-04-13 09:00:00+00:00,43.97,12.587322634634607
15634,2026-04-13 10:00:00+00:00,17.7575,12.611634938954781
15635,2026-04-13 11:00:00+00:00,18.8425,16.09777451769977
15636,2026-04-13 12:00:00+00:00,28.197499999999998,7.994393724797763
15637,2026-04-13 13:00:00+00:00,35.72,8.02276901814602
15638,2026-04-13 14:00:00+00:00,91.74,25.213213415177428
15639,2026-04-13 15:00:00+00:00,132.6825,79.19589514519231
15640,2026-04-13 16:00:00+00:00,149.535,107.58397559580102
15641,2026-04-13 17:00:00+00:00,164.68,136.526625443238
15642,2026-04-13 18:00:00+00:00,158.41,140.99452531601773
15643,2026-04-13 19:00:00+00:00,137.485,132.71887290087568
15644,2026-04-13 20:00:00+00:00,126.89,90.31262904846763
15645,2026-04-13 21:00:00+00:00,121.8875,87.21544450776778
15646,2026-04-13 22:00:00+00:00,103.71,88.46642661763579
15647,2026-04-13 23:00:00+00:00,98.805,85.37437491151513
15648,2026-04-14 00:00:00+00:00,99.9975,83.59052887459684
15649,2026-04-14 01:00:00+00:00,100.8025,81.54624298047993
15650,2026-04-14 02:00:00+00:00,100.335,75.35337565392666
15651,2026-04-14 03:00:00+00:00,102.7125,78.46124944919866
15652,2026-04-14 04:00:00+00:00,117.585,106.12146115891854
15653,2026-04-14 05:00:00+00:00,163.1475,133.2583430414434
15654,2026-04-14 06:00:00+00:00,159.5825,120.08547101784421
15655,2026-04-14 07:00:00+00:00,139.2075,96.26172803658241
15656,2026-04-14 08:00:00+00:00,107.275,43.20084154807435
15657,2026-04-14 09:00:00+00:00,102.2975,31.927836256009403
15658,2026-04-14 10:00:00+00:00,103.91,23.720277416258128
15659,2026-04-14 11:00:00+00:00,101.9875,41.45219099256109
15660,2026-04-14 12:00:00+00:00,107.745,46.902803442982815
15661,2026-04-14 13:00:00+00:00,120.275,89.37844060309642
15662,2026-04-14 14:00:00+00:00,127.735,112.2020348492298
15663,2026-04-14 15:00:00+00:00,141.865,142.85184756018188
15664,2026-04-14 16:00:00+00:00,162.3875,175.64350880103441
15665,2026-04-14 17:00:00+00:00,220.1975,192.8640958975795
15666,2026-04-14 18:00:00+00:00,228.3225,200.34681800009994
15667,2026-04-14 19:00:00+00:00,167.6925,157.44520108387957
15668,2026-04-14 20:00:00+00:00,149.66,141.03965841887788
15669,2026-04-14 21:00:00+00:00,136.7175,124.44880417862473
15670,2026-04-14 22:00:00+00:00,122.345,112.69724176286171
15671,2026-04-14 23:00:00+00:00,117.6725,107.3412241419486
15672,2026-04-15 00:00:00+00:00,113.0525,104.28810923372272
15673,2026-04-15 01:00:00+00:00,111.47749999999999,105.87082175894595
15674,2026-04-15 02:00:00+00:00,112.0475,107.31517374177507
15675,2026-04-15 03:00:00+00:00,124.8425,110.58845672789943
15676,2026-04-15 04:00:00+00:00,150.28,131.78217703572068
15677,2026-04-15 05:00:00+00:00,158.7225,164.45378613691554
15678,2026-04-15 06:00:00+00:00,140.3925,148.25342732544144
15679,2026-04-15 07:00:00+00:00,116.4225,123.42059731727949
15680,2026-04-15 08:00:00+00:00,102.4675,96.42715231631266
15681,2026-04-15 09:00:00+00:00,91.05,77.66847585759014
15682,2026-04-15 10:00:00+00:00,88.925,67.24345662692566
15683,2026-04-15 11:00:00+00:00,83.45,64.13540796041273
15684,2026-04-15 12:00:00+00:00,80.1725,60.49325952193576
15685,2026-04-15 13:00:00+00:00,88.9675,77.51789284340921
15686,2026-04-15 14:00:00+00:00,98.7825,96.36523198359177
15687,2026-04-15 15:00:00+00:00,123.2075,124.41648655562767
15688,2026-04-15 16:00:00+00:00,146.1825,165.64123186991023
15689,2026-04-15 17:00:00+00:00,183.585,216.10706846631274
15690,2026-04-15 18:00:00+00:00,186.16250000000002,224.70037414439474
15691,2026-04-15 19:00:00+00:00,150.79,164.85769851857697
15692,2026-04-15 20:00:00+00:00,133.12,145.29086039184446
15693,2026-04-15 21:00:00+00:00,118.1675,135.20811530725842
15694,2026-04-15 22:00:00+00:00,106.38250000000001,125.55236113903284
15695,2026-04-15 23:00:00+00:00,101.91,119.41892492098683
15696,2026-04-16 00:00:00+00:00,100.4,115.70460791425175
15697,2026-04-16 01:00:00+00:00,99.07,112.07500456518052
15698,2026-04-16 02:00:00+00:00,101.5075,117.77661381756798
15699,2026-04-16 03:00:00+00:00,111.85249999999999,126.81134445165914
15700,2026-04-16 04:00:00+00:00,140.795,143.89070099366415
15701,2026-04-16 05:00:00+00:00,145.9125,163.20518094169051
15702,2026-04-16 06:00:00+00:00,133.9925,131.01896492719422
15703,2026-04-16 07:00:00+00:00,110.4125,101.97209790967476
15704,2026-04-16 08:00:00+00:00,98.4425,52.02678930536179
15705,2026-04-16 09:00:00+00:00,78.98,43.558150529669255
15706,2026-04-16 10:00:00+00:00,65.07000000000001,38.997379732646976
15707,2026-04-16 11:00:00+00:00,71.015,42.276892451843885
15708,2026-04-16 12:00:00+00:00,84.91499999999999,45.6183979505069
15709,2026-04-16 13:00:00+00:00,93.505,66.9814227698997
15710,2026-04-16 14:00:00+00:00,108.4725,97.42115666684103
15711,2026-04-16 15:00:00+00:00,114.2,116.45202054970052
15712,2026-04-16 16:00:00+00:00,133.26749999999998,153.79391472078913
15713,2026-04-16 17:00:00+00:00,174.33249999999998,198.1116393463838
15714,2026-04-16 18:00:00+00:00,194.89499999999998,196.41620072087665
15715,2026-04-16 19:00:00+00:00,156.385,156.3625119447037
15716,2026-04-16 20:00:00+00:00,138.425,142.45197321901816
15717,2026-04-16 21:00:00+00:00,127.9625,122.81948562421847
15718,2026-04-16 22:00:00+00:00,121.8625,113.1627410413571
15719,2026-04-16 23:00:00+00:00,115.5525,108.25392589266683
15720,2026-04-17 00:00:00+00:00,112.5325,107.26014971868148
15721,2026-04-17 01:00:00+00:00,108.6275,106.66169835851231
15722,2026-04-17 02:00:00+00:00,111.7875,108.70353278353576
15723,2026-04-17 03:00:00+00:00,120.6975,118.63798554504334
15724,2026-04-17 04:00:00+00:00,144.4425,144.25936374526623
15725,2026-04-17 05:00:00+00:00,145.4175,152.5968486922077
15726,2026-04-17 06:00:00+00:00,125.97,111.70217351494968
15727,2026-04-17 07:00:00+00:00,91.3475,71.61214205031541
15728,2026-04-17 08:00:00+00:00,42.4275,26.477070247339032
15729,2026-04-17 09:00:00+00:00,-0.805,20.980161766575556
15730,2026-04-17 10:00:00+00:00,-5.13,25.758545838931667
15731,2026-04-17 11:00:00+00:00,-0.45749999999999996,28.34080823362898
15732,2026-04-17 12:00:00+00:00,0.355,14.548226683361404
15733,2026-04-17 13:00:00+00:00,39.662499999999994,15.714348623031139
15734,2026-04-17 14:00:00+00:00,82.8325,47.1974646252073
15735,2026-04-17 15:00:00+00:00,102.84,93.63896838108896
15736,2026-04-17 16:00:00+00:00,129.1375,126.95826577658852
15737,2026-04-17 17:00:00+00:00,161.175,168.44512904783568
15738,2026-04-17 18:00:00+00:00,167.7575,186.00239587962432
15739,2026-04-17 19:00:00+00:00,136.9025,153.43507183445715
15740,2026-04-17 20:00:00+00:00,124.3275,136.4273968948816
15741,2026-04-17 21:00:00+00:00,113.14,129.07711417475468
15742,2026-04-17 22:00:00+00:00,117.1625,120.7205425477266
15743,2026-04-17 23:00:00+00:00,111.785,115.95544955782206
15744,2026-04-18 00:00:00+00:00,110.8575,114.41563381901712
15745,2026-04-18 01:00:00+00:00,109.045,109.71217272867798
15746,2026-04-18 02:00:00+00:00,110.385,115.5302974203841
15747,2026-04-18 03:00:00+00:00,112.4675,116.88015237137922
15748,2026-04-18 04:00:00+00:00,111.88499999999999,130.42191027968153
15749,2026-04-18 05:00:00+00:00,106.52250000000001,134.93002838723078
15750,2026-04-18 06:00:00+00:00,86.8125,81.19966193667659
15751,2026-04-18 07:00:00+00:00,27.6475,33.28292792535763
15752,2026-04-18 08:00:00+00:00,-33.832499999999996,18.882781204188827
15753,2026-04-18 09:00:00+00:00,-5.5024999999999995,13.624675752703627
15754,2026-04-18 10:00:00+00:00,-3.4375,13.701585771690558
15755,2026-04-18 11:00:00+00:00,-4.075,10.820957000087878
15756,2026-04-18 12:00:00+00:00,-0.72,9.28025114734395
15757,2026-04-18 13:00:00+00:00,-11.8275,7.260771879362676
15758,2026-04-18 14:00:00+00:00,40.3,22.02802287357719
15759,2026-04-18 15:00:00+00:00,101.105,92.50481315117473
15760,2026-04-18 16:00:00+00:00,120.8825,131.20420183317188
15761,2026-04-18 17:00:00+00:00,132.4225,165.4025995161614
15762,2026-04-18 18:00:00+00:00,145.57999999999998,165.10703920804647
15763,2026-04-18 19:00:00+00:00,141.36,140.6678487995256
15764,2026-04-18 20:00:00+00:00,131.3075,125.751074386175
15765,2026-04-18 21:00:00+00:00,126.31,116.47675869909135
15766,2026-04-18 22:00:00+00:00,117.3075,105.67258860977967
15767,2026-04-18 23:00:00+00:00,111.5975,101.89886713006602
15768,2026-04-19 00:00:00+00:00,109.8,97.58809298212174
15769,2026-04-19 01:00:00+00:00,107.97,98.32318784118708
15770,2026-04-19 02:00:00+00:00,106.72999999999999,99.25819591998815
15771,2026-04-19 03:00:00+00:00,109.47,98.2507030848627
15772,2026-04-19 04:00:00+00:00,106.4325,99.41617378825391
15773,2026-04-19 05:00:00+00:00,98.2475,103.99183799327847
15774,2026-04-19 06:00:00+00:00,94.5375,78.28826670226616
15775,2026-04-19 07:00:00+00:00,86.315,50.34197688695981
15776,2026-04-19 08:00:00+00:00,86.5025,22.47441684860131
15777,2026-04-19 09:00:00+00:00,43.225,8.744522085870699
15778,2026-04-19 10:00:00+00:00,7.45,2.1810500362633545
15779,2026-04-19 11:00:00+00:00,32.01,-4.411010664228855
15780,2026-04-19 12:00:00+00:00,77.8,-1.5649702387542288
15781,2026-04-19 13:00:00+00:00,88.64500000000001,35.00601205895548
15782,2026-04-19 14:00:00+00:00,70.965,68.14544093064363
15783,2026-04-19 15:00:00+00:00,77.2525,109.93006164482966
15784,2026-04-19 16:00:00+00:00,106.1625,116.04832844404373
15785,2026-04-19 17:00:00+00:00,117.525,130.25686256573326
15786,2026-04-19 18:00:00+00:00,123.505,136.7591591438878
15787,2026-04-19 19:00:00+00:00,121.465,129.82814756714058
15788,2026-04-19 20:00:00+00:00,120.0875,113.69839659402223
15789,2026-04-19 21:00:00+00:00,111.86,93.76733162741283
15790,2026-04-19 22:00:00+00:00,105.415,94.98312424181522
15791,2026-04-19 23:00:00+00:00,100.68,82.11508290635147
15792,2026-04-20 00:00:00+00:00,98.23,75.64877773740089
15793,2026-04-20 01:00:00+00:00,99.0675,70.575871166732
15794,2026-04-20 02:00:00+00:00,102.3925,73.66812721178376
15795,2026-04-20 03:00:00+00:00,108.96,82.34334297631102
15796,2026-04-20 04:00:00+00:00,128.4475,106.98164680345347
15797,2026-04-20 05:00:00+00:00,140.0625,124.85132698242187
15798,2026-04-20 06:00:00+00:00,132.3275,112.11274974392245
15799,2026-04-20 07:00:00+00:00,108.6675,81.36536754617501
15800,2026-04-20 08:00:00+00:00,89.35249999999999,31.56517977333146
15801,2026-04-20 09:00:00+00:00,85.725,34.32728817603862
15802,2026-04-20 10:00:00+00:00,78.06,29.207799372943132
15803,2026-04-20 11:00:00+00:00,75.705,34.13686038593907
15804,2026-04-20 12:00:00+00:00,77.69,43.95656514153275
15805,2026-04-20 13:00:00+00:00,98.635,46.68280138279544
15806,2026-04-20 14:00:00+00:00,103.75,78.12215646644177
15807,2026-04-20 15:00:00+00:00,114.515,95.46845480263813
15808,2026-04-20 16:00:00+00:00,127.55,128.7702438042383
15809,2026-04-20 17:00:00+00:00,163.32999999999998,147.08387774751512
15810,2026-04-20 18:00:00+00:00,169.805,152.8106998942456
15811,2026-04-20 19:00:00+00:00,123.2925,145.60550851842873
15812,2026-04-20 20:00:00+00:00,117.1725,117.4603324498273
15813,2026-04-20 21:00:00+00:00,109.86749999999999,93.91043034622777
15814,2026-04-20 22:00:00+00:00,103.0475,92.18890857219277
15815,2026-04-20 23:00:00+00:00,101.015,84.71149541903306
15816,2026-04-21 00:00:00+00:00,101.2,90.75633180907016
15817,2026-04-21 01:00:00+00:00,101.3125,96.7166162676585
15818,2026-04-21 02:00:00+00:00,102.6825,101.03829259892552
15819,2026-04-21 03:00:00+00:00,112.62,106.35997599777882
15820,2026-04-21 04:00:00+00:00,131.1225,125.19613953443006
15821,2026-04-21 05:00:00+00:00,137.35500000000002,150.55403803506164
15822,2026-04-21 06:00:00+00:00,112.7025,107.34896451805423
15823,2026-04-21 07:00:00+00:00,80.91,40.75225366353955
15824,2026-04-21 08:00:00+00:00,1.045,20.46476147058197
15825,2026-04-21 09:00:00+00:00,-13.5,18.294192862968302
15826,2026-04-21 10:00:00+00:00,-47.435,25.73337225791117
15827,2026-04-21 11:00:00+00:00,-0.7425,30.501659161822708
15828,2026-04-21 12:00:00+00:00,0.0024999999999999467,24.594621581767093
15829,2026-04-21 13:00:00+00:00,-20.2975,26.890171612457447
15830,2026-04-21 14:00:00+00:00,24.07,53.893509759805895
15831,2026-04-21 15:00:00+00:00,90.625,90.75858507708868
15832,2026-04-21 16:00:00+00:00,105.56,122.01305200690175
15833,2026-04-21 17:00:00+00:00,144.0925,154.0951294877363
15834,2026-04-21 18:00:00+00:00,159.1625,177.3928176619117
15835,2026-04-21 19:00:00+00:00,132.9025,147.6792523409223
15836,2026-04-21 20:00:00+00:00,122.22500000000001,121.72968555646393
15837,2026-04-21 21:00:00+00:00,115.1725,107.83960427787395
15838,2026-04-21 22:00:00+00:00,110.4375,106.90788123261162
15839,2026-04-21 23:00:00+00:00,106.9175,104.84864123177788
15840,2026-04-22 00:00:00+00:00,107.305,103.73394851257927
15841,2026-04-22 01:00:00+00:00,108.0925,100.2347375453257
15842,2026-04-22 02:00:00+00:00,114.42,101.62567499241902
15843,2026-04-22 03:00:00+00:00,125.2375,109.09703879141068
15844,2026-04-22 04:00:00+00:00,143.70999999999998,127.08009864361213
15845,2026-04-22 05:00:00+00:00,135.875,146.50575092087632
15846,2026-04-22 06:00:00+00:00,113.0725,86.1724110704511
15847,2026-04-22 07:00:00+00:00,65.7,36.058928032516334
15848,2026-04-22 08:00:00+00:00,3.6624999999999996,20.911163110657807
15849,2026-04-22 09:00:00+00:00,-8.975000000000001,18.168800918583056
15850,2026-04-22 10:00:00+00:00,-7.675,15.621604364501374
15851,2026-04-22 11:00:00+00:00,-17.005,13.916487504145737
15852,2026-04-22 12:00:00+00:00,-15.502500000000001,19.824271829130026
15853,2026-04-22 13:00:00+00:00,-1.18,20.880973935205656
15854,2026-04-22 14:00:00+00:00,3.66,38.29911385591983
15855,2026-04-22 15:00:00+00:00,64.6875,78.28752242873225
15856,2026-04-22 16:00:00+00:00,111.4325,120.12073220686253
15857,2026-04-22 17:00:00+00:00,143.3625,143.80190437157987
15858,2026-04-22 18:00:00+00:00,163.255,164.1898315818219
15859,2026-04-22 19:00:00+00:00,133.5375,124.67075734543782
15860,2026-04-22 20:00:00+00:00,115.405,103.80156517248763
15861,2026-04-22 21:00:00+00:00,99.815,96.05052613477177
15862,2026-04-22 22:00:00+00:00,97.365,90.59519300376783
15863,2026-04-22 23:00:00+00:00,100.14,87.85211391823636
15864,2026-04-23 00:00:00+00:00,99.475,93.83771127117485
15865,2026-04-23 01:00:00+00:00,99.66499999999999,91.1248247382633
15866,2026-04-23 02:00:00+00:00,100.63,88.53891409294782
15867,2026-04-23 03:00:00+00:00,108.41,89.68297289080562
15868,2026-04-23 04:00:00+00:00,123.0775,107.16087413963433
15869,2026-04-23 05:00:00+00:00,122.6225,135.68659221936815
15870,2026-04-23 06:00:00+00:00,100.19500000000001,41.111502449712795
15871,2026-04-23 07:00:00+00:00,20.0025,33.85731572134957
15872,2026-04-23 08:00:00+00:00,-1.45,24.400743267559047
15873,2026-04-23 09:00:00+00:00,-21.4325,18.424322114805147
15874,2026-04-23 10:00:00+00:00,-38.04,16.770785396948256
15875,2026-04-23 11:00:00+00:00,-49.8275,17.38034890484576
15876,2026-04-23 12:00:00+00:00,-45.55,18.972163756744266
15877,2026-04-23 13:00:00+00:00,-23.3375,33.83218278835407
15878,2026-04-23 14:00:00+00:00,-1.5050000000000001,42.19443129303996
15879,2026-04-23 15:00:00+00:00,53.599999999999994,79.116448662462
15880,2026-04-23 16:00:00+00:00,105.635,115.6450487829815
15881,2026-04-23 17:00:00+00:00,133.055,143.52552961721452
15882,2026-04-23 18:00:00+00:00,155.445,156.30535056974566
15883,2026-04-23 19:00:00+00:00,132.0375,139.20156208833694
15884,2026-04-23 20:00:00+00:00,114.535,121.1375664598324
15885,2026-04-23 21:00:00+00:00,107.17,107.71404042458639
15886,2026-04-23 22:00:00+00:00,105.64,107.4837930488277
15887,2026-04-23 23:00:00+00:00,102.0725,102.79005907931406
15888,2026-04-24 00:00:00+00:00,102.41,101.62196684407412
15889,2026-04-24 01:00:00+00:00,103.2875,103.38036322461603
15890,2026-04-24 02:00:00+00:00,108.0875,105.75638267650784
15891,2026-04-24 03:00:00+00:00,119.27,108.95714119739097
15892,2026-04-24 04:00:00+00:00,134.21,121.69485830906363
15893,2026-04-24 05:00:00+00:00,139.0675,149.5024238674699
15894,2026-04-24 06:00:00+00:00,113.84,105.41412114705716
15895,2026-04-24 07:00:00+00:00,82.32,57.13452511493194
15896,2026-04-24 08:00:00+00:00,40.185,28.56907834378902
15897,2026-04-24 09:00:00+00:00,23.545,24.549349313624454
15898,2026-04-24 10:00:00+00:00,25.575,22.776446238156076
15899,2026-04-24 11:00:00+00:00,47.3825,13.475985400179868
15900,2026-04-24 12:00:00+00:00,61.11,15.268056586199155
15901,2026-04-24 13:00:00+00:00,87.35499999999999,32.81999583272503
15902,2026-04-24 14:00:00+00:00,92.7925,63.389199062418655
15903,2026-04-24 15:00:00+00:00,98.3125,89.36644960499129
15904,2026-04-24 16:00:00+00:00,114.5825,120.01421963818413
15905,2026-04-24 17:00:00+00:00,143.2425,144.054475972665
15906,2026-04-24 18:00:00+00:00,166.4025,166.6087986883259
15907,2026-04-24 19:00:00+00:00,133.60750000000002,141.04285781256846
15908,2026-04-24 20:00:00+00:00,119.92,119.27921363446161
15909,2026-04-24 21:00:00+00:00,111.5625,100.41279670079375
15910,2026-04-24 22:00:00+00:00,104.5,97.68501774274215
15911,2026-04-24 23:00:00+00:00,99.06,92.54066714490695
15912,2026-04-25 00:00:00+00:00,96.95750000000001,90.8034058087807
15913,2026-04-25 01:00:00+00:00,93.03,88.17315501061779
15914,2026-04-25 02:00:00+00:00,91.7125,87.97463558076392
15915,2026-04-25 03:00:00+00:00,90.3425,88.05756334789481
15916,2026-04-25 04:00:00+00:00,87.695,88.6539402166944
15917,2026-04-25 05:00:00+00:00,76.47,105.73003277867215
15918,2026-04-25 06:00:00+00:00,22.3025,29.86517762796385
15919,2026-04-25 07:00:00+00:00,1.6625,16.919851732250496
15920,2026-04-25 08:00:00+00:00,-6.9775,17.168939194634163
15921,2026-04-25 09:00:00+00:00,-42.3925,17.94624190903127
15922,2026-04-25 10:00:00+00:00,-102.385,12.350515299461538
15923,2026-04-25 11:00:00+00:00,-180.6225,4.020175673245904
15924,2026-04-25 12:00:00+00:00,-195.59,0.1911001914132362
15925,2026-04-25 13:00:00+00:00,-133.9075,-9.898965157353619
15926,2026-04-25 14:00:00+00:00,-55.9475,22.02673504238773
15927,2026-04-25 15:00:00+00:00,-5.3025,40.993291090259916
15928,2026-04-25 16:00:00+00:00,2.9025,35.499233219108056
15929,2026-04-25 17:00:00+00:00,65.2725,73.49357811458627
15930,2026-04-25 18:00:00+00:00,75.8925,92.76560696867251
15931,2026-04-25 19:00:00+00:00,75.6775,74.15625083568735
15932,2026-04-25 20:00:00+00:00,74.83749999999999,92.68875311203274
15933,2026-04-25 21:00:00+00:00,73.42,20.969373843434177
15934,2026-04-25 22:00:00+00:00,83.2325,17.423715425819886
15935,2026-04-25 23:00:00+00:00,86.455,26.670923900999107
15936,2026-04-26 00:00:00+00:00,85.61500000000001,50.29872656536788
15937,2026-04-26 01:00:00+00:00,85.165,66.53717423255046
15938,2026-04-26 02:00:00+00:00,87.97,60.675641177983486
15939,2026-04-26 03:00:00+00:00,96.7675,58.158553487506204
15940,2026-04-26 04:00:00+00:00,88.92500000000001,58.49817897510384
15941,2026-04-26 05:00:00+00:00,49.1,76.17811449724437
15942,2026-04-26 06:00:00+00:00,0.0024999999999999467,14.993512545143268
15943,2026-04-26 07:00:00+00:00,-5.01,4.877274103016713
15944,2026-04-26 08:00:00+00:00,-28.185000000000002,16.77908556854973
15945,2026-04-26 09:00:00+00:00,-126.66,1.7303137485163762
15946,2026-04-26 10:00:00+00:00,-254.56,14.319173103000532
15947,2026-04-26 11:00:00+00:00,-395.8,-13.381577603766264
15948,2026-04-26 12:00:00+00:00,-350.6825,-31.67194527880869
15949,2026-04-26 13:00:00+00:00,-232.66750000000002,-31.94432732315356
15950,2026-04-26 14:00:00+00:00,-37.815000000000005,0.9034967820733342
15951,2026-04-26 15:00:00+00:00,10.1725,11.228200432286625
15952,2026-04-26 16:00:00+00:00,103.1625,97.24824893688734
15953,2026-04-26 17:00:00+00:00,142.5175,129.57614687992142
15954,2026-04-26 18:00:00+00:00,155.1725,152.11312538950074
15955,2026-04-26 19:00:00+00:00,138.1825,137.45303970690136
15956,2026-04-26 20:00:00+00:00,124.9175,126.96392866286209
15957,2026-04-26 21:00:00+00:00,124.2475,108.62495874181148
15958,2026-04-26 22:00:00+00:00,120.7175,105.58103492095235
15959,2026-04-26 23:00:00+00:00,115.78,102.95546485017194
15960,2026-04-27 00:00:00+00:00,115.49,96.48712570922862
15961,2026-04-27 01:00:00+00:00,115.6,90.70460899274576
15962,2026-04-27 02:00:00+00:00,119.9875,89.77307157297619
15963,2026-04-27 03:00:00+00:00,126.9125,94.50055743049975
15964,2026-04-27 04:00:00+00:00,160.095,134.18757662351257
15965,2026-04-27 05:00:00+00:00,149.625,162.56343234124222
15966,2026-04-27 06:00:00+00:00,122.49,60.90953870644434
15967,2026-04-27 07:00:00+00:00,78.9525,23.52108663484713
15968,2026-04-27 08:00:00+00:00,23.7275,20.106845667394715
15969,2026-04-27 09:00:00+00:00,2.9425000000000003,18.276284714627042
15970,2026-04-27 10:00:00+00:00,-0.0975,20.101641106178956
15971,2026-04-27 11:00:00+00:00,-0.83,15.859930093203594
15972,2026-04-27 12:00:00+00:00,-0.1625,16.443880281852277
15973,2026-04-27 13:00:00+00:00,4.715,17.10564825276342
15974,2026-04-27 14:00:00+00:00,71.84,20.794837438448976
15975,2026-04-27 15:00:00+00:00,111.09750000000001,64.04523976372275
15976,2026-04-27 16:00:00+00:00,133.47,129.6834978899328
15977,2026-04-27 17:00:00+00:00,163.7075,157.9299198263241
15978,2026-04-27 18:00:00+00:00,190.5675,193.60984022869874
15979,2026-04-27 19:00:00+00:00,145.5175,155.34342167862457
15980,2026-04-27 20:00:00+00:00,127.46,129.23382963187242
15981,2026-04-27 21:00:00+00:00,118.7225,109.18630269747682
15982,2026-04-27 22:00:00+00:00,115.58,109.97383523991257
15983,2026-04-27 23:00:00+00:00,110.85,109.66456223437626
15984,2026-04-28 00:00:00+00:00,107.305,111.62629033471421
15985,2026-04-28 01:00:00+00:00,107.4225,110.2999476158892
15986,2026-04-28 02:00:00+00:00,110.0,110.57814028188858
15987,2026-04-28 03:00:00+00:00,116.495,115.1673726522313
15988,2026-04-28 04:00:00+00:00,127.0575,134.51604057194626
15989,2026-04-28 05:00:00+00:00,125.61250000000001,153.16512339956512
15990,2026-04-28 06:00:00+00:00,114.36250000000001,75.86283875956983
15991,2026-04-28 07:00:00+00:00,69.1025,32.99048279846869
15992,2026-04-28 08:00:00+00:00,-6.585000000000001,22.39795979758441
15993,2026-04-28 09:00:00+00:00,-0.4975,20.42309773756122
15994,2026-04-28 10:00:00+00:00,-5.7524999999999995,20.110119467523525
15995,2026-04-28 11:00:00+00:00,-15.4375,16.55492999997746
15996,2026-04-28 12:00:00+00:00,-8.115,23.907614890443195
15997,2026-04-28 13:00:00+00:00,0.03249999999999975,16.216209859908187
15998,2026-04-28 14:00:00+00:00,2.6624999999999996,38.86347082984616
15999,2026-04-28 15:00:00+00:00,75.2525,84.43663425444848
16000,2026-04-28 16:00:00+00:00,109.6925,120.91730879063736
16001,2026-04-28 17:00:00+00:00,141.34,153.89798363785548
16002,2026-04-28 18:00:00+00:00,186.18,188.38415029548264
16003,2026-04-28 19:00:00+00:00,137.305,153.55829046691076
16004,2026-04-28 20:00:00+00:00,115.93,125.08004446196038
16005,2026-04-28 21:00:00+00:00,106.9375,112.58314998702124
16006,2026-04-28 22:00:00+00:00,101.3725,108.79145277153458
16007,2026-04-28 23:00:00+00:00,99.7075,106.51374886134904
16008,2026-04-29 00:00:00+00:00,101.8875,104.99552919876612
16009,2026-04-29 01:00:00+00:00,102.845,103.95555548868073
16010,2026-04-29 02:00:00+00:00,105.195,108.2365569381098
16011,2026-04-29 03:00:00+00:00,111.595,111.27352530430197
16012,2026-04-29 04:00:00+00:00,130.28,126.6794997978986
16013,2026-04-29 05:00:00+00:00,128.35750000000002,148.76214218674403
16014,2026-04-29 06:00:00+00:00,116.8675,76.12868784992436
16015,2026-04-29 07:00:00+00:00,63.1175,44.09970680071655
16016,2026-04-29 08:00:00+00:00,9.3825,38.04393645363651
16017,2026-04-29 09:00:00+00:00,0.0024999999999997247,47.97657692874143
16018,2026-04-29 10:00:00+00:00,0.0,36.709365332769885
16019,2026-04-29 11:00:00+00:00,0.0125,22.27557955680095
16020,2026-04-29 12:00:00+00:00,5.390000000000001,26.741649336611694
16021,2026-04-29 13:00:00+00:00,3.3175,27.40409547794387
16022,2026-04-29 14:00:00+00:00,40.394999999999996,42.56471051863568
16023,2026-04-29 15:00:00+00:00,103.435,83.43286709997442
16024,2026-04-29 16:00:00+00:00,108.55250000000001,121.75009690692923
16025,2026-04-29 17:00:00+00:00,125.9825,168.12985604760598
16026,2026-04-29 18:00:00+00:00,161.3625,197.17171794487692
16027,2026-04-29 19:00:00+00:00,124.3725,154.3854937631348
16028,2026-04-29 20:00:00+00:00,118.57,134.95729216376066
16029,2026-04-29 21:00:00+00:00,108.5625,121.51941469089445
16030,2026-04-29 22:00:00+00:00,113.7975,112.72451343241599
16031,2026-04-29 23:00:00+00:00,106.4825,110.73615144708862
16032,2026-04-30 00:00:00+00:00,103.36500000000001,109.40311402350645
16033,2026-04-30 01:00:00+00:00,104.7225,109.52048591436434
16034,2026-04-30 02:00:00+00:00,109.2825,111.8732166613117
16035,2026-04-30 03:00:00+00:00,119.61500000000001,117.58355021757883
16036,2026-04-30 04:00:00+00:00,134.71,131.6996950815168
16037,2026-04-30 05:00:00+00:00,121.7675,145.8885266580278
16038,2026-04-30 06:00:00+00:00,100.515,116.11707947295143
16039,2026-04-30 07:00:00+00:00,47.2275,62.36278174642042
16040,2026-04-30 08:00:00+00:00,0.21250000000000002,21.34210462349823
16041,2026-04-30 09:00:00+00:00,-2.4,19.762824852804687
16042,2026-04-30 10:00:00+00:00,0.0025,16.057856310903507
16043,2026-04-30 11:00:00+00:00,0.0,13.748312791004981
16044,2026-04-30 12:00:00+00:00,0.0024999999999999467,14.2281810870406
16045,2026-04-30 13:00:00+00:00,-6.9775,15.085524905357229
16046,2026-04-30 14:00:00+00:00,83.065,35.05571415260567
16047,2026-04-30 15:00:00+00:00,101.9875,92.82475834863759
16048,2026-04-30 16:00:00+00:00,119.93,126.68071873872358
16049,2026-04-30 17:00:00+00:00,156.21,170.43156788891346
16050,2026-04-30 18:00:00+00:00,188.0025,195.66712086344722
16051,2026-04-30 19:00:00+00:00,137.175,151.32351001100977
16052,2026-04-30 20:00:00+00:00,120.7975,124.71061931380845
16053,2026-04-30 21:00:00+00:00,111.4225,113.20924212407115
16054,2026-04-30 22:00:00+00:00,111.73,110.599008194656
16055,2026-04-30 23:00:00+00:00,106.935,101.62635133978159
16056,2026-05-01 00:00:00+00:00,105.9325,103.08803909644672
16057,2026-05-01 01:00:00+00:00,103.88,102.74718749725488
16058,2026-05-01 02:00:00+00:00,102.705,102.19943154273076
16059,2026-05-01 03:00:00+00:00,101.7,99.53728627554267
16060,2026-05-01 04:00:00+00:00,99.625,101.56421518848285
16061,2026-05-01 05:00:00+00:00,84.4025,106.88509031518234
16062,2026-05-01 06:00:00+00:00,36.32,77.01161975300295
16063,2026-05-01 07:00:00+00:00,-0.030000000000000027,61.19525726410033
16064,2026-05-01 08:00:00+00:00,-21.32,18.366193553329268
16065,2026-05-01 09:00:00+00:00,-109.4075,-4.629975417499355
16066,2026-05-01 10:00:00+00:00,-318.0925,1.4811280545316676
16067,2026-05-01 11:00:00+00:00,-469.2325,16.192462200088663
16068,2026-05-01 12:00:00+00:00,-399.04,11.244258675013814
16069,2026-05-01 13:00:00+00:00,-130.9,21.793516699825453
16070,2026-05-01 14:00:00+00:00,3.6350000000000002,60.60716130679673
16071,2026-05-01 15:00:00+00:00,52.94,84.78251716040023
16072,2026-05-01 16:00:00+00:00,127.3375,117.18770634610813
16073,2026-05-01 17:00:00+00:00,144.2225,153.3159945403539
16074,2026-05-01 18:00:00+00:00,175.7225,168.164022464173
16075,2026-05-01 19:00:00+00:00,145.29,140.7040072497046
16076,2026-05-01 20:00:00+00:00,129.8375,119.8273263536977
16077,2026-05-01 21:00:00+00:00,109.9125,105.04535679507926
16078,2026-05-01 22:00:00+00:00,119.11000000000001,102.51258400739306
16079,2026-05-01 23:00:00+00:00,105.815,97.91010232515407
16080,2026-05-02 00:00:00+00:00,102.5675,97.33833938359422
16081,2026-05-02 01:00:00+00:00,97.0325,96.4596654114734
16082,2026-05-02 02:00:00+00:00,96.835,97.4440058829334
16083,2026-05-02 03:00:00+00:00,97.105,97.69470994062637
16084,2026-05-02 04:00:00+00:00,95.1725,100.27717808175949
16085,2026-05-02 05:00:00+00:00,90.1325,92.61415737851239
16086,2026-05-02 06:00:00+00:00,20.8425,35.413234703146756
16087,2026-05-02 07:00:00+00:00,1.495,10.83396565737679
16088,2026-05-02 08:00:00+00:00,-2.3125,5.570555187099355
16089,2026-05-02 09:00:00+00:00,-21.465,-8.589696637281902
16090,2026-05-02 10:00:00+00:00,-81.05,-19.116096413737367
16091,2026-05-02 11:00:00+00:00,-128.5075,-22.579872092644738
16092,2026-05-02 12:00:00+00:00,-85.815,-14.838257513289404
16093,2026-05-02 13:00:00+00:00,-13.96,-9.881133152796876
16094,2026-05-02 14:00:00+00:00,0.027500000000000004,12.212964789932197
16095,2026-05-02 15:00:00+00:00,57.2625,44.48799567771892
16096,2026-05-02 16:00:00+00:00,155.4725,122.89050976188275
16097,2026-05-02 17:00:00+00:00,165.6225,133.1411863491282
16098,2026-05-02 18:00:00+00:00,184.5575,158.4741167712054
16099,2026-05-02 19:00:00+00:00,153.4275,131.12680326491468
16100,2026-05-02 20:00:00+00:00,140.13,109.67225397042557
16101,2026-05-02 21:00:00+00:00,124.82000000000001,89.25885000730787
16102,2026-05-02 22:00:00+00:00,121.7975,74.05478113191164
16103,2026-05-02 23:00:00+00:00,116.965,68.29245718550935
16104,2026-05-03 00:00:00+00:00,110.6625,27.614630222262445
16105,2026-05-03 01:00:00+00:00,109.28999999999999,50.03763913136072
16106,2026-05-03 02:00:00+00:00,107.525,49.528278674662886
16107,2026-05-03 03:00:00+00:00,105.63499999999999,47.029305664027696
16108,2026-05-03 04:00:00+00:00,97.3075,71.6711790617885
16109,2026-05-03 05:00:00+00:00,59.215,72.47480695728363
16110,2026-05-03 06:00:00+00:00,-12.36,8.821933530559944
16111,2026-05-03 07:00:00+00:00,0.0,5.0086332518497185
16112,2026-05-03 08:00:00+00:00,-0.36250000000000004,3.3078528147367665
16113,2026-05-03 09:00:00+00:00,-1.4674999999999998,-20.67249886983174
16114,2026-05-03 10:00:00+00:00,-6.435,-21.890821733031302
16115,2026-05-03 11:00:00+00:00,-13.58,-28.86209791609165
16116,2026-05-03 12:00:00+00:00,-9.9025,-22.172249212626877
16117,2026-05-03 13:00:00+00:00,-3.83,-19.571477769744785
16118,2026-05-03 14:00:00+00:00,7.91,5.044678521266964
16119,2026-05-03 15:00:00+00:00,74.0025,33.297538326300746
16120,2026-05-03 16:00:00+00:00,124.54249999999999,122.22482122984003
16121,2026-05-03 17:00:00+00:00,132.2475,152.4299952466794
16122,2026-05-03 18:00:00+00:00,139.0325,156.39529550287332
16123,2026-05-03 19:00:00+00:00,137.68,137.2140467049562
16124,2026-05-03 20:00:00+00:00,130.6875,113.2514125343501
16125,2026-05-03 21:00:00+00:00,121.535,96.25698893951609
16126,2026-05-03 22:00:00+00:00,117.32,74.8298798170956
16127,2026-05-03 23:00:00+00:00,108.1875,64.6903977178336
16128,2026-05-04 00:00:00+00:00,110.77250000000001,64.67592062666091
16129,2026-05-04 01:00:00+00:00,106.535,61.87820763016819
16130,2026-05-04 02:00:00+00:00,110.44999999999999,61.94601227212346
16131,2026-05-04 03:00:00+00:00,126.60499999999999,61.38844642919234
16132,2026-05-04 04:00:00+00:00,146.9575,95.24735299531856
16133,2026-05-04 05:00:00+00:00,149.7025,128.91795310417913
16134,2026-05-04 06:00:00+00:00,132.61249999999998,43.649866783899164
16135,2026-05-04 07:00:00+00:00,82.13,26.66608692181957
16136,2026-05-04 08:00:00+00:00,51.78,18.868262420145868
16137,2026-05-04 09:00:00+00:00,45.082499999999996,17.943629838741806
16138,2026-05-04 10:00:00+00:00,28.0575,16.70354303667096
16139,2026-05-04 11:00:00+00:00,27.84,16.938353634489985
16140,2026-05-04 12:00:00+00:00,33.5225,18.560503059776224
16141,2026-05-04 13:00:00+00:00,58.6825,23.132350135818857
16142,2026-05-04 14:00:00+00:00,105.3,62.671669986539456
16143,2026-05-04 15:00:00+00:00,131.81,93.7867297232695
16144,2026-05-04 16:00:00+00:00,172.9925,144.94435589175086
16145,2026-05-04 17:00:00+00:00,234.64999999999998,234.40543996153428
16146,2026-05-04 18:00:00+00:00,256.0775,295.03703868872793
16147,2026-05-04 19:00:00+00:00,189.2175,181.06114689089776
16148,2026-05-04 20:00:00+00:00,153.265,134.93435809958558
16149,2026-05-04 21:00:00+00:00,137.06,121.04163468307277
16150,2026-05-04 22:00:00+00:00,131.6325,114.83615109112158
16151,2026-05-04 23:00:00+00:00,126.9325,102.74964220473454
16152,2026-05-05 00:00:00+00:00,123.75,99.98245656328162
16153,2026-05-05 01:00:00+00:00,123.82249999999999,100.64321358337598
16154,2026-05-05 02:00:00+00:00,125.62,101.32992642522512
16155,2026-05-05 03:00:00+00:00,135.7275,108.76769480722463
16156,2026-05-05 04:00:00+00:00,155.13,137.2518702253385
16157,2026-05-05 05:00:00+00:00,155.13,145.44661169219617
16158,2026-05-05 06:00:00+00:00,136.48250000000002,116.4525634805288
16159,2026-05-05 07:00:00+00:00,107.8775,86.2193236785133
16160,2026-05-05 08:00:00+00:00,93.5075,55.73069601435119
16161,2026-05-05 09:00:00+00:00,74.66749999999999,47.70182357308952
16162,2026-05-05 10:00:00+00:00,71.92,49.157326686143016
16163,2026-05-05 11:00:00+00:00,71.3825,52.254435320363875
16164,2026-05-05 12:00:00+00:00,72.6425,50.19093625789384
16165,2026-05-05 13:00:00+00:00,88.5075,55.684807256723815
16166,2026-05-05 14:00:00+00:00,107.4325,82.10585792992255
16167,2026-05-05 15:00:00+00:00,133.84,108.29389049641141
16168,2026-05-05 16:00:00+00:00,150.0975,160.80052053719706
16169,2026-05-05 17:00:00+00:00,176.98,219.70412264190824
16170,2026-05-05 18:00:00+00:00,181.7075,230.41811067995653
16171,2026-05-05 19:00:00+00:00,152.8425,171.45764266977196
16172,2026-05-05 20:00:00+00:00,133.7275,128.23464198633283
16173,2026-05-05 21:00:00+00:00,115.0325,111.44033359905998
16174,2026-05-05 22:00:00+00:00,119.10249999999999,114.37394647956407
16175,2026-05-05 23:00:00+00:00,113.60499999999999,102.69392840415443
16176,2026-05-06 00:00:00+00:00,112.87,98.29778814688336
16177,2026-05-06 01:00:00+00:00,112.5525,97.67885477131223
16178,2026-05-06 02:00:00+00:00,112.715,98.85869114425414
16179,2026-05-06 03:00:00+00:00,116.065,101.61656863352582
16180,2026-05-06 04:00:00+00:00,128.70499999999998,128.82928162263195
16181,2026-05-06 05:00:00+00:00,133.8025,147.02662351308405
16182,2026-05-06 06:00:00+00:00,126.91499999999999,100.15964053048823
16183,2026-05-06 07:00:00+00:00,113.07,51.3125197065329
16184,2026-05-06 08:00:00+00:00,82.3675,26.777085782089422
16185,2026-05-06 09:00:00+00:00,81.42,17.796970803276423
16186,2026-05-06 10:00:00+00:00,78.025,26.650859962349674
16187,2026-05-06 11:00:00+00:00,69.73,18.21590997109216
16188,2026-05-06 12:00:00+00:00,86.4075,22.31803807976783
16189,2026-05-06 13:00:00+00:00,101.725,34.77047786480123
16190,2026-05-06 14:00:00+00:00,112.895,79.99363844268896
16191,2026-05-06 15:00:00+00:00,127.2475,106.77026429573884
16192,2026-05-06 16:00:00+00:00,132.005,155.97557380636917
16193,2026-05-06 17:00:00+00:00,145.01,187.3643948286326
16194,2026-05-06 18:00:00+00:00,154.76,233.07827633470382
16195,2026-05-06 19:00:00+00:00,154.485,163.76995857009467
16196,2026-05-06 20:00:00+00:00,142.5875,129.76595849533697
16197,2026-05-06 21:00:00+00:00,126.98,115.41903686543661
16198,2026-05-06 22:00:00+00:00,125.0975,116.19326356496987
16199,2026-05-06 23:00:00+00:00,116.3425,104.77942017413818
16200,2026-05-07 00:00:00+00:00,115.3375,103.31883772383487
16201,2026-05-07 01:00:00+00:00,116.94,102.84160960628299
16202,2026-05-07 02:00:00+00:00,119.375,103.03140569237931
16203,2026-05-07 03:00:00+00:00,126.8725,103.98974134623256
16204,2026-05-07 04:00:00+00:00,152.21,125.31644378656543
16205,2026-05-07 05:00:00+00:00,148.2475,139.6626962981334
16206,2026-05-07 06:00:00+00:00,138.21,122.35494144672695
16207,2026-05-07 07:00:00+00:00,137.70499999999998,117.56574931101146
16208,2026-05-07 08:00:00+00:00,121.0,96.5377382092215
16209,2026-05-07 09:00:00+00:00,113.7125,90.25935613307101
16210,2026-05-07 10:00:00+00:00,107.7375,90.64712428537399
16211,2026-05-07 11:00:00+00:00,108.53,94.17724051377986
16212,2026-05-07 12:00:00+00:00,113.08500000000001,96.98367416279551
16213,2026-05-07 13:00:00+00:00,111.87,101.0268082897869
16214,2026-05-07 14:00:00+00:00,122.3575,115.50937924810214
16215,2026-05-07 15:00:00+00:00,136.7225,132.8856333006996
16216,2026-05-07 16:00:00+00:00,150.835,145.0563532331274
16217,2026-05-07 17:00:00+00:00,186.72,175.88055581660996
16218,2026-05-07 18:00:00+00:00,213.64499999999998,202.5097669083576
16219,2026-05-07 19:00:00+00:00,179.35750000000002,157.63169962689793
16220,2026-05-07 20:00:00+00:00,154.815,143.4471343725156
16221,2026-05-07 21:00:00+00:00,143.385,127.1419686613391
16222,2026-05-07 22:00:00+00:00,131.1,120.15549862111338
16223,2026-05-07 23:00:00+00:00,121.4275,107.77422982078281
16224,2026-05-08 00:00:00+00:00,119.2825,104.70158832421617
16225,2026-05-08 01:00:00+00:00,119.3075,104.17341956861381
16226,2026-05-08 02:00:00+00:00,121.31,106.13768762689871
16227,2026-05-08 03:00:00+00:00,128.255,118.0685150388695
16228,2026-05-08 04:00:00+00:00,145.38,136.0791952059329
16229,2026-05-08 05:00:00+00:00,149.9875,154.86475816247585
16230,2026-05-08 06:00:00+00:00,140.7225,140.67032002469946
16231,2026-05-08 07:00:00+00:00,117.8675,117.85181293705254
16232,2026-05-08 08:00:00+00:00,109.3975,111.74060652944858
16233,2026-05-08 09:00:00+00:00,111.47,97.25838643173249
16234,2026-05-08 10:00:00+00:00,108.275,94.38750419862261
16235,2026-05-08 11:00:00+00:00,101.8975,96.29652810388131
16236,2026-05-08 12:00:00+00:00,97.89,98.11395457638531
16237,2026-05-08 13:00:00+00:00,98.00999999999999,101.29521148501597
16238,2026-05-08 14:00:00+00:00,100.4975,114.03561554363867
16239,2026-05-08 15:00:00+00:00,113.745,126.20438487586938
16240,2026-05-08 16:00:00+00:00,130.21,142.17040692739948
16241,2026-05-08 17:00:00+00:00,143.6625,176.43002486963175
16242,2026-05-08 18:00:00+00:00,147.98,207.92200917844116
16243,2026-05-08 19:00:00+00:00,138.18,164.33945534547456
16244,2026-05-08 20:00:00+00:00,124.205,135.99501681466646
16245,2026-05-08 21:00:00+00:00,115.6275,130.93054719176274
16246,2026-05-08 22:00:00+00:00,128.7175,118.51943007123937
16247,2026-05-08 23:00:00+00:00,126.695,104.94937264251023
16248,2026-05-09 00:00:00+00:00,127.3475,104.50162956230956
16249,2026-05-09 01:00:00+00:00,129.6275,102.86731926406546
16250,2026-05-09 02:00:00+00:00,129.475,102.99696535276833
16251,2026-05-09 03:00:00+00:00,129.41,103.53929921131599
16252,2026-05-09 04:00:00+00:00,130.4725,111.97329449540658
16253,2026-05-09 05:00:00+00:00,121.53,120.65184977746335
16254,2026-05-09 06:00:00+00:00,114.2425,86.37263381425177
16255,2026-05-09 07:00:00+00:00,109.72,42.524180270938494
16256,2026-05-09 08:00:00+00:00,100.91,46.18670436915351
16257,2026-05-09 09:00:00+00:00,86.61250000000001,43.40609749348261
16258,2026-05-09 10:00:00+00:00,69.04,30.738073769465522
16259,2026-05-09 11:00:00+00:00,47.45,25.34858197627922
16260,2026-05-09 12:00:00+00:00,47.3975,23.549296369755695
16261,2026-05-09 13:00:00+00:00,75.0025,32.49282021942454
16262,2026-05-09 14:00:00+00:00,95.4025,50.23202924961878
16263,2026-05-09 15:00:00+00:00,116.33,93.36505461415254
16264,2026-05-09 16:00:00+00:00,126.49000000000001,126.58395629347913
16265,2026-05-09 17:00:00+00:00,139.995,144.02327627419342
16266,2026-05-09 18:00:00+00:00,146.5275,150.327926477669
16267,2026-05-09 19:00:00+00:00,144.4275,143.31352262139785
16268,2026-05-09 20:00:00+00:00,137.635,120.907960050977
16269,2026-05-09 21:00:00+00:00,127.64500000000001,109.5246713333138
16270,2026-05-09 22:00:00+00:00,130.8375,105.52225188361992
16271,2026-05-09 23:00:00+00:00,128.655,97.09978211289626
16272,2026-05-10 00:00:00+00:00,129.9775,95.0087976678288
16273,2026-05-10 01:00:00+00:00,128.0175,96.04549240049658
16274,2026-05-10 02:00:00+00:00,129.85250000000002,96.85628099597207
16275,2026-05-10 03:00:00+00:00,129.19,98.56042800171774
16276,2026-05-10 04:00:00+00:00,119.305,95.76632448598495
16277,2026-05-10 05:00:00+00:00,104.33500000000001,75.08147817056016
16278,2026-05-10 06:00:00+00:00,69.645,24.001115346839082
16279,2026-05-10 07:00:00+00:00,11.180000000000001,17.319476163019992
16280,2026-05-10 08:00:00+00:00,0.0025000000000000005,0.5516117651282546
16281,2026-05-10 09:00:00+00:00,-0.615,-8.189515395573657
16282,2026-05-10 10:00:00+00:00,-1.735,-15.550242505435117
16283,2026-05-10 11:00:00+00:00,-1.935,-16.545904770481606
16284,2026-05-10 12:00:00+00:00,-1.3125,-17.452279749183457
16285,2026-05-10 13:00:00+00:00,-0.2525,-12.635725577024589
16286,2026-05-10 14:00:00+00:00,1.2575,-1.6141204393237698
16287,2026-05-10 15:00:00+00:00,75.4175,60.800597493020106
16288,2026-05-10 16:00:00+00:00,115.315,117.17104062218091
16289,2026-05-10 17:00:00+00:00,123.91499999999999,136.2814353787504
16290,2026-05-10 18:00:00+00:00,128.41750000000002,149.25838096496298
16291,2026-05-10 19:00:00+00:00,129.1025,142.22103109189038
16292,2026-05-10 20:00:00+00:00,124.77000000000001,117.34355221474723
16293,2026-05-10 21:00:00+00:00,121.64999999999999,101.55289067577952
16294,2026-05-10 22:00:00+00:00,122.5725,96.85506748504105
16295,2026-05-10 23:00:00+00:00,116.0175,93.59017067629229
16296,2026-05-11 00:00:00+00:00,114.16,86.78485889733685
16297,2026-05-11 01:00:00+00:00,116.1975,86.07287599937449
16298,2026-05-11 02:00:00+00:00,115.705,88.49642079664284
16299,2026-05-11 03:00:00+00:00,123.6275,92.39672346933696
16300,2026-05-11 04:00:00+00:00,136.575,118.07372607140462
16301,2026-05-11 05:00:00+00:00,152.9725,132.57649711378025
16302,2026-05-11 06:00:00+00:00,144.7425,71.398665065714
16303,2026-05-11 07:00:00+00:00,129.005,28.126267817885577
16304,2026-05-11 08:00:00+00:00,104.125,18.84021980926965
16305,2026-05-11 09:00:00+00:00,106.4475,11.881615553627434
16306,2026-05-11 10:00:00+00:00,109.2625,18.50981957786521
16307,2026-05-11 11:00:00+00:00,103.6,13.4521749050744
16308,2026-05-11 12:00:00+00:00,100.9825,19.437512094133748
16309,2026-05-11 13:00:00+00:00,102.0025,46.06927927833779
16310,2026-05-11 14:00:00+00:00,110.485,58.399658717512054
16311,2026-05-11 15:00:00+00:00,122.81,96.04427550485862
16312,2026-05-11 16:00:00+00:00,125.48,133.73782216174462
16313,2026-05-11 17:00:00+00:00,130.9025,147.18048855143334
16314,2026-05-11 18:00:00+00:00,128.225,153.624843381146
16315,2026-05-11 19:00:00+00:00,127.76,140.35150364571354
16316,2026-05-11 20:00:00+00:00,120.41499999999999,114.1862979351395
16317,2026-05-11 21:00:00+00:00,105.92500000000001,95.48503277522806
16318,2026-05-11 22:00:00+00:00,98.3,92.75978241961256
16319,2026-05-11 23:00:00+00:00,95.25,88.01161967723255
16320,2026-05-12 00:00:00+00:00,92.715,93.31740363435033
16321,2026-05-12 01:00:00+00:00,90.135,85.83143755315615
16322,2026-05-12 02:00:00+00:00,90.4,89.78442352027164
16323,2026-05-12 03:00:00+00:00,93.85,94.44931244987461
16324,2026-05-12 04:00:00+00:00,111.11,119.75010136238654
16325,2026-05-12 05:00:00+00:00,122.33500000000001,141.71377592180633
16326,2026-05-12 06:00:00+00:00,112.145,119.60457370502255
16327,2026-05-12 07:00:00+00:00,96.88,99.05288654294952
16328,2026-05-12 08:00:00+00:00,89.0325,49.71969429605604
16329,2026-05-12 09:00:00+00:00,91.06,49.73033391820381
16330,2026-05-12 10:00:00+00:00,91.0,49.674455865048195
16331,2026-05-12 11:00:00+00:00,82.7975,48.80913375751201
16332,2026-05-12 12:00:00+00:00,62.287499999999994,49.28490290270074
16333,2026-05-12 13:00:00+00:00,69.7875,62.52652004874657
16334,2026-05-12 14:00:00+00:00,94.4775,76.25598017710703
16335,2026-05-12 15:00:00+00:00,101.775,93.62453096593781
16336,2026-05-12 16:00:00+00:00,114.77499999999999,120.25681336833539
16337,2026-05-12 17:00:00+00:00,135.765,144.72186092540954
16338,2026-05-12 18:00:00+00:00,140.1475,152.504036191459
16339,2026-05-12 19:00:00+00:00,141.475,144.17497739135308
16340,2026-05-12 20:00:00+00:00,130.065,123.51328923883722
16341,2026-05-12 21:00:00+00:00,116.78,105.56933468436903
16342,2026-05-12 22:00:00+00:00,115.0975,102.4328570192893
16343,2026-05-12 23:00:00+00:00,107.0325,86.88638703413993
16344,2026-05-13 00:00:00+00:00,106.2775,85.00812252456215
16345,2026-05-13 01:00:00+00:00,110.03999999999999,85.82823615787902
16346,2026-05-13 02:00:00+00:00,111.1275,82.96700082434901
16347,2026-05-13 03:00:00+00:00,119.2075,91.58930748695353
16348,2026-05-13 04:00:00+00:00,139.735,119.50331262083324
16349,2026-05-13 05:00:00+00:00,143.3875,123.44908980892134
16350,2026-05-13 06:00:00+00:00,128.6025,111.25528825202322
16351,2026-05-13 07:00:00+00:00,106.1275,82.0840740766804
16352,2026-05-13 08:00:00+00:00,88.4,54.65960551966487
16353,2026-05-13 09:00:00+00:00,86.77000000000001,47.4296083270866
16354,2026-05-13 10:00:00+00:00,76.7175,47.87109293693883
16355,2026-05-13 11:00:00+00:00,74.595,49.213204396501624
16356,2026-05-13 12:00:00+00:00,73.1425,35.228908575742075
16357,2026-05-13 13:00:00+00:00,85.3575,52.992831111545236
16358,2026-05-13 14:00:00+00:00,95.85,68.05177860907396
16359,2026-05-13 15:00:00+00:00,118.3575,89.97736288517521
16360,2026-05-13 16:00:00+00:00,135.70250000000001,121.29857211196838
16361,2026-05-13 17:00:00+00:00,151.95749999999998,145.99989656888988
16362,2026-05-13 18:00:00+00:00,169.5525,175.02297999753102
16363,2026-05-13 19:00:00+00:00,160.1175,147.52308663554268
16364,2026-05-13 20:00:00+00:00,143.26,121.33304539875702
16365,2026-05-13 21:00:00+00:00,121.9225,97.02009629439637
16366,2026-05-13 22:00:00+00:00,133.63750000000002,94.48783801108966
16367,2026-05-13 23:00:00+00:00,128.015,87.19075190852655
16368,2026-05-14 00:00:00+00:00,124.995,84.44367200494585
16369,2026-05-14 01:00:00+00:00,122.27250000000001,85.00870061306082
16370,2026-05-14 02:00:00+00:00,117.705,86.96813787957176
16371,2026-05-14 03:00:00+00:00,116.685,86.27100025901377
16372,2026-05-14 04:00:00+00:00,118.0025,124.69304729107462
16373,2026-05-14 05:00:00+00:00,116.33,144.8321386949245
16374,2026-05-14 06:00:00+00:00,105.46000000000001,98.41220743689156
16375,2026-05-14 07:00:00+00:00,88.08,56.87260352666876
16376,2026-05-14 08:00:00+00:00,61.394999999999996,10.298645685715126
16377,2026-05-14 09:00:00+00:00,36.82,10.990152093758338
16378,2026-05-14 10:00:00+00:00,15.3825,18.791209504623684
16379,2026-05-14 11:00:00+00:00,7.8925,19.16036542696864
16380,2026-05-14 12:00:00+00:00,6.93,17.734385777907477
16381,2026-05-14 13:00:00+00:00,23.7125,20.6732161185872
16382,2026-05-14 14:00:00+00:00,77.37,48.605677479788454
16383,2026-05-14 15:00:00+00:00,112.3625,87.44311871989126
16384,2026-05-14 16:00:00+00:00,130.0775,121.3202015648123
16385,2026-05-14 17:00:00+00:00,154.215,171.61027917670904
16386,2026-05-14 18:00:00+00:00,211.5575,199.7183097157458
16387,2026-05-14 19:00:00+00:00,166.735,162.73556168053292
16388,2026-05-14 20:00:00+00:00,152.8175,142.80390316666387
16389,2026-05-14 21:00:00+00:00,136.6425,120.4777017464555
16390,2026-05-14 22:00:00+00:00,140.39499999999998,123.065328374038
16391,2026-05-14 23:00:00+00:00,134.625,117.03206173508748
16392,2026-05-15 00:00:00+00:00,129.775,108.71401942793986
16393,2026-05-15 01:00:00+00:00,125.985,106.99300316705674
16394,2026-05-15 02:00:00+00:00,128.3525,109.9869301157059
16395,2026-05-15 03:00:00+00:00,131.33,115.58492828489887
16396,2026-05-15 04:00:00+00:00,139.2625,122.78732203703854
16397,2026-05-15 05:00:00+00:00,135.72,140.71380253487865
16398,2026-05-15 06:00:00+00:00,127.03,112.43423659987293
16399,2026-05-15 07:00:00+00:00,109.515,97.13381704195375
16400,2026-05-15 08:00:00+00:00,102.4675,70.01009572077997
16401,2026-05-15 09:00:00+00:00,101.2075,74.93673257789528
16402,2026-05-15 10:00:00+00:00,103.425,75.88997945178616
16403,2026-05-15 11:00:00+00:00,101.8075,81.59524740406809
16404,2026-05-15 12:00:00+00:00,106.125,67.18265958564429
16405,2026-05-15 13:00:00+00:00,114.4625,87.5885703357249
16406,2026-05-15 14:00:00+00:00,114.65,97.13678321548436
16407,2026-05-15 15:00:00+00:00,117.7375,115.26477637263889
16408,2026-05-15 16:00:00+00:00,134.1425,139.10789116950028
16409,2026-05-15 17:00:00+00:00,153.995,169.91181294908944
16410,2026-05-15 18:00:00+00:00,171.8775,207.10203723037608
16411,2026-05-15 19:00:00+00:00,153.305,166.02449404670585
16412,2026-05-15 20:00:00+00:00,146.515,150.77329878999402
16413,2026-05-15 21:00:00+00:00,137.5925,137.92317043385327
16414,2026-05-15 22:00:00+00:00,131.4925,130.29312816816565
16415,2026-05-15 23:00:00+00:00,123.955,117.7451844233842
16416,2026-05-16 00:00:00+00:00,120.29,106.82785257385754
16417,2026-05-16 01:00:00+00:00,118.9675,103.31671158466683
16418,2026-05-16 02:00:00+00:00,116.4775,106.34019943480918
16419,2026-05-16 03:00:00+00:00,111.665,107.27793115855862
16420,2026-05-16 04:00:00+00:00,107.74000000000001,113.58589529256902
16421,2026-05-16 05:00:00+00:00,102.2625,126.78879445788748
16422,2026-05-16 06:00:00+00:00,95.8225,111.22436781110265
16423,2026-05-16 07:00:00+00:00,91.955,94.16917063726162
16424,2026-05-16 08:00:00+00:00,84.01249999999999,89.85623043195169
16425,2026-05-16 09:00:00+00:00,94.72,85.17270560953182
16426,2026-05-16 10:00:00+00:00,98.53,68.39750206410838
16427,2026-05-16 11:00:00+00:00,98.185,77.37912061466476
16428,2026-05-16 12:00:00+00:00,99.0,81.97143668974793
16429,2026-05-16 13:00:00+00:00,97.98,87.55199577526864
16430,2026-05-16 14:00:00+00:00,91.7925,92.27254439387772
16431,2026-05-16 15:00:00+00:00,95.8275,111.8743267993993
16432,2026-05-16 16:00:00+00:00,105.59,130.7058173038962
16433,2026-05-16 17:00:00+00:00,128.7125,147.71446788779355
16434,2026-05-16 18:00:00+00:00,140.85,166.85779230959707
16435,2026-05-16 19:00:00+00:00,141.0975,150.30468507627972
16436,2026-05-16 20:00:00+00:00,136.49,136.1499177502308
16437,2026-05-16 21:00:00+00:00,128.715,114.83345081659944
16438,2026-05-16 22:00:00+00:00,128.9925,105.99425233653537
16439,2026-05-16 23:00:00+00:00,119.97,100.10791036273972
16440,2026-05-17 00:00:00+00:00,116.66499999999999,97.11946430291448
16441,2026-05-17 01:00:00+00:00,115.6275,97.82364387428193
16442,2026-05-17 02:00:00+00:00,110.23750000000001,96.31724500944033
16443,2026-05-17 03:00:00+00:00,106.6425,95.6196819631447
16444,2026-05-17 04:00:00+00:00,99.94,92.78994954147075
16445,2026-05-17 05:00:00+00:00,95.6375,77.75589700502294
16446,2026-05-17 06:00:00+00:00,67.7075,78.4818816592378
16447,2026-05-17 07:00:00+00:00,19.0,35.085426072982656
16448,2026-05-17 08:00:00+00:00,3.5,38.042004187842046
16449,2026-05-17 09:00:00+00:00,0.81,35.91286316556265
16450,2026-05-17 10:00:00+00:00,10.5525,38.595585838607576
16451,2026-05-17 11:00:00+00:00,57.7375,35.84070926356397
16452,2026-05-17 12:00:00+00:00,66.20750000000001,33.18339826006298
16453,2026-05-17 13:00:00+00:00,83.46000000000001,66.54861810063964
16454,2026-05-17 14:00:00+00:00,102.295,86.79269537323124
16455,2026-05-17 15:00:00+00:00,106.16499999999999,109.76841041492875
16456,2026-05-17 16:00:00+00:00,129.35,124.67210508533222
16457,2026-05-17 17:00:00+00:00,143.93,130.4270081311376
16458,2026-05-17 18:00:00+00:00,157.775,145.28619725085267
16459,2026-05-17 19:00:00+00:00,158.075,144.29561631777594
16460,2026-05-17 20:00:00+00:00,152.13,125.9726052838927
16461,2026-05-17 21:00:00+00:00,142.57999999999998,109.50666855447733
16462,2026-05-17 22:00:00+00:00,136.59,103.24293940776055
16463,2026-05-17 23:00:00+00:00,127.61,97.07857584442614
16464,2026-05-18 00:00:00+00:00,127.725,90.33564363334716
16465,2026-05-18 01:00:00+00:00,128.32,89.96038243566248
16466,2026-05-18 02:00:00+00:00,131.2825,90.85265085831874
16467,2026-05-18 03:00:00+00:00,138.8175,100.46793410364235
16468,2026-05-18 04:00:00+00:00,154.4025,138.21256553427185
16469,2026-05-18 05:00:00+00:00,160.51500000000001,147.86358256168936
16470,2026-05-18 06:00:00+00:00,149.0,132.9233774685702
16471,2026-05-18 07:00:00+00:00,123.91,115.36955283605505
16472,2026-05-18 08:00:00+00:00,107.3175,92.51999452498481
16473,2026-05-18 09:00:00+00:00,102.995,81.87419899435679
16474,2026-05-18 10:00:00+00:00,102.4225,72.79612045024622
16475,2026-05-18 11:00:00+00:00,102.19,75.90818601532317
16476,2026-05-18 12:00:00+00:00,103.09,57.209886194097905
16477,2026-05-18 13:00:00+00:00,106.99,81.64681498736827
16478,2026-05-18 14:00:00+00:00,117.04750000000001,97.71054112426968
16479,2026-05-18 15:00:00+00:00,137.385,129.25755217967853
16480,2026-05-18 16:00:00+00:00,154.82,148.73391984529914
16481,2026-05-18 17:00:00+00:00,194.6925,194.25081878509576
16482,2026-05-18 18:00:00+00:00,255.97750000000002,220.42836346265523
16483,2026-05-18 19:00:00+00:00,217.35500000000002,212.47207228498388
16484,2026-05-18 20:00:00+00:00,162.185,148.94689440614846
16485,2026-05-18 21:00:00+00:00,151.0475,129.30950047742496
16486,2026-05-18 22:00:00+00:00,150.7025,122.07382470270107
16487,2026-05-18 23:00:00+00:00,145.37,111.59523908826445
16488,2026-05-19 00:00:00+00:00,142.91750000000002,104.23264999721518
16489,2026-05-19 01:00:00+00:00,142.29,104.40744627779532
16490,2026-05-19 02:00:00+00:00,145.8975,106.46672639226485
16491,2026-05-19 03:00:00+00:00,151.1025,117.52301535609332
16492,2026-05-19 04:00:00+00:00,168.4775,141.36243513233262
16493,2026-05-19 05:00:00+00:00,156.925,155.68524289231016
16494,2026-05-19 06:00:00+00:00,134.6625,116.54210509247163
16495,2026-05-19 07:00:00+00:00,110.04249999999999,70.93817607864807
16496,2026-05-19 08:00:00+00:00,96.9225,33.98535241526804
16497,2026-05-19 09:00:00+00:00,84.7625,35.70009991115549
16498,2026-05-19 10:00:00+00:00,75.92999999999999,34.68029933505609
16499,2026-05-19 11:00:00+00:00,76.4375,41.96459718397998
16500,2026-05-19 12:00:00+00:00,83.7975,46.46828106191251
16501,2026-05-19 13:00:00+00:00,92.9525,61.66540479965052
16502,2026-05-19 14:00:00+00:00,106.7725,79.55362101165184
16503,2026-05-19 15:00:00+00:00,132.11,102.39336169865648
16504,2026-05-19 16:00:00+00:00,149.4075,152.06179325240083
16505,2026-05-19 17:00:00+00:00,177.1575,206.63060556278322
16506,2026-05-19 18:00:00+00:00,240.22,256.65202198408593
16507,2026-05-19 19:00:00+00:00,171.29500000000002,223.8579564909047
16508,2026-05-19 20:00:00+00:00,147.6525,150.75747717897573
16509,2026-05-19 21:00:00+00:00,134.1125,132.5046476364995
16510,2026-05-19 22:00:00+00:00,135.8075,124.67950310983977
16511,2026-05-19 23:00:00+00:00,116.3275,108.18527449905592
16512,2026-05-20 00:00:00+00:00,113.02250000000001,104.30944724771008
16513,2026-05-20 01:00:00+00:00,114.5725,105.02974676904095
16514,2026-05-20 02:00:00+00:00,115.3325,106.44131014258822
16515,2026-05-20 03:00:00+00:00,123.44500000000001,117.01586370843201
16516,2026-05-20 04:00:00+00:00,138.39249999999998,129.0849973710243
16517,2026-05-20 05:00:00+00:00,139.855,150.04656017374182
16518,2026-05-20 06:00:00+00:00,122.6075,81.73866229032022
16519,2026-05-20 07:00:00+00:00,92.9975,29.63128647616916
16520,2026-05-20 08:00:00+00:00,74.7325,21.51280559883064
16521,2026-05-20 09:00:00+00:00,67.025,24.117470615468818
16522,2026-05-20 10:00:00+00:00,58.795,28.442736035158802
16523,2026-05-20 11:00:00+00:00,43.895,27.05830399692391
16524,2026-05-20 12:00:00+00:00,35.3975,38.03705870558156
16525,2026-05-20 13:00:00+00:00,47.8725,54.677305679637755
16526,2026-05-20 14:00:00+00:00,85.9075,86.17349665865206
16527,2026-05-20 15:00:00+00:00,107.44,115.38119703080716
16528,2026-05-20 16:00:00+00:00,135.23,150.9040061637159
16529,2026-05-20 17:00:00+00:00,152.3025,221.8883038859169
16530,2026-05-20 18:00:00+00:00,169.02,230.12136586013995
16531,2026-05-20 19:00:00+00:00,166.5675,217.76671442656317
16532,2026-05-20 20:00:00+00:00,151.0875,145.9800992806246
16533,2026-05-20 21:00:00+00:00,139.92,128.92530615825763
16534,2026-05-20 22:00:00+00:00,133.9975,121.9255349990625
16535,2026-05-20 23:00:00+00:00,122.6325,107.75440224136453
16536,2026-05-21 00:00:00+00:00,117.07,103.95069986343668
16537,2026-05-21 01:00:00+00:00,114.5125,102.38283813310592
16538,2026-05-21 02:00:00+00:00,117.1925,102.6434076209048
16539,2026-05-21 03:00:00+00:00,129.93,103.43092110255085
16540,2026-05-21 04:00:00+00:00,144.39749999999998,132.7398564270992
16541,2026-05-21 05:00:00+00:00,145.04,139.15468970215724
16542,2026-05-21 06:00:00+00:00,119.95,106.116009453156
16543,2026-05-21 07:00:00+00:00,83.9175,59.0122629245636
16544,2026-05-21 08:00:00+00:00,51.2775,17.14260883533357
16545,2026-05-21 09:00:00+00:00,38.7275,17.698415451820384
16546,2026-05-21 10:00:00+00:00,12.665,19.1893232293823
16547,2026-05-21 11:00:00+00:00,7.7299999999999995,22.240977050083238
16548,2026-05-21 12:00:00+00:00,9.252500000000001,26.88895076429836
16549,2026-05-21 13:00:00+00:00,36.572500000000005,25.3382927774068
16550,2026-05-21 14:00:00+00:00,74.4225,52.02924574161086
16551,2026-05-21 15:00:00+00:00,105.52,92.00582099239696
16552,2026-05-21 16:00:00+00:00,137.575,120.68738449444828
16553,2026-05-21 17:00:00+00:00,165.415,157.8753254569351
16554,2026-05-21 18:00:00+00:00,207.705,189.79309066261118
16555,2026-05-21 19:00:00+00:00,190.185,199.90342732265685
16556,2026-05-21 20:00:00+00:00,148.1775,133.33767798453792
16557,2026-05-21 21:00:00+00:00,146.41750000000002,119.8018087649239
16558,2026-05-21 22:00:00+00:00,144.26999999999998,115.17743757887645
16559,2026-05-21 23:00:00+00:00,138.70999999999998,102.07838554158322
16560,2026-05-22 00:00:00+00:00,133.8325,103.59115772843617
16561,2026-05-22 01:00:00+00:00,131.08499999999998,104.44315212483829
16562,2026-05-22 02:00:00+00:00,134.3875,103.16329607085353
16563,2026-05-22 03:00:00+00:00,137.575,106.25894035433268
16564,2026-05-22 04:00:00+00:00,144.64499999999998,132.89074741758296
16565,2026-05-22 05:00:00+00:00,127.85,146.93807298135278
16566,2026-05-22 06:00:00+00:00,122.2475,62.44646812949352
16567,2026-05-22 07:00:00+00:00,83.5375,22.672539068394855
16568,2026-05-22 08:00:00+00:00,42.8925,22.344057236505915
16569,2026-05-22 09:00:00+00:00,4.0975,19.37579319397417
16570,2026-05-22 10:00:00+00:00,0.005,25.250426857019946
16571,2026-05-22 11:00:00+00:00,0.0,24.94881024655591
16572,2026-05-22 12:00:00+00:00,1.0474999999999999,18.878392285061274
16573,2026-05-22 13:00:00+00:00,24.35,31.70623011018621
16574,2026-05-22 14:00:00+00:00,75.2125,56.2129901372301
16575,2026-05-22 15:00:00+00:00,112.9625,93.15496025170154
16576,2026-05-22 16:00:00+00:00,138.59,122.49625284596632
16577,2026-05-22 17:00:00+00:00,160.83,170.72291011013434
16578,2026-05-22 18:00:00+00:00,211.8475,207.51846206533216
16579,2026-05-22 19:00:00+00:00,188.35750000000002,187.87273434057303
16580,2026-05-22 20:00:00+00:00,155.64499999999998,148.60422350529424
16581,2026-05-22 21:00:00+00:00,141.24,129.35043571488038
16582,2026-05-22 22:00:00+00:00,138.43,121.11364098588642
16583,2026-05-22 23:00:00+00:00,132.35250000000002,106.49284646338342
16584,2026-05-23 00:00:00+00:00,128.8825,104.25717561845266
16585,2026-05-23 01:00:00+00:00,129.0775,103.37757646271652
16586,2026-05-23 02:00:00+00:00,125.095,102.71186830850183
16587,2026-05-23 03:00:00+00:00,122.8175,104.12599681171058
16588,2026-05-23 04:00:00+00:00,119.00750000000001,113.57164070842308
16589,2026-05-23 05:00:00+00:00,116.145,123.03254398663607
16590,2026-05-23 06:00:00+00:00,80.84,82.2757593914762
16591,2026-05-23 07:00:00+00:00,1.6,34.37148506754868
16592,2026-05-23 08:00:00+00:00,-0.3325,27.69393080411934
16593,2026-05-23 09:00:00+00:00,3.6475,23.78748961401787
16594,2026-05-23 10:00:00+00:00,16.15,23.73864275586292
16595,2026-05-23 11:00:00+00:00,17.6625,23.614661069877833
16596,2026-05-23 12:00:00+00:00,26.52,17.607752964577845
16597,2026-05-23 13:00:00+00:00,25.825,27.36322183476001
16598,2026-05-23 14:00:00+00:00,44.30500000000001,46.055158390631526
16599,2026-05-23 15:00:00+00:00,114.2675,90.94778065956031
16600,2026-05-23 16:00:00+00:00,147.3525,130.04498628565491
16601,2026-05-23 17:00:00+00:00,153.26,163.45920811000803
16602,2026-05-23 18:00:00+00:00,179.6125,190.5028579793171
16603,2026-05-23 19:00:00+00:00,167.53,168.03163359844305
16604,2026-05-23 20:00:00+00:00,158.2775,148.9783068171957
16605,2026-05-23 21:00:00+00:00,146.8425,114.9771330550019
16606,2026-05-23 22:00:00+00:00,146.31,105.80680967268127
16607,2026-05-23 23:00:00+00:00,135.3575,99.08571142950075
16608,2026-05-24 00:00:00+00:00,140.7875,96.91679119382653
16609,2026-05-24 01:00:00+00:00,127.72,96.98462726552746
16610,2026-05-24 02:00:00+00:00,124.97,95.94443546710656
16611,2026-05-24 03:00:00+00:00,119.4825,96.45614111416663
16612,2026-05-24 04:00:00+00:00,109.0,89.02421109428185
16613,2026-05-24 05:00:00+00:00,87.1075,66.38839332479915
16614,2026-05-24 06:00:00+00:00,12.405000000000001,32.09058172979185
16615,2026-05-24 07:00:00+00:00,-0.0275,13.62901345803849
16616,2026-05-24 08:00:00+00:00,-2.5025,-1.6712287573704367
16617,2026-05-24 09:00:00+00:00,-13.6725,-4.614169033850786
16618,2026-05-24 10:00:00+00:00,-36.9975,-3.7405522819516275
16619,2026-05-24 11:00:00+00:00,-74.595,-0.34437312810164317
16620,2026-05-24 12:00:00+00:00,-60.65,17.827057340059596
16621,2026-05-24 13:00:00+00:00,-23.1025,22.460053157264817
16622,2026-05-24 14:00:00+00:00,-1.9575,31.52817749907406
16623,2026-05-24 15:00:00+00:00,14.9875,27.336980498000134
16624,2026-05-24 16:00:00+00:00,109.085,96.54865796244758
16625,2026-05-24 17:00:00+00:00,135.445,131.1211075439137
16626,2026-05-24 18:00:00+00:00,146.37,146.62870789242572
16627,2026-05-24 19:00:00+00:00,152.6775,145.19442351560176
16628,2026-05-24 20:00:00+00:00,146.365,119.78637805059184
16629,2026-05-24 21:00:00+00:00,133.2775,103.87911500709741
16630,2026-05-24 22:00:00+00:00,133.45,99.05614233958717
16631,2026-05-24 23:00:00+00:00,129.91,92.04942960514234
16632,2026-05-25 00:00:00+00:00,129.45,89.18372684335321
16633,2026-05-25 01:00:00+00:00,130.305,88.7305449110085
16634,2026-05-25 02:00:00+00:00,133.665,87.5896844790466
16635,2026-05-25 03:00:00+00:00,135.7425,89.74587487253002
16636,2026-05-25 04:00:00+00:00,133.8275,131.35404013503128
16637,2026-05-25 05:00:00+00:00,116.1025,145.26367609963373
16638,2026-05-25 06:00:00+00:00,91.8025,63.582573261498126
16639,2026-05-25 07:00:00+00:00,5.0,28.83479152071797
16640,2026-05-25 08:00:00+00:00,-0.11249999999999999,20.120490487705315
16641,2026-05-25 09:00:00+00:00,-1.63,18.192032909460046
16642,2026-05-25 10:00:00+00:00,-5.05,20.189426884726966
16643,2026-05-25 11:00:00+00:00,-0.5225,23.532386288103552
16644,2026-05-25 12:00:00+00:00,-1.175,22.04005975341524
16645,2026-05-25 13:00:00+00:00,0.0050000000000000044,25.930901434274286
16646,2026-05-25 14:00:00+00:00,7.64,29.870478763178404
16647,2026-05-25 15:00:00+00:00,72.3175,64.96115234966364
16648,2026-05-25 16:00:00+00:00,128.305,107.18235071194644
16649,2026-05-25 17:00:00+00:00,154.09,160.4075008917512
16650,2026-05-25 18:00:00+00:00,174.695,193.25485029905286
16651,2026-05-25 19:00:00+00:00,168.97750000000002,179.13315217039187
16652,2026-05-25 20:00:00+00:00,158.6975,122.07279604368873
16653,2026-05-25 21:00:00+00:00,142.66750000000002,97.54116857406035
16654,2026-05-25 22:00:00+00:00,138.13,93.97413790585365
16655,2026-05-25 23:00:00+00:00,127.2725,93.1226719319389
16656,2026-05-26 00:00:00+00:00,122.63,91.1346468421212
16657,2026-05-26 01:00:00+00:00,123.32,91.73190841296342
16658,2026-05-26 02:00:00+00:00,121.25,92.46522238272729
16659,2026-05-26 03:00:00+00:00,130.6325,93.01791297686201
16660,2026-05-26 04:00:00+00:00,144.4625,118.54264032081186
16661,2026-05-26 05:00:00+00:00,142.63,124.40213390253354
16662,2026-05-26 06:00:00+00:00,113.375,24.549167282570494
16663,2026-05-26 07:00:00+00:00,28.525,20.334897363965002
16664,2026-05-26 08:00:00+00:00,6.6075,26.597251073497247
16665,2026-05-26 09:00:00+00:00,-0.005,28.098637104844848
16666,2026-05-26 10:00:00+00:00,-1.0350000000000001,29.00817572613624
16667,2026-05-26 11:00:00+00:00,-1.1275,28.744686418107193
16668,2026-05-26 12:00:00+00:00,-0.33999999999999997,24.89940395263354
16669,2026-05-26 13:00:00+00:00,-0.004999999999999999,23.380807199992187
16670,2026-05-26 14:00:00+00:00,3.66,19.968946690015144
16671,2026-05-26 15:00:00+00:00,83.24749999999999,39.456851650928314
16672,2026-05-26 16:00:00+00:00,132.7975,92.59608420061696
16673,2026-05-26 17:00:00+00:00,176.9975,153.968606237538
16674,2026-05-26 18:00:00+00:00,192.995,171.1211169432077
16675,2026-05-26 19:00:00+00:00,173.42,162.36942213870068
16676,2026-05-26 20:00:00+00:00,148.61,128.81618636939197
16677,2026-05-26 21:00:00+00:00,114.0625,93.06665897175266
16678,2026-05-26 22:00:00+00:00,126.825,93.11880680825796
16679,2026-05-26 23:00:00+00:00,109.6825,95.18640211491919
16680,2026-05-27 00:00:00+00:00,106.555,89.01561663490574
16681,2026-05-27 01:00:00+00:00,109.2525,85.53278586040246
16682,2026-05-27 02:00:00+00:00,109.0275,88.85658060237431
16683,2026-05-27 03:00:00+00:00,111.955,89.45886986968097
16684,2026-05-27 04:00:00+00:00,127.47,115.09098426062741
16685,2026-05-27 05:00:00+00:00,128.9625,135.81616744409507
16686,2026-05-27 06:00:00+00:00,105.08749999999999,30.20206562078849
16687,2026-05-27 07:00:00+00:00,23.810000000000002,18.841792187617724
16688,2026-05-27 08:00:00+00:00,0.0024999999999999467,21.458665537862153
16689,2026-05-27 09:00:00+00:00,0.0,29.27047121088393
16690,2026-05-27 10:00:00+00:00,-0.2975,30.22616104870235
16691,2026-05-27 11:00:00+00:00,-0.6425,32.88667797900138
16692,2026-05-27 12:00:00+00:00,-0.3375,29.963539330138502
16693,2026-05-27 13:00:00+00:00,0.21249999999999997,19.170686750707617
16694,2026-05-27 14:00:00+00:00,-12.9825,24.353128481976913
16695,2026-05-27 15:00:00+00:00,35.805,38.42930350624882
16696,2026-05-27 16:00:00+00:00,107.8425,70.907287736508
16697,2026-05-27 17:00:00+00:00,141.70499999999998,116.7200106891216
16698,2026-05-27 18:00:00+00:00,161.9,158.7605543695013
16699,2026-05-27 19:00:00+00:00,159.5875,155.78826498102018
16700,2026-05-27 20:00:00+00:00,143.95,126.55296315770985
16701,2026-05-27 21:00:00+00:00,132.5325,100.31555494784332
16702,2026-05-27 22:00:00+00:00,134.0975,99.63852808673013
16703,2026-05-27 23:00:00+00:00,130.745,98.11292934298828
16704,2026-05-28 00:00:00+00:00,129.0375,98.87858125692577
16705,2026-05-28 01:00:00+00:00,129.7,98.08586470295471
16706,2026-05-28 02:00:00+00:00,131.7325,98.44874917363673
16707,2026-05-28 03:00:00+00:00,136.7025,103.52914324414814
16708,2026-05-28 04:00:00+00:00,149.4275,122.65308783450278
16709,2026-05-28 05:00:00+00:00,138.74,142.6389157416582
16710,2026-05-28 06:00:00+00:00,122.37,52.02862727749499
16711,2026-05-28 07:00:00+00:00,68.44,21.861694788749755
16712,2026-05-28 08:00:00+00:00,14.9575,24.111513429763075
16713,2026-05-28 09:00:00+00:00,0.5675,28.419432644772336
16714,2026-05-28 10:00:00+00:00,0.0075,31.936793835260872
16715,2026-05-28 11:00:00+00:00,0.0025,29.46424741787314
16716,2026-05-28 12:00:00+00:00,0.005,24.94681955416625
16717,2026-05-28 13:00:00+00:00,1.2974999999999999,25.30997604826905
16718,2026-05-28 14:00:00+00:00,40.345,24.485319789413822
16719,2026-05-28 15:00:00+00:00,102.985,49.86955847736041
16720,2026-05-28 16:00:00+00:00,139.11,100.14570456933332
16721,2026-05-28 17:00:00+00:00,211.67000000000002,139.05694147307383
16722,2026-05-28 18:00:00+00:00,364.585,170.74005272506548
16723,2026-05-28 19:00:00+00:00,347.7925,171.9121388390078
16724,2026-05-28 20:00:00+00:00,210.0,130.60976407849287
16725,2026-05-28 21:00:00+00:00,160.7225,119.93133774172799
16726,2026-05-28 22:00:00+00:00,144.91,117.76820197095645
16727,2026-05-28 23:00:00+00:00,134.2525,113.9472130183147
16728,2026-05-29 00:00:00+00:00,128.305,105.82436276054398
16729,2026-05-29 01:00:00+00:00,126.67,104.47023715258902
16730,2026-05-29 02:00:00+00:00,125.91,107.21421622686748
16731,2026-05-29 03:00:00+00:00,125.84,116.60363488399145
16732,2026-05-29 04:00:00+00:00,132.1175,133.68594083306195
16733,2026-05-29 05:00:00+00:00,125.995,143.71744983393674
16734,2026-05-29 06:00:00+00:00,110.3375,54.440042268186126
16735,2026-05-29 07:00:00+00:00,64.6075,22.621105507881495
16736,2026-05-29 08:00:00+00:00,9.71,24.246327826878282
16737,2026-05-29 09:00:00+00:00,0.5025000000000001,21.7422901221037
16738,2026-05-29 10:00:00+00:00,0.01,28.588520299518006
16739,2026-05-29 11:00:00+00:00,-0.01,28.984537021349173
16740,2026-05-29 12:00:00+00:00,0.0925,23.581436016618223
16741,2026-05-29 13:00:00+00:00,8.375,22.625978737940407
16742,2026-05-29 14:00:00+00:00,48.2,46.40607638672352
16743,2026-05-29 15:00:00+00:00,108.01,82.65425670783006
16744,2026-05-29 16:00:00+00:00,138.585,128.09172816613366
16745,2026-05-29 17:00:00+00:00,176.56,176.43491769197828
16746,2026-05-29 18:00:00+00:00,235.4425,308.4198015373602
16747,2026-05-29 19:00:00+00:00,196.85,249.88247951259234
16748,2026-05-29 20:00:00+00:00,160.52249999999998,147.72337127425138
16749,2026-05-29 21:00:00+00:00,138.07999999999998,121.07005211968232
16750,2026-05-29 22:00:00+00:00,132.85750000000002,118.50845513512273
16751,2026-05-29 23:00:00+00:00,126.7675,110.31179237200041
16752,2026-05-30 00:00:00+00:00,122.345,96.03521466656582
16753,2026-05-30 01:00:00+00:00,120.1075,87.84491757883498
16754,2026-05-30 02:00:00+00:00,127.1025,95.94860798955102
16755,2026-05-30 03:00:00+00:00,126.61749999999999,99.35731225551926
16756,2026-05-30 04:00:00+00:00,120.1275,106.19001990518468
16757,2026-05-30 05:00:00+00:00,115.45,115.24941573567726
16758,2026-05-30 06:00:00+00:00,115.535,102.13936918682495
16759,2026-05-30 07:00:00+00:00,112.58,49.12874149711762
16760,2026-05-30 08:00:00+00:00,80.1325,18.495783216019387
16761,2026-05-30 09:00:00+00:00,40.2325,8.513865558728225
16762,2026-05-30 10:00:00+00:00,16.525000000000002,20.05205860373743
16763,2026-05-30 11:00:00+00:00,15.4475,18.771629557554057
16764,2026-05-30 12:00:00+00:00,-0.0425,12.71745990333688
16765,2026-05-30 13:00:00+00:00,3.66,17.233869513297517
16766,2026-05-30 14:00:00+00:00,7.6225000000000005,29.150477184442526
16767,2026-05-30 15:00:00+00:00,80.25,43.27386055790875
16768,2026-05-30 16:00:00+00:00,123.1875,112.91232700931646
16769,2026-05-30 17:00:00+00:00,139.39,142.3832817636465
16770,2026-05-30 18:00:00+00:00,161.29500000000002,165.0431884813185
16771,2026-05-30 19:00:00+00:00,166.4075,151.23541932892155
16772,2026-05-30 20:00:00+00:00,158.235,124.33133378653314
16773,2026-05-30 21:00:00+00:00,144.4925,109.79812100712036
16774,2026-05-30 22:00:00+00:00,138.01,104.99824073574146
16775,2026-05-30 23:00:00+00:00,130.775,99.4660461994897
16776,2026-05-31 00:00:00+00:00,128.7825,95.39382386334935
16777,2026-05-31 01:00:00+00:00,129.4025,95.67018066448013
16778,2026-05-31 02:00:00+00:00,131.59,95.97293177862458
16779,2026-05-31 03:00:00+00:00,127.6425,96.23915092642197
16780,2026-05-31 04:00:00+00:00,117.85249999999999,96.84779058387136
16781,2026-05-31 05:00:00+00:00,102.4025,94.72379557495904
16782,2026-05-31 06:00:00+00:00,80.77000000000001,68.72200793473449
16783,2026-05-31 07:00:00+00:00,36.699999999999996,30.429578660318853
16784,2026-05-31 08:00:00+00:00,5.38,33.180026773962716
16785,2026-05-31 09:00:00+00:00,0.0,31.981901822284154
16786,2026-05-31 10:00:00+00:00,-0.005,22.384116389531027
16787,2026-05-31 11:00:00+00:00,-0.01,14.433722672186436
16788,2026-05-31 12:00:00+00:00,-0.01,20.774216478057582
16789,2026-05-31 13:00:00+00:00,0.0,16.987402465757857
16790,2026-05-31 14:00:00+00:00,51.25749999999999,19.231266193223327
16791,2026-05-31 15:00:00+00:00,107.1375,72.1574820352368
16792,2026-05-31 16:00:00+00:00,139.0075,117.39798908910787
16793,2026-05-31 17:00:00+00:00,146.7325,138.73732290885116
16794,2026-05-31 18:00:00+00:00,156.7525,162.8725667909319
16795,2026-05-31 19:00:00+00:00,158.20749999999998,165.49378350239337
16796,2026-05-31 20:00:00+00:00,155.4125,136.21521352692267
16797,2026-05-31 21:00:00+00:00,147.85750000000002,116.04699849214329
16798,2026-05-31 22:00:00+00:00,138.3675,108.67956147136837
16799,2026-05-31 23:00:00+00:00,131.245,102.300679927033
16800,2026-06-01 00:00:00+00:00,126.53750000000001,97.38101310930031
16801,2026-06-01 01:00:00+00:00,124.015,97.9497821111513
16802,2026-06-01 02:00:00+00:00,124.9075,98.74614471238614
16803,2026-06-01 03:00:00+00:00,135.41,105.04902641517187
16804,2026-06-01 04:00:00+00:00,154.9475,136.31843769725268
16805,2026-06-01 05:00:00+00:00,156.285,146.37602746161133
16806,2026-06-01 06:00:00+00:00,153.95749999999998,118.02555967012741
16807,2026-06-01 07:00:00+00:00,137.5275,91.36020261164678
16808,2026-06-01 08:00:00+00:00,121.1575,71.70632172858264
16809,2026-06-01 09:00:00+00:00,114.1075,72.57698641565877
16810,2026-06-01 10:00:00+00:00,112.04,70.77308269844023
16811,2026-06-01 11:00:00+00:00,112.5325,76.2420588123851
16812,2026-06-01 12:00:00+00:00,112.315,76.72818409759032
16813,2026-06-01 13:00:00+00:00,117.395,79.90586960209382
16814,2026-06-01 14:00:00+00:00,116.1875,91.66524115323203
16815,2026-06-01 15:00:00+00:00,129.7725,124.49116528066193
16816,2026-06-01 16:00:00+00:00,146.015,145.26773344543474
16817,2026-06-01 17:00:00+00:00,220.615,189.5910012585151
16818,2026-06-01 18:00:00+00:00,340.6325,234.27547380465748
16819,2026-06-01 19:00:00+00:00,332.28499999999997,216.02017625173582
16820,2026-06-01 20:00:00+00:00,217.4025,151.05996017297778
16821,2026-06-01 21:00:00+00:00,157.9,133.51099851208133
16822,2026-06-01 22:00:00+00:00,141.6925,126.98854183418369
16823,2026-06-01 23:00:00+00:00,134.965,116.63585534095427
16824,2026-06-02 00:00:00+00:00,129.72500000000002,107.49474015578095
16825,2026-06-02 01:00:00+00:00,125.86,104.7992959982399
16826,2026-06-02 02:00:00+00:00,125.6475,104.03351550001894
16827,2026-06-02 03:00:00+00:00,129.2425,117.8286766840121
16828,2026-06-02 04:00:00+00:00,135.6975,137.01476553757567
16829,2026-06-02 05:00:00+00:00,132.355,154.42464502885983
16830,2026-06-02 06:00:00+00:00,118.92,91.09932233060192
16831,2026-06-02 07:00:00+00:00,99.3025,44.22102205696398
16832,2026-06-02 08:00:00+00:00,80.795,23.471662063230138
16833,2026-06-02 09:00:00+00:00,79.1275,28.057493897708863
16834,2026-06-02 10:00:00+00:00,72.8075,33.128411961136074
16835,2026-06-02 11:00:00+00:00,85.01,32.39516838433103
16836,2026-06-02 12:00:00+00:00,89.9925,32.46117676601845
16837,2026-06-02 13:00:00+00:00,100.2975,43.23420752902688
16838,2026-06-02 14:00:00+00:00,115.4625,61.35219314906119
16839,2026-06-02 15:00:00+00:00,133.1225,97.21438721805818
16840,2026-06-02 16:00:00+00:00,147.875,140.24230977758256
16841,2026-06-02 17:00:00+00:00,165.2275,188.57270770637626
16842,2026-06-02 18:00:00+00:00,165.1,251.01830314229883
16843,2026-06-02 19:00:00+00:00,150.505,199.73976931696302
16844,2026-06-02 20:00:00+00:00,140.405,134.07257982211107
16845,2026-06-02 21:00:00+00:00,129.6825,110.79590281338604
16846,2026-06-02 22:00:00+00:00,121.405,97.43355363032651
16847,2026-06-02 23:00:00+00:00,114.8375,95.32844244997771
16848,2026-06-03 00:00:00+00:00,112.0275,89.6112442941334
16849,2026-06-03 01:00:00+00:00,110.96000000000001,87.41546807263205
16850,2026-06-03 02:00:00+00:00,111.2325,92.9189203072769
16851,2026-06-03 03:00:00+00:00,117.345,109.11668198068551
16852,2026-06-03 04:00:00+00:00,134.8775,127.28359115363888
16853,2026-06-03 05:00:00+00:00,140.16750000000002,145.88104210704728
16854,2026-06-03 06:00:00+00:00,134.1325,97.40324849231406
16855,2026-06-03 07:00:00+00:00,118.0925,59.77045844813532
16856,2026-06-03 08:00:00+00:00,99.3075,35.27290871058628
16857,2026-06-03 09:00:00+00:00,80.09,24.33974366239326
16858,2026-06-03 10:00:00+00:00,75.6075,36.54080189393515
16859,2026-06-03 11:00:00+00:00,71.1975,54.51327731962822
16860,2026-06-03 12:00:00+00:00,95.325,77.51808327048452
16861,2026-06-03 13:00:00+00:00,110.285,91.29539077044896
16862,2026-06-03 14:00:00+00:00,120.4375,94.216597389435
16863,2026-06-03 15:00:00+00:00,115.3175,118.57400814348162
16864,2026-06-03 16:00:00+00:00,128.9125,156.0195511336477
16865,2026-06-03 17:00:00+00:00,144.96,180.5309766200702
16866,2026-06-03 18:00:00+00:00,150.905,211.43071982555756
16867,2026-06-03 19:00:00+00:00,139.8825,199.44757493797385
16868,2026-06-03 20:00:00+00:00,126.5375,139.05665329921712
16869,2026-06-03 21:00:00+00:00,103.3225,118.69153001365405
16870,2026-06-03 22:00:00+00:00,106.3125,109.90100066878036
16871,2026-06-03 23:00:00+00:00,99.825,101.43317277160902
16872,2026-06-04 00:00:00+00:00,97.4725,100.6214835857825
16873,2026-06-04 01:00:00+00:00,95.015,100.39483049518464
16874,2026-06-04 02:00:00+00:00,98.6875,98.963655497276
16875,2026-06-04 03:00:00+00:00,95.715,98.08738405433171
16876,2026-06-04 04:00:00+00:00,99.0,101.29027295269314
16877,2026-06-04 05:00:00+00:00,110.79249999999999,109.4175422216258
16878,2026-06-04 06:00:00+00:00,87.005,84.24421099393129
16879,2026-06-04 07:00:00+00:00,34.1525,73.20805120975906
16880,2026-06-04 08:00:00+00:00,4.9875,35.330857667258776
16881,2026-06-04 09:00:00+00:00,-0.165,25.048460180359225
16882,2026-06-04 10:00:00+00:00,-0.195,23.713693191396768
16883,2026-06-04 11:00:00+00:00,1.0,22.940471751053547
16884,2026-06-04 12:00:00+00:00,-0.3375,24.49694930812233
16885,2026-06-04 13:00:00+00:00,1.64,22.72047359476284
16886,2026-06-04 14:00:00+00:00,30.63,36.25943475952061
16887,2026-06-04 15:00:00+00:00,92.39500000000001,86.59558701346528
16888,2026-06-04 16:00:00+00:00,115.36500000000001,116.8147758229647
16889,2026-06-04 17:00:00+00:00,118.6075,133.01417444330897
16890,2026-06-04 18:00:00+00:00,120.465,145.74793286898966
16891,2026-06-04 19:00:00+00:00,117.22749999999999,137.30863809927195
16892,2026-06-04 20:00:00+00:00,113.29,114.37145697434973
16893,2026-06-04 21:00:00+00:00,99.25999999999999,100.48985800878589
16894,2026-06-04 22:00:00+00:00,110.33500000000001,100.09435577940125
16895,2026-06-04 23:00:00+00:00,108.6075,94.8981018774982
16896,2026-06-05 00:00:00+00:00,107.9,96.48718726139609
16897,2026-06-05 01:00:00+00:00,106.0875,96.72525750866245
16898,2026-06-05 02:00:00+00:00,101.9725,97.5978813650005
16899,2026-06-05 03:00:00+00:00,115.8675,99.74190752506716
16900,2026-06-05 04:00:00+00:00,124.85499999999999,110.62682686744472
16901,2026-06-05 05:00:00+00:00,122.255,119.4507046913306
16902,2026-06-05 06:00:00+00:00,114.415,108.32937733053086
16903,2026-06-05 07:00:00+00:00,110.6075,93.80778658801584
16904,2026-06-05 08:00:00+00:00,109.78,90.0726703779922
16905,2026-06-05 09:00:00+00:00,112.17,90.1165768580598
16906,2026-06-05 10:00:00+00:00,111.5,96.40974820622328
16907,2026-06-05 11:00:00+00:00,110.37,99.20705466107744
16908,2026-06-05 12:00:00+00:00,110.3,102.1283183495033
16909,2026-06-05 13:00:00+00:00,110.49,98.48460750546172
16910,2026-06-05 14:00:00+00:00,109.0,117.53996884491723
16911,2026-06-05 15:00:00+00:00,115.505,118.47502927411333
16912,2026-06-05 16:00:00+00:00,134.8275,126.86076367284619
16913,2026-06-05 17:00:00+00:00,152.9775,145.46383721954572
16914,2026-06-05 18:00:00+00:00,175.41,146.51913214208335
16915,2026-06-05 19:00:00+00:00,182.9,144.80323539847947
16916,2026-06-05 20:00:00+00:00,165.465,127.32102848385404
16917,2026-06-05 21:00:00+00:00,149.2175,106.48847454961903
16918,2026-06-05 22:00:00+00:00,145.1775,105.69176073576944
16919,2026-06-05 23:00:00+00:00,136.275,102.17462026180155
16920,2026-06-06 00:00:00+00:00,135.6675,101.03568613999792
16921,2026-06-06 01:00:00+00:00,116.8725,99.2591381639141
16922,2026-06-06 02:00:00+00:00,135.54,97.95243051617412
16923,2026-06-06 03:00:00+00:00,128.045,99.49606300653089
16924,2026-06-06 04:00:00+00:00,112.1275,99.18536803447977
16925,2026-06-06 05:00:00+00:00,95.715,96.60027888333435
16926,2026-06-06 06:00:00+00:00,73.5,40.11883234604404
16927,2026-06-06 07:00:00+00:00,29.975,22.644644936942424
16928,2026-06-06 08:00:00+00:00,8.9425,17.6308826860762
16929,2026-06-06 09:00:00+00:00,0.017499999999999998,17.85517955773522
16930,2026-06-06 10:00:00+00:00,-0.035,18.404931026046114
16931,2026-06-06 11:00:00+00:00,-0.027500000000000004,17.745700042935315
16932,2026-06-06 12:00:00+00:00,0.0075000000000000015,19.638500559240732
16933,2026-06-06 13:00:00+00:00,8.42,23.00773579973099
16934,2026-06-06 14:00:00+00:00,48.1325,36.66356833283668
16935,2026-06-06 15:00:00+00:00,102.7075,84.80576635214547
16936,2026-06-06 16:00:00+00:00,119.045,124.28873035635263
16937,2026-06-06 17:00:00+00:00,132.55,142.8186043159125
16938,2026-06-06 18:00:00+00:00,141.54000000000002,164.07768504595973
16939,2026-06-06 19:00:00+00:00,139.0775,162.62459384544547
16940,2026-06-06 20:00:00+00:00,131.3425,138.87521600390562
16941,2026-06-06 21:00:00+00:00,127.4025,115.29959446101495
16942,2026-06-06 22:00:00+00:00,117.3475,106.80834812075378
16943,2026-06-06 23:00:00+00:00,105.22,100.40846121573006
16944,2026-06-07 00:00:00+00:00,98.11,97.92069988835924
16945,2026-06-07 01:00:00+00:00,91.8575,97.680290050683
16946,2026-06-07 02:00:00+00:00,92.8075,98.73246069746
16947,2026-06-07 03:00:00+00:00,93.3025,98.89026586664943
16948,2026-06-07 04:00:00+00:00,92.71000000000001,89.21022452350702
16949,2026-06-07 05:00:00+00:00,41.512499999999996,65.44613346453329
16950,2026-06-07 06:00:00+00:00,1.8674999999999997,59.05241270903128
16951,2026-06-07 07:00:00+00:00,-5.08,21.441176671435002
16952,2026-06-07 08:00:00+00:00,-1.2475,15.444384415820114
16953,2026-06-07 09:00:00+00:00,-3.5374999999999996,7.632503161027039
16954,2026-06-07 10:00:00+00:00,-0.4,9.828215288271377
16955,2026-06-07 11:00:00+00:00,0.0,10.959063716657857
16956,2026-06-07 12:00:00+00:00,0.0025,17.499392303257434
16957,2026-06-07 13:00:00+00:00,0.0024999999999999467,25.742042358294388
16958,2026-06-07 14:00:00+00:00,-0.6799999999999997,54.476994031435304
16959,2026-06-07 15:00:00+00:00,72.7525,81.95967317964303
16960,2026-06-07 16:00:00+00:00,109.59,87.33097490872004
16961,2026-06-07 17:00:00+00:00,112.56,94.0224193880874
16962,2026-06-07 18:00:00+00:00,123.4625,94.57197181713937
16963,2026-06-07 19:00:00+00:00,132.2525,86.34137395933816
16964,2026-06-07 20:00:00+00:00,138.7125,131.14170447208616
16965,2026-06-07 21:00:00+00:00,135.9975,122.40098182908943
16966,2026-06-07 22:00:00+00:00,138.185,112.40712992567222
16967,2026-06-07 23:00:00+00:00,131.69,105.21016324362675
16968,2026-06-08 00:00:00+00:00,125.9125,100.8771140540695
16969,2026-06-08 01:00:00+00:00,121.385,100.45655108839908
16970,2026-06-08 02:00:00+00:00,121.795,101.85265352710933
16971,2026-06-08 03:00:00+00:00,124.4475,103.73095418573324
16972,2026-06-08 04:00:00+00:00,136.64,139.0339317151779
16973,2026-06-08 05:00:00+00:00,135.8375,141.74675921869576
16974,2026-06-08 06:00:00+00:00,119.3175,111.46044577370705
16975,2026-06-08 07:00:00+00:00,91.69,101.3151367408082
16976,2026-06-08 08:00:00+00:00,68.3575,96.56440157724893
16977,2026-06-08 09:00:00+00:00,51.46,97.69262503615812
16978,2026-06-08 10:00:00+00:00,50.2125,97.52266772455769
16979,2026-06-08 11:00:00+00:00,50.2725,97.84888699982491
16980,2026-06-08 12:00:00+00:00,62.4675,100.63324022774752
16981,2026-06-08 13:00:00+00:00,79.8175,99.52527435107177
16982,2026-06-08 14:00:00+00:00,100.42750000000001,99.2565612296732
16983,2026-06-08 15:00:00+00:00,125.475,107.2833732835718
16984,2026-06-08 16:00:00+00:00,150.5875,118.7620947650662
16985,2026-06-08 17:00:00+00:00,188.275,117.7478523809194
16986,2026-06-08 18:00:00+00:00,200.485,114.40601971073524
16987,2026-06-08 19:00:00+00:00,173.70499999999998,102.6083915290585
16988,2026-06-08 20:00:00+00:00,142.5525,150.72484314143884
16989,2026-06-08 21:00:00+00:00,130.4375,133.89305971322722
16990,2026-06-08 22:00:00+00:00,148.02,128.20748771063975
16991,2026-06-08 23:00:00+00:00,129.45,122.66134597371007
16992,2026-06-09 00:00:00+00:00,122.84,112.17409728800618
16993,2026-06-09 01:00:00+00:00,119.31,114.11801020735733
16994,2026-06-09 02:00:00+00:00,117.83,116.30920286632102
16995,2026-06-09 03:00:00+00:00,110.08,116.56177648232568
16996,2026-06-09 04:00:00+00:00,129.75,133.2877502817449
16997,2026-06-09 05:00:00+00:00,146.6,150.40764458568398
16998,2026-06-09 06:00:00+00:00,141.32,119.9025983812876
16999,2026-06-09 07:00:00+00:00,133.81,109.1588165508288
17000,2026-06-09 08:00:00+00:00,101.32,107.14635164288622
17001,2026-06-09 09:00:00+00:00,88.25,103.49523469839745
17002,2026-06-09 10:00:00+00:00,54.4,103.31118568362847
17003,2026-06-09 11:00:00+00:00,82.68,103.180689229665
17004,2026-06-09 12:00:00+00:00,92.96,102.14468767841383
17005,2026-06-09 13:00:00+00:00,101.58,105.36332814917152
17006,2026-06-09 14:00:00+00:00,104.45,104.96827110705699
17007,2026-06-09 15:00:00+00:00,143.69,109.7888588780323
17008,2026-06-09 16:00:00+00:00,106.84,121.0471390628329
17009,2026-06-09 17:00:00+00:00,130.24,118.95770187839348
17010,2026-06-09 18:00:00+00:00,156.05,116.34830012218063
17011,2026-06-09 19:00:00+00:00,160.76,106.41295826789849
17012,2026-06-09 20:00:00+00:00,154.35,148.1082375581613
17013,2026-06-09 21:00:00+00:00,145.2,131.4068839057099
17014,2026-06-09 22:00:00+00:00,,125.68235388704633
17015,2026-06-09 23:00:00+00:00,,117.99247751396304
17016,2026-06-10 00:00:00+00:00,,116.68400448343958
17017,2026-06-10 01:00:00+00:00,,116.6953577383076
17018,2026-06-10 02:00:00+00:00,,117.63479412196997
17019,2026-06-10 03:00:00+00:00,,118.07544508982781
17020,2026-06-10 04:00:00+00:00,,130.37104629543398
17021,2026-06-10 05:00:00+00:00,,149.48405485547917
17022,2026-06-10 06:00:00+00:00,,120.09982778047188
17023,2026-06-10 07:00:00+00:00,,105.68605292778459
17024,2026-06-10 08:00:00+00:00,,102.78385141463197
17025,2026-06-10 09:00:00+00:00,,98.93584249061892
17026,2026-06-10 10:00:00+00:00,,97.27688129483879
17027,2026-06-10 11:00:00+00:00,,101.52421117518178
17028,2026-06-10 12:00:00+00:00,,101.23081547794916
17029,2026-06-10 13:00:00+00:00,,99.00192781768328
17030,2026-06-10 14:00:00+00:00,,102.26747690250949
17031,2026-06-10 15:00:00+00:00,,106.56927973663375
17032,2026-06-10 16:00:00+00:00,,116.64853107287814
17033,2026-06-10 17:00:00+00:00,,115.69402682813273
17034,2026-06-10 18:00:00+00:00,,113.32015275995785
17035,2026-06-10 19:00:00+00:00,,106.60957479418988
17036,2026-06-10 20:00:00+00:00,,144.27458813006143
17037,2026-06-10 21:00:00+00:00,,131.15047663248225
17038,2026-06-10 22:00:00+00:00,,127.64008141422237
17039,2026-06-10 23:00:00+00:00,,120.44718781301962
